POSTAL,LATITUDE,LONGITUDE
677790,1.372777423,103.7731735
126899,1.31268334,103.7557119
637792,1.296299213,103.62562
628468,1.326831109,103.6957784
618616,1.33584294,103.7217483
669738,1.360639248,103.7619755
599433,1.335281375,103.7700025
739664,1.41725849,103.7597017
597886,1.343616649,103.7713448
641208,1.346574753,103.7144271
640664,1.339517474,103.7031616
288633,1.334187901,103.8043885
267899,1.316318901,103.7984441
289050,1.334951144,103.8080098
598001,1.31817797,103.7754652
658280,1.368681112,103.7511967
639510,1.329144119,103.6524801
119166,1.280537498,103.7885341
267666,1.324925842,103.7953811
277616,1.328615256,103.7933112
589842,1.337482235,103.7880399
653451,1.352767327,103.7430111
598162,1.336373491,103.7660353
637911,1.337135951,103.6910533
638135,1.339102387,103.6914914
638281,1.337759123,103.6923894
143096,1.295996835,103.8128364
677637,1.391316875,103.754015
650179,1.345812286,103.7422102
688512,1.392230335,103.7516805
588727,1.336100365,103.7878488
268168,1.317225511,103.8046874
269305,1.321201674,103.7963011
278255,1.31070265,103.7971454
628607,1.327304782,103.7008777
117559,1.295467181,103.779774
658716,1.339228797,103.7614668
287894,1.3331669,103.7991417
639641,1.352632591,103.6875968
129098,1.321628938,103.7580997
668980,1.359173153,103.7607913
599115,1.334533917,103.7675874
627812,1.265808793,103.6786642
587989,1.33928134,103.7834421
269208,1.324354773,103.8029516
288950,1.330889012,103.8075715
627486,1.315627551,103.7013494
278508,1.309109828,103.7974291
652449,1.351978864,103.7410812
287853,1.332678392,103.799899
597173,1.324108777,103.767964
658388,1.369757144,103.7526312
658350,1.369713441,103.7515623
276763,1.330555504,103.791815
629196,1.313331357,103.6695364
129007,1.320429804,103.7557532
278263,1.310735331,103.7968866
669910,1.357541539,103.7602878
649815,1.344486159,103.7166959
266158,1.322482878,103.8041599
286996,1.336710523,103.8052516
678274,1.368766177,103.7770594
729500,1.408923546,103.7427838
288852,1.330853604,103.8001878
651536,1.355296457,103.7515401
589830,1.336563103,103.7869306
619094,1.318645133,103.7191758
268053,1.322894338,103.8104563
599624,1.342116075,103.7725908
588387,1.340886472,103.7795622
598003,1.338668382,103.7712569
598524,1.34324916,103.7674342
599315,1.333487282,103.7670492
266173,1.321970875,103.8027846
118163,1.280777201,103.7869797
658881,1.341425205,103.7599664
628588,1.324536906,103.6972415
677671,1.378616545,103.7626155
277692,1.311710802,103.7942804
279297,1.322179983,103.7867281
599508,1.324253025,103.7734704
669933,1.357506801,103.7592327
127816,1.314843021,103.7557478
677739,1.382433919,103.7608682
629115,1.324768791,103.6744847
689580,1.396842721,103.7467399
718877,1.444970927,103.7147793
658251,1.368393609,103.752143
138497,1.291871896,103.7937006
276693,1.316579463,103.7784316
118600,1.280474429,103.7847331
627833,1.281586525,103.678615
127736,1.312907711,103.7578555
629500,1.315083362,103.6639676
640911,1.341818371,103.6868369
658437,1.369526131,103.7520274
119609,1.291608687,103.7734664
279622,1.311173274,103.786687
128984,1.32316796,103.7552875
639701,1.346425501,103.6846788
266329,1.323573565,103.7993344
276130,1.325410957,103.7847675
278744,1.310230891,103.8002777
599078,1.333892906,103.7681946
636790,1.270127953,103.6284994
117477,1.288499352,103.7770202
589841,1.338532161,103.787644
648336,1.338957813,103.7049922
288789,1.33325757,103.8018775
127969,1.316209458,103.7568754
278799,1.31742998,103.7834234
599781,1.334632057,103.7708831
658385,1.370107824,103.7524773
658383,1.370104941,103.752421
658346,1.369708247,103.7514054
658365,1.370076922,103.7518922
279426,1.324659453,103.7870099
669448,1.354232352,103.759068
287195,1.331268598,103.8098335
129459,1.318570558,103.7578117
288453,1.326726978,103.8106887
596493,1.33734834,103.7706403
596514,1.337025175,103.7723742
739487,1.435666569,103.7542611
597966,1.343403403,103.7730037
658236,1.368052143,103.7525309
658248,1.368037196,103.7522078
658242,1.368044622,103.7523682
588824,1.338203665,103.7864027
588735,1.336210506,103.7874533
641638,1.34195861,103.6975931
599074,1.334132239,103.7681482
269798,1.319885523,103.7966014
638151,1.339549989,103.6910959
588948,1.340164957,103.7800408
128756,1.308194673,103.7645305
739661,1.417250413,103.7592993
596338,1.342816489,103.7745993
289901,1.32808517,103.8125668
668666,1.357947867,103.7609122
276202,1.312439042,103.7821573
276364,1.310745363,103.7987541
679642,1.371890961,103.7669835
688282,1.390864025,103.7521159
287998,1.335358256,103.7955934
658367,1.370079693,103.7519436
266269,1.321205586,103.7915939
268475,1.321201933,103.7916494
650126,1.351923241,103.746722
678357,1.358527975,103.7685258
611150,1.326753463,103.7221612
128533,1.305787478,103.765213
117844,1.277714549,103.7897104
658777,1.339784124,103.7613988
287736,1.327784909,103.8088888
596286,1.335529912,103.7710011
648844,1.350751353,103.7001704
118701,1.28972694,103.7745439
267164,1.3231249,103.7981443
669106,1.359262414,103.7576024
650466,1.357102178,103.7427435
141094,1.296274834,103.8112064
276678,1.32407858,103.7929447
269053,1.32467414,103.8023026
640187,1.345057736,103.7106998
128989,1.32297899,103.7548045
120454,1.312269291,103.7664304
120462,1.31109876,103.7659064
120459,1.311389416,103.7670932
287981,1.339684188,103.7924665
598846,1.340740056,103.7653066
670229,1.375262988,103.7716565
689668,1.386838574,103.7447817
128146,1.308587492,103.7629536
289042,1.334734583,103.8080818
279018,1.314599353,103.7842213
119521,1.27960383,103.7929723
588197,1.352740986,103.7676268
127921,1.316367859,103.7564563
628880,1.331064908,103.6894567
588644,1.343800141,103.7879507
600414,1.320083142,103.7472473
278463,1.308376834,103.799145
598318,1.332333735,103.7788049
688573,1.391304261,103.7511437
288622,1.332480059,103.803028
129543,1.317982878,103.7592151
677737,1.387822833,103.7601288
286912,1.337878147,103.8056866
286911,1.337870679,103.8056411
669112,1.359024126,103.7573808
729330,1.41021231,103.7518922
599906,1.336571736,103.7732564
637543,1.29778121,103.6317549
638930,1.320399986,103.6413668
619706,1.335776756,103.7175895
638953,1.318721363,103.6458396
267379,1.324753866,103.79449
688692,1.391235903,103.752677
275960,1.326201153,103.7911207
658646,1.370623939,103.7514655
678831,1.3609875,103.7678511
739883,1.41533476,103.7594246
598618,1.34194727,103.7712802
127392,1.311400917,103.7580668
126826,1.294645419,103.7671676
127335,1.294203479,103.768414
278903,1.313592888,103.779095
698992,1.39569676,103.7298684
588036,1.337364427,103.783656
688497,1.392409686,103.7505892
268790,1.32825733,103.7953969
286861,1.336762804,103.8061492
286853,1.33633427,103.8062157
266091,1.321246015,103.8022043
278569,1.312135221,103.799011
640552,1.352752905,103.7177634
640554,1.353234801,103.7178661
628382,1.299092309,103.6647818
278003,1.31095891,103.7973523
640910,1.342055197,103.6862886
677994,1.39803853,103.7545757
128466,1.305564229,103.7592759
288479,1.327504937,103.8098641
596490,1.338031819,103.7706271
286992,1.336690734,103.8051401
278483,1.308508107,103.798027
278487,1.308590525,103.7979387
279363,1.319658497,103.7869548
608974,1.30398353,103.741073
128628,1.308348542,103.7619634
688415,1.390569509,103.7508885
637671,1.292277192,103.6242211
650422,1.362189055,103.7457749
658382,1.36975014,103.7524719
127316,1.293905075,103.7666932
266285,1.320899158,103.791783
600035,1.31955256,103.7426448
266938,1.322917341,103.8075627
127445,1.317937911,103.7508223
598581,1.340560545,103.7741763
638715,1.314712979,103.6460844
629605,1.321067171,103.6721185
286747,1.329204246,103.805211
286859,1.33665556,103.8061656
691128,1.357932376,103.7338778
691131,1.356605564,103.7333656
692125,1.359552598,103.7355427
641239,1.341760806,103.7107676
289721,1.335838635,103.8039159
683807,1.376156002,103.7458213
278671,1.330274945,103.7881041
658374,1.369739901,103.7522566
658376,1.369742223,103.7523079
629831,1.333894736,103.7040845
658080,1.338581626,103.7570568
677689,1.370888911,103.7728548
677685,1.37062816,103.7734585
677684,1.370675997,103.7734318
598321,1.33301209,103.7786143
669058,1.360014307,103.7586714
680210,1.382525506,103.7479371
680217,1.383356942,103.746606
680226,1.38115995,103.7452927
276819,1.317643158,103.781008
589204,1.341759978,103.7853538
288253,1.334185856,103.8032663
268253,1.322844884,103.7970604
618398,1.339639085,103.7178467
638520,1.312897216,103.6562185
289370,1.33599279,103.8064299
681611,1.400448246,103.743712
277569,1.332049901,103.7928555
638145,1.339316209,103.6911544
268573,1.323383027,103.7937907
289558,1.336011424,103.8013598
729571,1.410668862,103.7453909
118780,1.29240058,103.7683835
118783,1.29240058,103.7683835
129173,1.323238023,103.755778
117436,1.291260567,103.7725276
609917,1.329060629,103.7486679
670475,1.38894624,103.7726372
596137,1.334585329,103.7788464
143041,1.296892979,103.8068218
127661,1.318120963,103.7550181
119549,1.279939274,103.790549
266943,1.322586059,103.8073199
267840,1.314046821,103.7980279
279869,1.332613821,103.7914574
739826,1.41549627,103.7574673
638222,1.338288394,103.6901603
117553,1.295467181,103.779774
597770,1.343327913,103.7722792
260007,1.31624053,103.8056367
266941,1.321950441,103.8073956
658309,1.368619739,103.7522391
677851,1.372489264,103.7724336
629761,1.326736397,103.6867444
602240,1.340896293,103.7426838
279042,1.314232845,103.7832326
266927,1.322740373,103.8079728
679237,1.36918636,103.7689453
637941,1.337750465,103.6918321
637922,1.336752303,103.6908306
288124,1.340294519,103.7909177
277343,1.317930455,103.7828485
679775,1.371330235,103.7683874
629830,1.333817695,103.7040845
678214,1.36783212,103.7663859
599327,1.334472475,103.7703453
286684,1.328440496,103.8057167
277011,1.315751192,103.7862231
600351,1.344832356,103.7307783
600352,1.344922895,103.7304008
600353,1.344423923,103.730508
269895,1.319367479,103.8006672
278921,1.314485143,103.78073
118527,1.275030169,103.7948291
637949,1.337623523,103.6915583
652448,1.353149,103.7408466
119691,1.279896143,103.788542
279131,1.311838758,103.7851385
269541,1.323123462,103.8096421
121432,1.314238622,103.7631164
627617,1.318376822,103.6993518
669952,1.357937836,103.7574314
618379,1.33962472,103.7171857
637876,1.29809243,103.6309953
127162,1.310884676,103.7627451
287732,1.3274132,103.8087886
668667,1.357917386,103.7609622
117996,1.280685608,103.7916501
268127,1.319393115,103.8077366
658012,1.369011206,103.7531656
117351,1.271532397,103.7933799
277697,1.311969568,103.7943657
658728,1.33909762,103.7610331
670413,1.382303528,103.7688012
119536,1.279392657,103.7911067
117652,1.280146115,103.7895756
287692,1.329050108,103.8075324
596792,1.338932232,103.7646016
698925,1.375520548,103.7189288
658473,1.371060273,103.7511628
588613,1.337843263,103.7887724
629931,1.315510209,103.679532
728685,1.409475716,103.7445463
267234,1.324643084,103.7966495
649849,1.339174834,103.7086556
279694,1.332074774,103.792483
119725,1.279881121,103.7874132
678818,1.359818983,103.7678487
658435,1.369523065,103.7519711
119635,1.291702025,103.7728379
619774,1.325494857,103.7223303
651411,1.363911883,103.7456621
267974,1.320454232,103.8051693
286801,1.329084686,103.8053878
286743,1.329056023,103.8054321
286742,1.329028284,103.8054775
597030,1.342916934,103.7743613
658351,1.370054546,103.7514673
286638,1.328501162,103.8088927
118728,1.291031514,103.7711129
127146,1.310308812,103.7613491
118547,1.276151946,103.7930851
598216,1.335571304,103.7723218
127532,1.31683964,103.7543727
289757,1.345741202,103.7899156
279121,1.31153642,103.7847684
588728,1.335736159,103.7877157
648463,1.351427478,103.6986683
678150,1.373472475,103.7631207
596616,1.337627876,103.7657208
287687,1.328960226,103.8081232
680812,1.372481975,103.7455243
279264,1.322106034,103.7847031
279340,1.32079108,103.7872172
138821,1.293342941,103.7975205
288426,1.328099617,103.811266
119379,1.278515598,103.7896001
279760,1.324265154,103.7840735
278183,1.310016915,103.7981258
269635,1.312752525,103.8000439
639643,1.352629662,103.6877977
278701,1.324635681,103.7851687
129785,1.310945811,103.772769
289967,1.337146921,103.8155639
639670,1.351385903,103.6861764
637655,1.289424238,103.6465817
629019,1.328797761,103.6738267
648351,1.351018055,103.6971903
611117,1.335374415,103.7234756
698930,1.372757993,103.7166185
708972,1.388720678,103.699205
650465,1.357950977,103.7426957
598204,1.335363627,103.7716902
596324,1.34224751,103.7744831
637131,1.279410287,103.6259817
269870,1.315692365,103.7988619
678825,1.360514254,103.767823
598840,1.340610792,103.7651838
138824,1.293041175,103.7981498
128995,1.323598927,103.7551808
637803,1.295743553,103.6246476
128609,1.308526961,103.7615101
128622,1.308328964,103.7617906
286704,1.328575576,103.8057417
628716,1.331169785,103.7012417
277953,1.317012643,103.7867786
689392,1.377831137,103.7580703
589111,1.338162189,103.7854019
628917,1.328791936,103.6951098
597571,1.346747845,103.7646038
287143,1.33024619,103.8091873
596246,1.33604984,103.7707925
599746,1.343641748,103.7750323
276860,1.314708257,103.7845286
269107,1.32401297,103.8059035
639546,1.34704403,103.6855352
118561,1.277539825,103.7892618
627847,1.333097026,103.6945931
670508,1.386345394,103.7688318
598451,1.345658991,103.7652422
118673,1.288697484,103.7763601
129207,1.323390707,103.7570748
127319,1.294022683,103.7664005
277087,1.316785709,103.7810555
679191,1.3667032,103.7683023
677811,1.372507302,103.7738613
638045,1.306904718,103.6302771
688669,1.392398468,103.7524892
127474,1.317191737,103.7533397
650641,1.348991526,103.7513582
286954,1.336167991,103.8053921
678076,1.359999128,103.767551
277807,1.32961557,103.7943677
728652,1.409575822,103.7562349
588315,1.339823772,103.7855122
629585,1.316089816,103.6600806
618687,1.33230771,103.7156835
119936,1.277664591,103.797743
619337,1.308738546,103.7223559
619338,1.308738546,103.7223559
266902,1.324218832,103.8089368
597114,1.325823397,103.7655968
276481,1.330547936,103.7949351
267843,1.315589529,103.7976545
680235,1.379756644,103.7487492
718898,1.441220887,103.7301851
127363,1.296062134,103.7686245
126811,1.296244925,103.7677114
276782,1.316940864,103.7804504
278631,1.319507346,103.7815175
680549,1.393390172,103.7427471
269034,1.321824946,103.8063888
597752,1.34321844,103.7728652
277122,1.317553072,103.7807247
277941,1.31642414,103.7875067
279911,1.319379642,103.7849176
279329,1.320010561,103.7868772
598331,1.334250733,103.7800207
599143,1.334105591,103.7670601
599026,1.336919883,103.7701626
598479,1.34413415,103.7675935
598849,1.340766768,103.7667576
266733,1.322800863,103.8110235
629033,1.326276741,103.6773297
611175,1.331952223,103.721514
638139,1.33919214,103.6913416
278708,1.312742492,103.7911964
598304,1.333986239,103.7792062
277962,1.317478907,103.7863143
287257,1.327952943,103.8074907
117940,1.27911961,103.7904397
266188,1.322106565,103.8026965
597902,1.344280293,103.7714989
289568,1.335457545,103.7995846
596655,1.338451369,103.7690931
269907,1.31339278,103.7991496
129794,1.293416187,103.7683647
658332,1.368993469,103.7527872
673443,1.380570531,103.7697327
629834,1.334127895,103.7040846
650147,1.349577518,103.7436013
609263,1.300007633,103.753874
266516,1.319832586,103.8018695
668762,1.359437839,103.7622961
277618,1.32840952,103.7932073
669646,1.371895917,103.7592651
739628,1.416529636,103.7582713
129357,1.31858571,103.7582086
637275,1.317716057,103.62916
278738,1.309159939,103.8025174
609124,1.321360805,103.7348787
588135,1.346408059,103.7708772
677989,1.397898032,103.7536305
679823,1.36996031,103.7688606
588774,1.335244053,103.788395
598178,1.335686229,103.765282
588087,1.339456272,103.78143
588091,1.339543227,103.7815166
628744,1.331671221,103.6939292
267355,1.324202388,103.7956812
627721,1.271674511,103.6831882
138562,1.292384244,103.7946858
682488,1.376973982,103.7392932
279461,1.320977924,103.7869678
289714,1.335823694,103.8034258
600348,1.344566434,103.7310696
597441,1.325153135,103.7653292
627804,1.307948206,103.671988
638741,1.314112367,103.6442478
596659,1.33805726,103.76911
268104,1.3204998,103.80765
679824,1.369988246,103.7689075
597593,1.316937155,103.7749101
278421,1.310095497,103.7989586
129421,1.320427169,103.7564527
288794,1.332913231,103.801398
272014,1.309265976,103.7892734
270017,1.309892259,103.7874322
271007,1.311134932,103.7875571
119550,1.279964718,103.7904987
678601,1.367688036,103.7694298
267359,1.32428204,103.7954776
277977,1.311765665,103.7984592
637623,1.300404025,103.6264017
267017,1.316018346,103.7922414
589385,1.348571191,103.788564
589869,1.339917452,103.7880536
276816,1.317529788,103.7811282
650391,1.365853749,103.7527285
597961,1.343396717,103.7733047
698943,1.379630546,103.7242898
276360,1.310844552,103.7988291
267621,1.326802515,103.7981542
275793,1.324006309,103.785691
679308,1.370604449,103.7707388
637466,1.308147401,103.6275895
596351,1.344616632,103.7738772
618821,1.335316201,103.7111649
275915,1.326879264,103.7910237
275916,1.326879264,103.7910237
275917,1.326879264,103.7910237
629973,1.320331889,103.6914615
618472,1.340178519,103.7191567
629455,1.316559785,103.6754549
599070,1.334436403,103.7681119
288514,1.326156177,103.8100097
588389,1.340962999,103.7796559
138592,1.307001309,103.7733009
650239,1.350239139,103.7551009
289051,1.336181305,103.8078728
679643,1.371961059,103.7669424
289405,1.333364061,103.8075918
138686,1.306109721,103.7833599
118229,1.290207978,103.788268
119280,1.300342332,103.7736121
278730,1.309563432,103.8027633
128248,1.30800732,103.7563822
636910,1.274185918,103.6373181
269188,1.323676569,103.8000375
289019,1.335030079,103.8076472
668708,1.359042698,103.7592495
289073,1.336397341,103.8080784
618594,1.326225127,103.7206715
587788,1.346752631,103.7771458
650320,1.361206731,103.7469292
627710,1.224206621,103.6733293
268245,1.322633632,103.7966915
679137,1.366882659,103.7688606
641217,1.349757685,103.7112964
276380,1.310333644,103.7980435
677792,1.372744468,103.7732266
598591,1.34055525,103.7732376
266114,1.322442774,103.8026081
140035,1.297556962,103.8050588
141057,1.296328449,103.8044471
278029,1.308666811,103.7988024
289319,1.332768948,103.8066293
639184,1.325996801,103.6476731
669893,1.357665154,103.7605773
598896,1.335049962,103.7660957
650262,1.350623615,103.75933
650503,1.351441493,103.7536967
110011,1.285543872,103.7776276
119168,1.280537498,103.7885341
610352,1.339365794,103.7201844
619894,1.337401339,103.7123149
278004,1.310951373,103.7973008
117489,1.280709388,103.7853232
268988,1.324560204,103.807057
641629,1.343000958,103.6995093
729464,1.417501781,103.7417859
288519,1.327224632,103.8112058
289084,1.328349839,103.8052182
618425,1.340240345,103.7182317
127375,1.308689935,103.761418
598858,1.341103371,103.7658025
597365,1.326766671,103.7683422
269707,1.323835122,103.8099996
640678,1.345378503,103.7041552
588634,1.343386298,103.788524
619398,1.324601288,103.7290477
118638,1.2862834,103.7796626
637091,1.270657897,103.6320502
677899,1.38055128,103.760107
627784,1.308652926,103.6737932
609039,1.29983914,103.7389467
119014,1.286812564,103.7929934
636861,1.324436358,103.6433317
279912,1.319707224,103.7849931
276657,1.318743519,103.7886871
288917,1.329285043,103.8073234
289054,1.336515317,103.8078305
288970,1.333340411,103.8078325
639693,1.345705221,103.6841747
639694,1.345705221,103.6841747
629923,1.313938761,103.67962
629049,1.323206156,103.6732115
668726,1.359589509,103.7581658
267706,1.326598502,103.7975056
120503,1.311803089,103.7597514
619100,1.31617943,103.7203418
688645,1.393077585,103.752384
658588,1.37051051,103.7508289
589332,1.347205197,103.776308
267799,1.323220617,103.7928419
639463,1.327817473,103.655777
128763,1.308695934,103.7642931
658845,1.339000898,103.7618824
637849,1.308943808,103.6310046
629943,1.313651718,103.6802859
668286,1.376960117,103.7584368
589419,1.346916959,103.7881538
589420,1.346977275,103.7881456
589327,1.347055566,103.7765539
118521,1.276466703,103.7962789
678950,1.372388006,103.7646866
611140,1.327353468,103.7231349
679255,1.369430669,103.7684022
670271,1.377148327,103.7740238
670248,1.381371647,103.774299
287796,1.332981524,103.7999672
128156,1.308680825,103.7632619
266926,1.322742994,103.8080889
268982,1.324425325,103.8082078
638000,1.339260692,103.6902146
266920,1.323754428,103.8080779
637418,1.316567596,103.6281748
641262,1.345659089,103.7072552
267939,1.316090219,103.8023
267940,1.316023396,103.8022802
118284,1.285849423,103.7962144
628419,1.306659883,103.6585138
277469,1.32025711,103.7885889
688776,1.392053819,103.7508904
278368,1.317182122,103.7862725
267386,1.32531194,103.7940889
648261,1.351801782,103.6977108
678869,1.37151061,103.7642489
118700,1.289691771,103.774611
269483,1.32140905,103.8047103
289697,1.333925356,103.8031121
678051,1.358971589,103.7676767
608546,1.335035167,103.7398017
128289,1.311061572,103.7540306
639025,1.331623731,103.6434744
118549,1.27686888,103.7931768
639344,1.317257702,103.6546824
597430,1.328745808,103.7700731
287250,1.327508225,103.8076593
128735,1.308248435,103.7637428
279380,1.323974868,103.7878072
672629,1.386038924,103.759387
288961,1.331576251,103.8078417
118810,1.269911773,103.7961294
629841,1.333895576,103.7037583
627675,1.333818481,103.7037584
289160,1.33431216,103.805538
267376,1.325076065,103.7946142
638766,1.315684513,103.6538223
117344,1.279269617,103.7850058
640846,1.345397945,103.6917023
670631,1.386478067,103.7602565
670630,1.386685483,103.7597589
130025,1.306038797,103.7820541
286755,1.328952872,103.8058105
688292,1.390923985,103.7518529
599112,1.333782361,103.7679859
658722,1.339155939,103.7612259
609286,1.301219898,103.7467119
589181,1.342500946,103.7854326
589097,1.336832191,103.7852069
637270,1.31784868,103.6288052
681541,1.393064096,103.7447563
688565,1.391249843,103.7513894
640540,1.350592139,103.7153486
596925,1.337772151,103.7653069
118363,1.235815215,103.744546
659081,1.357795561,103.7531685
279561,1.322811535,103.7869203
266918,1.323128771,103.8082281
613339,1.338514379,103.721678
610354,1.339157885,103.7209314
276220,1.312847646,103.7818977
729910,1.406780491,103.7597519
597521,1.324982558,103.7649591
286994,1.336699563,103.8051938
637634,1.352468372,103.6816405
598787,1.340296913,103.7660572
599339,1.33303133,103.7687216
657992,1.356123649,103.7412459
609271,1.297003538,103.7521786
267644,1.325444157,103.7967143
117624,1.281461672,103.7845047
677768,1.372018723,103.7732595
719911,1.44774210489076,103.70992504834
719830,1.42294242683127,103.722086795982
588668,1.335103173,103.7878282
618683,1.331501999,103.7159679
119525,1.2782862,103.7916628
126985,1.314690851,103.7549683
127257,1.313894762,103.7578812
648502,1.352603596,103.7000156
738664,1.415407993,103.7557036
677767,1.372049609,103.773307
669087,1.359934256,103.7575931
669059,1.360296003,103.7579482
629050,1.32452849,103.6723789
139464,1.305126619,103.775649
628796,1.329255215,103.6888436
648366,1.350613672,103.6974677
669557,1.363544703,103.7660117
739909,1.416603336,103.7605398
599649,1.342104462,103.7714818
658414,1.37033735,103.7530139
628284,1.272379696,103.7143189
288116,1.339433349,103.7902451
728866,1.43070439,103.7505195
728773,1.407247751,103.7506836
678272,1.368773589,103.7760597
677679,1.371006488,103.7732469
277198,1.315649691,103.7796964
266280,1.320883254,103.7920558
588391,1.34115077,103.7798838
608570,1.338716644,103.7528622
287372,1.328624391,103.8099275
118143,1.280475882,103.7863417
279895,1.332741449,103.7909815
629946,1.315289489,103.6805351
658594,1.371269657,103.7532066
127590,1.313383903,103.7587632
268216,1.318482125,103.8030586
266947,1.322209871,103.8070682
677980,1.397748493,103.753469
289878,1.324848693,103.8132179
276639,1.318751315,103.788177
269411,1.323324888,103.8100355
678808,1.359201099,103.7679043
279833,1.33089584,103.7914651
588196,1.352284637,103.7670093
596798,1.339154451,103.7645838
119532,1.278649521,103.7917724
588467,1.340152548,103.7809793
588792,1.336663621,103.7879223
278572,1.312379621,103.7985993
629104,1.3272732,103.6678749
120308,1.32105185,103.7669104
120375,1.318492987,103.7667016
126838,1.29610391,103.7683391
589924,1.342140153,103.7868431
266321,1.317104742,103.7920949
678362,1.357973776,103.7688419
680146,1.381116679,103.7525271
639333,1.318353847,103.6548947
268760,1.329306771,103.8006953
288656,1.337238179,103.8039628
669067,1.359858765,103.7581178
668670,1.357829094,103.7610975
598782,1.339956004,103.7663121
678560,1.36050027,103.7689927
629474,1.31755319,103.6685623
117625,1.281543984,103.7845007
128698,1.307930194,103.7626922
268402,1.322401429,103.7930057
268472,1.321193567,103.7918113
596205,1.345249615,103.7728206
588166,1.338632003,103.7768117
287586,1.331090877,103.8104728
669819,1.358187351,103.7587924
129403,1.320381905,103.7570615
669033,1.360312497,103.7593133
128190,1.309027347,103.7643932
638247,1.338556504,103.69191
287924,1.333466465,103.79884
279087,1.312686178,103.7835269
278276,1.310495193,103.7966669
278867,1.31347896,103.7822243
681815,1.376078467,103.7469031
619488,1.317004667,103.7142317
659244,1.356062746,103.752767
679186,1.367018341,103.7685262
639189,1.327751082,103.6443544
638641,1.324938005,103.6559811
267353,1.324165477,103.7957592
120517,1.307476844,103.7601573
669048,1.359713195,103.7589248
127194,1.294509725,103.7664186
279063,1.313252878,103.7833058
266095,1.321313973,103.8023355
266093,1.321289682,103.8022868
118610,1.280947718,103.7835466
629680,1.315504847,103.666842
266387,1.31957566,103.8070594
276697,1.316284589,103.7780899
637954,1.337316776,103.6917937
637814,1.309656728,103.6265056
619409,1.324497875,103.7270647
650254,1.349797078,103.7581483
670467,1.386982434,103.7737885
659763,1.346871952,103.765637
286642,1.328354962,103.8090747
266396,1.318705779,103.8059644
589886,1.341865573,103.7878919
679414,1.372086543,103.7714821
618812,1.333690653,103.7109476
609268,1.299178652,103.7528244
719878,1.42435250837522,103.723373145671
639957,1.35368874857238,103.686606816138
639561,1.34489812545012,103.638465792323
699931,1.35989976464193,103.731417253566
679268,1.36866598874386,103.774481452739
679269,1.36866599177023,103.774604143489
679270,1.36866599520924,103.774743874802
679273,1.36805544515469,103.774723441162
679274,1.36805544171602,103.774583709884
679275,1.36760953471452,103.774583720729
679276,1.36761639850212,103.774737084205
679277,1.36755466136772,103.774904081187
609853,1.32611392294789,103.736367908689
268351,1.321893904,103.7957308
588089,1.339499566,103.7814777
588011,1.341824859,103.7836831
596379,1.345204074,103.7729028
637045,1.317001429,103.6303261
629297,1.318759929,103.6670232
126980,1.293921066,103.7631003
669022,1.359787508,103.7597316
599838,1.334352242,103.771862
279951,1.33133199,103.7861973
638291,1.338299439,103.6925934
127918,1.316518533,103.7563508
129369,1.319131351,103.7588237
276288,1.313332874,103.7792186
627866,1.308046895,103.6723426
278612,1.316592763,103.7879815
658219,1.369223507,103.753525
658223,1.369006522,103.7535253
738001,1.417351518,103.7575896
275785,1.32416698,103.7928387
118563,1.277573307,103.7891687
739900,1.4162776,103.7596673
126843,1.294831579,103.7690967
127592,1.313389524,103.7588256
118866,1.282644728,103.7843151
276199,1.312892991,103.7823653
127734,1.312901601,103.7577988
288715,1.3334726,103.801966
288990,1.333899979,103.807573
129273,1.319428885,103.7574179
138827,1.293328313,103.7985227
679493,1.37036653,103.771939
289099,1.33404756,103.8056425
127259,1.314002496,103.757812
669501,1.354951823,103.7601885
689880,1.383801528,103.7498907
629290,1.317982131,103.6675794
648274,1.351606041,103.6977598
658757,1.340202172,103.7610171
650165,1.347319856,103.741975
650177,1.346344075,103.7417421
286746,1.329175,103.8052552
129155,1.32116789,103.7574856
669044,1.359946811,103.7589876
118601,1.28051995,103.7847083
640722,1.34364539,103.6982734
117347,1.286434821,103.7795288
650337,1.363482964,103.7493934
279416,1.324861047,103.7859104
628837,1.331053928,103.6944615
289609,1.324733513,103.8107247
637607,1.287246492,103.6400992
689482,1.378120198,103.7584403
128343,1.308530556,103.7559921
658484,1.372006737,103.7524031
688541,1.391099815,103.7520559
640731,1.345496178,103.6987081
139939,1.295314989,103.7876759
279654,1.328693238,103.7911362
637534,1.31847205,103.632239
668856,1.358297631,103.7609238
599351,1.333250112,103.768924
629017,1.329797998,103.6758413
589165,1.34251443,103.7844657
278493,1.30871409,103.7978064
278485,1.308548993,103.7979832
739903,1.416337676,103.7602754
638525,1.337259345,103.638655
636991,1.270753666,103.6193581
127267,1.314459499,103.757525
128611,1.308491556,103.7615569
288378,1.324964481,103.8118758
288905,1.32854972,103.8067979
279920,1.320731519,103.7845578
648615,1.35421465,103.6978703
287648,1.328233089,103.8073934
600313,1.34715456,103.7333487
266513,1.319866192,103.8025143
269017,1.322090712,103.8066764
637539,1.31833872,103.6325947
289227,1.331701882,103.8066002
289198,1.331298889,103.8071703
679378,1.371965491,103.7702249
129367,1.319101306,103.7587725
648402,1.352706034,103.6995086
128304,1.31134267,103.7547728
668859,1.358699573,103.7610337
268642,1.321056563,103.7933254
628383,1.305765673,103.6591767
639706,1.346639635,103.6851427
599834,1.334414954,103.7716075
268650,1.321804399,103.7950506
688384,1.390001161,103.751808
628386,1.305437249,103.6575631
269137,1.323502264,103.8027022
117425,1.281594625,103.7831773
117602,1.294552548,103.7757152
268059,1.32230478,103.8103868
648455,1.351436624,103.6983822
639298,1.326452182,103.6502361
629111,1.322579368,103.6661333
670130,1.374011291,103.7712818
658505,1.371682167,103.7518237
689881,1.383930038,103.7496751
689878,1.384094904,103.7500629
688703,1.390614085,103.7527781
127405,1.312260246,103.7577351
267086,1.32491041,103.7981865
266846,1.318226663,103.7901629
279196,1.31288768,103.7849303
598627,1.342530522,103.7708017
275761,1.331175359,103.7949289
628507,1.317434027,103.6845489
599138,1.335056661,103.7668618
629070,1.327823143,103.6708572
117570,1.294201231,103.7710716
267885,1.316364957,103.7970716
278307,1.314607638,103.7792146
718914,1.439813296,103.7323295
276161,1.326735436,103.7836085
637617,1.292017158,103.6232829
266591,1.327795075,103.7977467
127483,1.315698019,103.7539441
679542,1.370674675,103.7654889
637204,1.316251396,103.6337973
637202,1.316188782,103.6339677
637203,1.316219923,103.6338821
718813,1.419278162,103.7184257
648268,1.351596915,103.6981346
279953,1.331644485,103.786422
637571,1.29063997,103.6363019
269311,1.320698386,103.7966845
638458,1.320774994,103.6526836
679750,1.372043453,103.7686923
679940,1.387785087,103.7695997
648558,1.35354124,103.6986854
289295,1.33481984,103.8049859
627830,1.283648158,103.7192045
268141,1.318015316,103.8063556
117510,1.296307002,103.7814033
618274,1.326533598,103.7259811
596592,1.337093927,103.7649298
658339,1.370039092,103.7511431
268083,1.32164089,103.8092762
277522,1.319597654,103.7872743
269277,1.320628468,103.7949746
269163,1.323404327,103.8013666
637182,1.315915678,103.633869
278091,1.311737976,103.7992516
268999,1.323508194,103.8076475
637550,1.29021833,103.6285679
286662,1.32830521,103.805507
118769,1.292357818,103.7686061
266824,1.318993467,103.7909917
689043,1.377325331,103.7448403
266836,1.31846512,103.7919971
679821,1.369877907,103.7687216
267569,1.326909637,103.7937108
669611,1.357079689,103.7611651
266471,1.318336782,103.8062134
128730,1.307650399,103.7639696
278395,1.316210131,103.7870409
598808,1.33989807,103.7655016
669229,1.353008424,103.7591347
729512,1.411552333,103.7441667
658554,1.371131406,103.7535046
658555,1.371074703,103.7535062
658556,1.37102351,103.7535072
267919,1.317284872,103.7983609
278687,1.332443676,103.7908209
278894,1.313974137,103.779595
628442,1.299596111,103.6594879
289067,1.335403049,103.8078924
638166,1.338113174,103.6908793
588598,1.335561876,103.7891026
668954,1.358711328,103.7614558
276661,1.318376541,103.788583
289365,1.336541933,103.8071308
597526,1.324312398,103.7657062
598993,1.336364626,103.7681671
598379,1.344163152,103.7679144
688284,1.390876014,103.7520633
628076,1.328345219,103.7006527
589201,1.342374812,103.7856454
126988,1.315223114,103.7552691
598296,1.335149229,103.7796989
679808,1.3717728,103.7688963
277508,1.318889424,103.7859991
278597,1.313796931,103.7912238
118930,1.292292693,103.7714762
636882,1.267471549,103.6286038
688191,1.374909057,103.7394916
276994,1.315675096,103.7848085
126999,1.31593532,103.7555072
599729,1.342421703,103.7752515
629560,1.313922666,103.6754497
597872,1.342909686,103.771316
739451,1.436469067,103.7444167
658748,1.339405404,103.7605055
637794,1.2954707,103.6253113
287516,1.326526818,103.8094785
128185,1.30859246,103.7640986
267269,1.326071128,103.7991952
269428,1.322215275,103.8094837
289092,1.328586021,103.8048616
276343,1.311366057,103.7991241
648508,1.352732187,103.6998546
680302,1.385016544,103.7433394
596260,1.33592091,103.7704028
641811,1.346593694,103.6961003
672633,1.385169707,103.7585291
640505,1.349657291,103.7184437
279282,1.322317417,103.7856808
276492,1.328699254,103.7947571
629621,1.319700433,103.678646
638162,1.338213298,103.6910299
628105,1.325522611,103.6833904
269353,1.32189399,103.7987911
638708,1.317798023,103.6468129
677999,1.398136587,103.7541466
288103,1.336211621,103.7899549
658014,1.368651142,103.7529919
679856,1.371714398,103.7695134
127741,1.312628644,103.7581785
127777,1.313192485,103.7591416
658513,1.372138379,103.7520691
118815,1.275434623,103.7933724
729455,1.420400923,103.7409851
596952,1.338232932,103.7658095
597241,1.329989921,103.7677436
129022,1.321014295,103.7551854
658776,1.340316371,103.7605072
629067,1.327574965,103.6682908
118571,1.27880965,103.7875539
267366,1.324847766,103.7950762
279585,1.324321247,103.7862317
588605,1.336802982,103.7887286
609019,1.304979208,103.7396446
597322,1.327608941,103.7673921
650637,1.349598105,103.7521471
277777,1.330023604,103.7934161
658697,1.371810263,103.75275
267362,1.32475315,103.7952808
658453,1.369539027,103.7524944
658455,1.36954194,103.7525458
738037,1.416375361,103.7573648
587944,1.344503461,103.7884026
587945,1.344503461,103.7884026
127295,1.292504251,103.7675405
269298,1.320742764,103.7961714
127191,1.294621408,103.7666663
277314,1.317176822,103.7828274
640721,1.343993357,103.6975958
640717,1.343009457,103.6974799
638909,1.268906079,103.6364909
693300,1.359833209,103.7375676
658341,1.370041693,103.7511993
689862,1.38384932,103.7474818
600263,1.34434378,103.7417961
128616,1.308993268,103.7624386
629270,1.31729942351242,103.666590050916
670428,1.386713594,103.7697732
670432,1.386233843,103.7711882
276813,1.317386934,103.7813086
678269,1.377772043,103.7666458
289820,1.334923739,103.7899667
669940,1.357958233,103.7580717
598176,1.335686229,103.765282
269869,1.315383558,103.7988619
729474,1.413752606,103.7429628
669851,1.358234227,103.7576497
618685,1.331929729,103.7158058
637761,1.313019595,103.631507
286893,1.337656653,103.8051119
627854,1.332899486,103.6959293
609026,1.305365386,103.7362842
637580,1.314887083,103.6278727
689861,1.384066405,103.7477656
289087,1.328436548,103.8050839
658773,1.339740392,103.7612542
277067,1.316036557,103.782282
698950,1.385825164,103.7217263
638112,1.310391867,103.6309632
588097,1.339762525,103.7816399
276880,1.313522125,103.7870186
637925,1.336738789,103.6913639
289277,1.333761037,103.8049263
637236,1.291555368,103.6270182
627561,1.313434222,103.7008113
637461,1.29586313,103.6360698
629853,1.318770814,103.6891287
638321,1.339821304,103.6917092
589206,1.342235789,103.7853905
279650,1.329307989,103.7912046
127246,1.315193563,103.7575704
668694,1.358698673,103.7598218
598549,1.343794972,103.7658168
269902,1.319591229,103.7991722
139460,1.306046034,103.7756085
619162,1.310830588,103.7094203
639704,1.346639635,103.6851427
629536,1.309547999,103.6622333
266390,1.318539807,103.8058133
668185,1.376291692,103.7569628
668186,1.3762751,103.7569035
629615,1.319955284,103.6755601
668171,1.37695091,103.7574716
668172,1.376895806,103.7574875
268621,1.320824057,103.7947064
127881,1.312686922,103.7562892
288855,1.331232905,103.8001872
269603,1.323429527,103.8051338
638508,1.313617977,103.6560411
287052,1.336121065,103.8049552
589963,1.336319416,103.7858035
619526,1.3368118,103.7088225
683487,1.376512807,103.7391377
287135,1.329872697,103.8089841
618411,1.339919824,103.7184335
598248,1.336708346,103.7738026
127833,1.313676679,103.7554819
597373,1.327535482,103.76879
149596,1.304912065,103.7980639
629655,1.314252705,103.6726489
619857,1.336196675,103.712351
596321,1.34266899,103.774964
598899,1.334763986,103.7663326
597204,1.32591827,103.7689455
680614,1.401067497,103.744025
680702,1.391799945,103.7456212
639449,1.324106619,103.6519146
638934,1.318825283,103.6407813
649520,1.350547172,103.7253977
640969,1.341007763,103.6937901
627978,1.326702625,103.7061665
648201,1.338561795,103.6990146
129475,1.319437483,103.7570545
599116,1.335198195,103.7676451
597631,1.318643636,103.7780511
117456,1.294421593,103.7806522
650352,1.361597982,103.7494607
267661,1.325213739,103.7956685
629847,1.31784662,103.6836254
267746,1.321905598,103.8102539
129275,1.319526998,103.7573456
288055,1.348186502,103.7915063
289711,1.334466928,103.8040959
141085,1.295319663,103.8097586
679544,1.37076577,103.7655201
599738,1.343102896,103.7751423
638435,1.33261726,103.6389106
596362,1.344508498,103.7730581
276949,1.316839693,103.7805918
639626,1.352315531,103.6870625
678493,1.368012931,103.7694658
119433,1.274068306,103.7943026
729576,1.432024337,103.7469034
589548,1.338964324,103.7838581
589832,1.336666256,103.7870207
129377,1.319682953,103.7593336
598154,1.336293165,103.7655825
678785,1.359868928,103.7681737
637071,1.298274988,103.6277643
289570,1.335104351,103.7992028
117720,1.282748015,103.7981495
119797,1.284595892,103.7968783
129541,1.317871763,103.7590039
638411,1.339113242,103.6372152
288028,1.347514905,103.7902097
267398,1.325567391,103.793475
276187,1.312101623,103.7827369
248437,1.303409331,103.8026923
117719,1.283187898,103.7988456
266249,1.32127539,103.7929431
648215,1.352220804,103.6976152
287305,1.328639749,103.8089827
591601,1.33904481,103.7743004
267967,1.319393374,103.8052622
287689,1.328986527,103.80807
680293,1.378170458,103.7402524
128417,1.315662373,103.7497942
279432,1.324684844,103.7873092
119823,1.281826208,103.8013901
599847,1.335372216,103.7731216
598132,1.341333342,103.772344
277956,1.317282386,103.786877
278103,1.312354656,103.7982454
288900,1.328197166,103.8065249
278090,1.311708448,103.7993487
589169,1.342659572,103.784924
589957,1.336387332,103.785547
668182,1.376349365,103.7571637
637811,1.309423881,103.6297053
598909,1.334367003,103.766064
278417,1.310199365,103.7988982
288498,1.327232381,103.8100567
269708,1.324258068,103.8095415
269720,1.324432696,103.8092703
589878,1.340892092,103.7883645
289544,1.334285741,103.7988509
650175,1.34554898,103.7415986
650172,1.345669039,103.7404803
588182,1.344898409,103.7738482
266452,1.320361262,103.8065626
597880,1.343347854,103.7712789
587951,1.344503461,103.7884026
637687,1.291215007,103.6248147
278750,1.314614767,103.7814319
629011,1.328611928,103.6715169
729555,1.434523376,103.7480024
138670,1.304013729,103.7913457
268070,1.322037236,103.809669
279886,1.331545835,103.7946926
629096,1.327074865,103.6743701
636832,1.31840719,103.6306086
650366,1.360364788,103.7489167
588295,1.338727916,103.7856498
637622,1.300468357,103.6262582
149551,1.305728409,103.7959381
650420,1.36255043,103.7457708
650424,1.361855358,103.7455369
650423,1.36215692,103.7449467
688425,1.390626913,103.7506296
689872,1.383631394,103.7488023
658619,1.370864222,103.7521543
688678,1.392040901,103.7525437
659532,1.341735181,103.7519311
638049,1.305808269,103.6304277
266365,1.322893511,103.8004637
117431,1.291495254,103.772546
679497,1.370336365,103.7723036
276171,1.326380873,103.7833209
679661,1.372791004,103.7695584
629594,1.319274163,103.6669851
729230,1.411403062,103.7497803
279764,1.324511498,103.7832379
277061,1.31628584,103.78571
279085,1.312645532,103.7834948
117868,1.288990792,103.7703605
599247,1.335150743,103.7702048
588961,1.340364018,103.7808446
266940,1.322846918,103.8074727
628391,1.303357733,103.6588072
127963,1.316554427,103.7566373
638427,1.331885374,103.6381719
638455,1.319367407,103.6528341
596736,1.339315679,103.7649378
597393,1.325908287,103.767542
589629,1.333561611,103.7841588
269977,1.323345323,103.793448
286975,1.335953658,103.8059018
597799,1.344088075,103.7724756
589843,1.338918252,103.7874475
128258,1.308096196,103.7560475
128266,1.310713237,103.7550929
276265,1.313378976,103.7801231
119688,1.279792581,103.7886369
278975,1.310771908,103.7955791
278918,1.313972125,103.7791073
669906,1.357938066,103.7596274
629528,1.308723161,103.6647398
648584,1.35404562,103.6981719
738009,1.4173974,103.7578741
267363,1.32438391,103.795267
648330,1.339403868,103.7053677
648339,1.339683482,103.704714
639296,1.326681261,103.6491459
268562,1.324569587,103.7934204
588816,1.33731831,103.7865243
267937,1.313775492,103.8018539
266214,1.31323333,103.8011656
288441,1.327244828,103.8112736
118541,1.276065133,103.7933382
118542,1.276082978,103.7932833
118545,1.276118115,103.7931835
669032,1.359901125,103.7592362
638636,1.323164978,103.6551476
638158,1.338293781,103.691132
128262,1.308225517,103.7562226
669246,1.353824302,103.7575051
640538,1.349993899,103.715473
640549,1.352913939,103.7160727
289166,1.334292923,103.8057766
268403,1.321368764,103.791605
268464,1.321394776,103.7916765
628925,1.318640514,103.7076888
275831,1.324819075,103.7851249
269517,1.323119229,103.8034471
129337,1.318125203,103.7583808
267886,1.315511293,103.7953702
266092,1.321569975,103.8021505
680506,1.388778163,103.7418311
680530,1.392680075,103.7418393
737951,1.416125575,103.7551175
268724,1.313920407,103.7935401
286966,1.345582974,103.7965506
609288,1.301911018,103.746248
678913,1.371972055,103.7656355
729339,1.409078357,103.7535473
599153,1.334374877,103.7666196
599716,1.342559374,103.7715138
269854,1.312787417,103.7993627
679689,1.372994754,103.7701954
608594,1.336020036,103.7518985
279082,1.31289565,103.7826349
688413,1.390556878,103.750945
129546,1.31826054,103.7594254
618314,1.30210395,103.7176538
288924,1.329814492,103.8072181
277900,1.329209224,103.7937557
628575,1.325042729,103.7022682
288718,1.337187826,103.8006944
269325,1.322236545,103.7975681
638987,1.321691287,103.6425653
119144,1.280832565,103.7877764
669921,1.357549603,103.7597794
277698,1.312016221,103.7943316
269263,1.318810681,103.7954608
638146,1.338572995,103.6914856
600255,1.344341319,103.7379086
669815,1.358180266,103.7590836
267688,1.32545571,103.7942782
288611,1.332785606,103.8025215
678065,1.359460194,103.7676194
267189,1.323043485,103.7967224
648588,1.353968443,103.6980951
680687,1.403846956,103.7498787
619740,1.310514906,103.7230335
270056,1.31047570363015,103.781282011023
129853,1.32254199558927,103.753722511823
129624,1.32266425545534,103.753872307473
129625,1.32276138463463,103.753476073315
129626,1.3226391247454,103.753326277681
129627,1.32251285476178,103.753171061755
688521,1.39252001,103.7514748
277904,1.328184382,103.7937632
588324,1.34057657,103.7858831
679372,1.371527933,103.7700746
286932,1.336066812,103.8059074
627825,1.273241059,103.7162445
279838,1.331361947,103.7913415
269672,1.319055878,103.801696
608831,1.339822138,103.7492725
668192,1.376092936,103.7564869
596279,1.335146027,103.7704849
599075,1.334073792,103.7681739
118893,1.282508069,103.7848307
277005,1.315590302,103.7856753
679567,1.371391269,103.7653195
729679,1.406113281,103.7548467
672636,1.387624708,103.7583314
619828,1.331349078,103.7129985
619657,1.33122673088576,103.723026795095
619835,1.32114360401159,103.7291442685
627826,1.320566483,103.6946587
627750,1.31699276,103.6937552
597423,1.328323388,103.7696379
597417,1.328325827,103.7691344
597374,1.327241055,103.7690026
597413,1.328022305,103.768356
597470,1.325497317,103.7672476
597317,1.327566395,103.7679971
269326,1.321624979,103.7970296
266259,1.321086067,103.7929755
128707,1.307993355,103.7629021
597797,1.34406071,103.7725336
608544,1.31729194,103.7316212
126890,1.31236103,103.7534343
669429,1.35348487,103.7596542
693328,1.3666344897117,103.735558873553
649674,1.35360539704257,103.711582754451
277096,1.316745632,103.7817521
690119,1.356752427,103.7345
609984,1.33558571781527,103.741271726002
653445,1.350791581,103.738573
650388,1.364850176,103.7521618
128383,1.310330848,103.7520161
276378,1.310395615,103.7982231
289052,1.33502973,103.8079865
596891,1.341611306,103.7701134
688366,1.389884156,103.7523201
658516,1.372322712,103.7521689
279883,1.331430495,103.7950025
278221,1.311047165,103.7982425
118551,1.27643527,103.7928277
288617,1.332036817,103.8023257
587862,1.345308139,103.7759563
609184,1.307970534,103.7368365
277572,1.331667128,103.79273
680414,1.382166605,103.7422483
127558,1.313747345,103.7582974
279646,1.329753349,103.7910045
639060,1.28655295916967,103.628239931209
609690,1.333295066,103.7421539
637437,1.282933837,103.628895
609985,1.33514546085995,103.74175198427
279332,1.32042161,103.7867807
596880,1.340897253,103.7702046
677706,1.37128183,103.7733288
612134,1.32709713106073,103.728479494873
611136,1.32685900177839,103.72688479493
141187,1.29333044071733,103.801842672075
140190,1.29413953888947,103.802034176316
279745,1.323540397,103.7823841
679052,1.364674693,103.7699939
599589,1.34199826,103.7754074
267213,1.324048651,103.7964375
628073,1.328573071,103.7017588
619088,1.322022962,103.7176599
648847,1.351094333,103.7002883
619794,1.32584264879262,103.713262562916
288954,1.331852199,103.8075934
289359,1.33187850227672,103.807635780201
288963,1.331830552,103.807949
268060,1.322690166,103.8102783
268395,1.32262869,103.7931873
689876,1.383180487,103.748788
277598,1.330316514,103.7936805
637516,1.314268672,103.6274206
588037,1.33736602,103.7834667
628975,1.326457929,103.6740062
690136,1.35424855246547,103.729662361422
119477,1.28701469938364,103.779005070862
119479,1.28701469938364,103.779005070862
118645,1.286815871,103.7790473
118646,1.287079062,103.7789899
597122,1.326178416,103.7649866
269497,1.32301576,103.8042153
266974,1.323394582,103.8086909
287529,1.327411744,103.8096276
138819,1.293646949,103.7972517
588817,1.337388911,103.7865127
267793,1.323473358,103.7926
138529,1.307057411,103.7725299
138609,1.305531145,103.7720485
138533,1.307983235,103.7722539
699929,1.35732891143881,103.733467748962
690115,1.35443671249018,103.735915712971
699930,1.35443671249018,103.735915712971
659588,1.343607171,103.750467
690320,1.362726498,103.7377768
588593,1.335564112,103.7886642
589682,1.33955024942863,103.777099720073
627998,1.325383196,103.6893796
658769,1.340004262,103.7612308
637713,1.2923837,103.6234403
679866,1.372100918,103.7686882
289783,1.333565051,103.8023835
279567,1.322847613,103.7872709
279892,1.332675984,103.79115
277770,1.330363607,103.7941291
637715,1.349383588,103.6877553
277176,1.315965521,103.7805953
609881,1.33478650912475,103.740910385706
138528,1.307144407,103.7719786
138610,1.306387126,103.7720681
138611,1.306088095,103.771993
138531,1.307695332,103.7726333
138532,1.3078914,103.7726837
138530,1.307563333,103.7726225
138527,1.306304521,103.7717899
287918,1.33385103,103.8004378
593001,1.31770229,103.774441
698903,1.375490481,103.7182966
128544,1.30587982,103.7654982
119540,1.279677058,103.7909246
588600,1.335773783,103.7891185
598280,1.32802346515226,103.76977236529
718895,1.434323807,103.7229588
670489,1.38194968634665,103.773496606598
588000,1.341732741,103.7841375
589879,1.34088611,103.7879697
667988,1.367755013,103.7574716
589838,1.337252453,103.7884457
588787,1.336440376,103.7884559
589846,1.337681143,103.7884003
588607,1.336801398,103.7891615
288112,1.33697838,103.7894337
588592,1.335061416,103.7892564
288162,1.342546642,103.7895981
638036,1.303895453,103.627773
690326,1.36538376156937,103.735358633899
691328,1.36595049510377,103.735054030619
609789,1.35039473,103.7289812
681822,1.3754343404318,103.749102914537
680824,1.37338924377409,103.748100878973
690101,1.35033776500774,103.734616669723
680822,1.37494274712015,103.749023588303
643406,1.35478098120653,103.723363207795
140205,1.29104210758831,103.799946433278
601417,1.32218661274686,103.744081615979
692101,1.35047255909552,103.73528218277
681824,1.37392459380546,103.748455592259
141203,1.28987991070139,103.799569508701
692100,1.34954888554559,103.735959677242
277310,1.317539779,103.7831074
276804,1.31707112,103.7816873
658281,1.368729807,103.7511756
128230,1.307648568,103.7566061
677714,1.370777437,103.7736109
599828,1.334099157,103.7716391
636821,1.317897088,103.6311119
117579,1.299580606,103.771482
278336,1.315570428,103.7877989
127704,1.317087707,103.7556127
680570,1.394201265,103.7444652
248442,1.302767666,103.8028824
599899,1.336694118,103.7727481
596302,1.328934101,103.7735528
276395,1.310157518,103.7972235
638723,1.317032967,103.641785
670258,1.377896535,103.7731538
588006,1.342134278,103.784112
639427,1.31919096241845,103.6296402945
279155,1.313139322,103.7836489
277192,1.315440992,103.7798444
278902,1.313990766,103.7792268
279062,1.313981411,103.7828775
279096,1.312210113,103.7833199
279081,1.312545272,103.7834255
600418,1.32190006910473,103.743943463407
641404,1.35408471473791,103.72368130198
601291,1.3429629430227,103.74381221645
141204,1.29024177695335,103.799818760424
140206,1.29175154761495,103.799474350355
140204,1.28994659987068,103.799952266367
140203,1.2892815975358,103.799551519768
279049,1.314878872,103.7830446
276842,1.315657367,103.7836305
277342,1.3182539,103.7825933
588904,1.340492312,103.7800089
289033,1.335514504,103.8073804
658480,1.371434673,103.7520639
268389,1.322599315,103.7935262
269496,1.322186945,103.8045069
269457,1.322071194,103.8077958
268207,1.318108612,103.8022411
269407,1.323140809,103.8103823
268204,1.317874313,103.8034284
268151,1.316976191,103.8053102
269807,1.320832953,103.7994761
267165,1.32361997,103.7981296
267216,1.324106615,103.7964931
269449,1.322032826,103.8080437
268901,1.322224375,103.8113496
588402,1.338631367,103.7811572
718853,1.43448466,103.7101033
669386,1.354706705,103.7595954
148996,1.291548186,103.8065803
289578,1.334614414,103.798711
128711,1.308046554,103.7630501
587947,1.344503461,103.7884026
587948,1.344503461,103.7884026
618319,1.339179618,103.7181753
119082,1.292774327,103.784084
688414,1.390184971,103.7509873
668627,1.360377353,103.7615012
638804,1.312896893,103.6523419
268539,1.323562428,103.7945734
648562,1.35360271,103.6985965
688504,1.392194278,103.7514133
638499,1.310911204,103.6514241
609784,1.343310708,103.7332187
268469,1.321185206,103.7919861
267803,1.323543067,103.792954
268485,1.316752365,103.7944475
268481,1.31695381,103.7938725
268479,1.317074308,103.7936838
638994,1.323473875,103.6406166
267035,1.314076008,103.7926769
638626,1.26109098006187,103.623066692881
587949,1.344503461,103.7884026
689465,1.376937996,103.7454182
668224,1.374260606,103.7572518
628395,1.302707629,103.6598426
266632,1.321265524,103.8113195
598798,1.339930496,103.7658472
589440,1.33454293,103.7888222
598626,1.342478544,103.7708312
602418,1.32159822364492,103.744665382326
690102,1.35087280870057,103.734634565953
680823,1.37430732894525,103.748566632809
690107,1.35030627334562,103.736767614388
691102,1.35104929333639,103.734755311012
690100,1.34941612316812,103.736056530888
718772,1.435968075,103.725463
140186,1.29166535542444,103.801236930997
269661,1.317376327,103.8016093
729989,1.435896175,103.7506453
639697,1.346159283,103.6842653
638007,1.338976147,103.6898594
637986,1.339884894,103.6910134
289279,1.333836774,103.8049309
669723,1.36762825300103,103.764025830065
141186,1.29206919022228,103.801396859311
611135,1.32708655370641,103.727908584787
598322,1.332662515,103.7784843
678376,1.359206682,103.7689217
588536,1.340498771,103.7825224
119575,1.279840271,103.799193
638159,1.338996095,103.690763
658846,1.339090707,103.7618546
688715,1.389927988,103.7528714
684485,1.375199146,103.7389661
692102,1.35084766714941,103.734299170866
601418,1.32176817745111,103.74415072823
287173,1.330792229,103.8093871
618781,1.331467466,103.7149917
128696,1.307915649,103.7626393
279601,1.324085351,103.7872747
120515,1.308382745,103.7597841
128572,1.305748805,103.766995
599814,1.334351494,103.7712242
599511,1.323957755,103.7732426
651474,1.35687676059032,103.746817659513
651475,1.35738868721591,103.746444446688
650474,1.3574753136612,103.746868001665
278407,1.31822987543744,103.786760320326
277377,1.318197854,103.7868145
129235,1.32285017,103.7554642
688359,1.390215774,103.7524669
119915,1.283455649,103.7835852
118265,1.29207905,103.7867106
149926,1.29617826940302,103.808766507183
149927,1.29575849316746,103.808695216483
117758,1.278294323,103.792469
600408,1.318203977,103.7488162
619902,1.337008652,103.7144729
589777,1.342703324,103.7872215
639601,1.33298949,103.6357593
589734,1.337674931,103.7875227
277695,1.311969501,103.7945191
639373,1.32704684,103.6518391
679495,1.370349863,103.7721261
277515,1.320034197,103.7857123
277768,1.330316588,103.794251
269219,1.322837564,103.8090948
671490,1.38244484000089,103.773368010842
693301,1.359132218,103.7385036
269532,1.322842951,103.8013379
288576,1.32990335,103.8106084
639064,1.28543533094931,103.624605189813
637533,1.318498944,103.6321646
627559,1.313191304,103.7004105
688332,1.391179534,103.7507333
691326,1.36497653426627,103.735775279624
690327,1.36511525327288,103.734619451
599152,1.334428961,103.7666234
598019,1.337798551,103.7694143
728635,1.405663224,103.7630453
658347,1.37004934,103.7513585
628786,1.329305424,103.6909456
267455,1.323736442,103.7971007
629976,1.319207371,103.6936903
691302,1.359947428,103.7391628
287596,1.331231269,103.8110275
698917,1.385888897,103.7244181
668173,1.376810037,103.7575068
248923,1.295797984,103.814846
670491,1.3831466872918,103.774139302434
670490,1.38256871792332,103.773841247418
598911,1.334390431,103.7661443
658057,1.36922687,103.7531663
599293,1.333116367,103.7670739
118643,1.287507462,103.7797917
692301,1.358933066,103.7383232
691301,1.358920087,103.7374947
269929,1.32049555,103.7913915
269944,1.320236258,103.7912267
269933,1.320596482,103.792365
269925,1.319387215,103.7925932
678873,1.371545123,103.7643666
139961,1.296224677,103.7869789
658343,1.370044512,103.7512508
658345,1.370046837,103.7513071
619939,1.333861054,103.711906
141205,1.29074817992701,103.799818753796
142205,1.2910556545888,103.799429245104
276839,1.315328058,103.7829481
650265,1.350008402,103.7598628
670512,1.387331977,103.768255
139453,1.306900814,103.7767369
139579,1.307258442,103.77614
288661,1.333085693,103.802627
640501,1.349812254,103.7192222
636791,1.270240129,103.6285121
619834,1.32198602299754,103.730623059032
138683,1.301008738,103.7801253
693326,1.36542918200749,103.734979244453
127425,1.312081496,103.7572474
277920,1.328092374,103.7925199
288620,1.332251979,103.8030042
688341,1.390880321,103.7504777
613138,1.328437977,103.7237959
276316,1.315530972,103.7881947
668156,1.377224747,103.7568022
668158,1.376901999,103.7568937
668159,1.376586545,103.756984
596979,1.338187246,103.766444
118137,1.27876246,103.7863409
690323,1.363005131,103.7346635
690222,1.357116436,103.7302369
277350,1.31784548,103.7823868
267425,1.323980731,103.7984639
118864,1.281937175,103.7839697
118862,1.282179142,103.7840827
641402,1.35328785595113,103.723331769563
642406,1.35436169953039,103.724549192298
128975,1.321781413,103.7546599
129226,1.322463507,103.7554776
268538,1.323699654,103.7948937
679143,1.366951027,103.769384
126837,1.296134157,103.7680881
678921,1.372073461,103.7659096
267836,1.313253467,103.7960475
652474,1.3568090806143,103.746449139943
268759,1.326974278,103.8002105
279574,1.323176637,103.7862645
628627,1.323906136,103.6906762
599621,1.341738898,103.7728502
119149,1.280718152,103.787973
267361,1.32434836,103.7953411
277986,1.311465893,103.7982763
266299,1.321694745,103.7974616
276677,1.324234497,103.7930676
119539,1.280114741,103.7910515
279011,1.314787339,103.7837321
118971,1.292275977,103.7720964
619413,1.322926647,103.7316728
277906,1.328961102,103.7936522
672546,1.388794537,103.7698918
729645,1.401768556,103.7553094
278889,1.313571325,103.7797508
699803,1.377911948,103.7125693
699804,1.377911948,103.7125693
680412,1.381809725,103.7423816
129798,1.301391111,103.7689975
270055,1.3095571389636,103.782763348733
270054,1.3097251226433,103.783420514991
640993,1.33666121249097,103.693455495264
271054,1.30999782932525,103.783028088738
271053,1.31049306848932,103.783505715028
273058,1.31149287862175,103.780535006994
669065,1.360080348,103.7577808
688449,1.390654016,103.7498328
119538,1.279421103,103.7910566
117685,1.28985887,103.7794527
118510,1.274823466,103.7953405
718856,1.432409241,103.7188432
688365,1.390249741,103.7523123
598506,1.34574802,103.7661067
629564,1.313594986,103.6731169
599300,1.333960286,103.769297
637114,1.277811665,103.6308938
627642,1.254135149,103.6740546
269019,1.322041498,103.8065991
658348,1.369710813,103.7514573
658390,1.369764441,103.7527357
277433,1.320530539,103.789108
278599,1.3144373,103.7895952
269973,1.323141207,103.7936903
598828,1.340206878,103.7650486
278335,1.316019293,103.7877207
597519,1.324925288,103.7652577
278529,1.33009079564825,103.791924874155
277580,1.330131998,103.7919706
637821,1.295898548,103.6205917
597127,1.326421816,103.7654024
609200,1.308056175,103.7299012
600305,1.345436568,103.7352406
729058,1.421492715,103.7470837
129300,1.319575932,103.7589853
128753,1.308411605,103.7643648
639300,1.32685057,103.6506206
277345,1.317846687,103.782768
589825,1.336296234,103.7868431
118928,1.292292448,103.7713594
597857,1.342745729,103.7722136
277916,1.32812674,103.7930115
679323,1.370990417,103.771845
277950,1.317054274,103.7872408
268198,1.317302671,103.8033094
597932,1.343229138,103.7737554
628587,1.324298186,103.6985468
599632,1.342137096,103.7723297
279443,1.325098742,103.7875149
279605,1.32413366,103.7874862
129174,1.323285845,103.755701
596819,1.338429174,103.7657581
268285,1.31585732,103.7940089
266704,1.320563769,103.8012481
598243,1.335556348,103.7729824
597209,1.326808753,103.7692617
128344,1.308468487,103.7560378
117722,1.283506342,103.7971485
648145,1.351897785,103.6962149
688211,1.376144689,103.750174
277903,1.329061825,103.7936642
599820,1.334038148,103.7712616
596844,1.33876441,103.765847
139218,1.304582396,103.7870112
668679,1.358402293,103.7603123
268108,1.320856369,103.8071602
597500,1.328864077,103.7682177
627654,1.334051219,103.7029432
127934,1.315655045,103.7569997
277051,1.315854318,103.7846292
118166,1.281158608,103.78776
597318,1.32726661,103.7672041
638276,1.338107607,103.6922744
639624,1.352021695,103.6871861
589458,1.335377047,103.7863781
289394,1.33219911,103.8074957
287304,1.328603523,103.8090334
277307,1.317787849,103.7832921
690330,1.36634909226014,103.736461090569
692326,1.36457562719055,103.735523137227
678030,1.397966018,103.7533234
129741,1.292574592,103.768383
266293,1.320921698,103.7913439
678810,1.359263802,103.7678909
596879,1.340851416,103.7702411
275935,1.325998605,103.7917117
128260,1.308161174,103.7561355
119145,1.280193128,103.7883424
698988,1.397864317,103.7294351
682817,1.377087746,103.7487681
637178,1.316040328,103.633531
627694,1.333895677,103.703187
598946,1.335108774,103.7657475
599346,1.332953076,103.7681639
699915,1.35442592930738,103.732790920197
599267,1.333522405,103.7689028
659873,1.3603313804856,103.741236536443
659712,1.3603313804856,103.741236536443
659770,1.3603313804856,103.741236536443
596908,1.337976704,103.7644122
279711,1.332149172,103.7912992
118740,1.291837359,103.7703687
128552,1.305972146,103.7658093
694328,1.36721210942622,103.735550222762
690332,1.36558589197351,103.736602999137
691330,1.36668728839636,103.736419863319
693327,1.36716648097279,103.734553568903
693330,1.36630443433671,103.736047566968
619863,1.338936994,103.7161784
674442,1.380921472,103.7708407
288603,1.334456943,103.8027101
609290,1.302516046,103.7463407
639148,1.331975723,103.649704
639487,1.319749098,103.658739
271057,1.3111624392886,103.781249892388
692328,1.3667778999161,103.735128814983
272057,1.31165449060319,103.781332587452
270058,1.31174472512874,103.780199358694
272058,1.31189529735428,103.780817743201
641530,1.347936198,103.7156911
718910,1.423516063,103.7149955
618431,1.340355569,103.7185179
288599,1.334898965,103.8028263
651458,1.35440548983641,103.737329153999
651459,1.3546900383292,103.737446382588
651457,1.35396541589818,103.738331166574
597073,1.323828187,103.7679767
699865,1.35796407649039,103.717883311498
266829,1.316927395,103.7904635
269764,1.331079369,103.7960958
278112,1.312235397,103.7973992
679504,1.369883719,103.7730653
267956,1.319137209,103.8042067
648216,1.352222442,103.6975611
648298,1.352552256,103.6975652
628432,1.303361854,103.6574672
619600,1.31877159355066,103.729094934764
286805,1.335728041,103.8075889
266710,1.320114881,103.8006125
268520,1.322887209,103.7956756
289698,1.333365501,103.8033328
129404,1.320203665,103.7568354
279677,1.327291131,103.7921196
698904,1.378062465,103.7177392
658747,1.340024223,103.7606987
289338,1.334934507,103.80609
129001,1.320177196,103.7559658
118253,1.291715673,103.7882701
627941,1.331213249,103.7050596
609018,1.305935631,103.739659
668885,1.359211718,103.7603188
669006,1.359635857,103.7600545
596726,1.339480761,103.7657228
637845,1.310344995,103.6323688
128726,1.30754248,103.763843
639339,1.320984063,103.6538136
629520,1.311333069,103.6661617
653474,1.35687611003426,103.74550701233
269856,1.313906383,103.79927
728648,1.433363916,103.7478732
596388,1.344871393,103.7719901
599477,1.329930893,103.7773092
268376,1.321690783,103.7931468
267084,1.324993603,103.7983764
288998,1.333422673,103.8086058
268018,1.317865661,103.802722
618417,1.340059917,103.7183453
737863,1.428794864,103.7676828
588775,1.335327358,103.7883966
276599,1.320732881,103.7904
129199,1.32426242,103.7564147
628969,1.325524619,103.6756967
596874,1.340628767,103.7704436
287948,1.334983307,103.8011769
669243,1.353829595,103.7577143
680819,1.375167706,103.7497267
276626,1.319518621,103.7887485
277577,1.330716496,103.7922557
618333,1.338960015,103.7178267
652296,1.343693814,103.7473568
629173,1.328408528,103.6818491
127521,1.315798637,103.7550769
612135,1.32653390087073,103.727561450681
628469,1.32685286,103.6961472
628466,1.326209324,103.6956076
279555,1.322750004,103.7865842
277532,1.321317393,103.7863808
651476,1.35736141009041,103.745399703544
149164,1.290638533,103.8063947
638821,1.327723996,103.6383376
648111,1.357019519,103.7044339
648110,1.35626119,103.7037395
266653,1.329078786,103.7998003
117990,1.28061052,103.7918115
268396,1.322586159,103.7931515
659774,1.3603313804856,103.741236536443
659874,1.3603313804856,103.741236536443
659771,1.3603313804856,103.741236536443
670027,1.38126843472856,103.759167960002
670033,1.38555907921528,103.756521386788
668962,1.358806267,103.7612985
267960,1.319400635,103.8044631
267487,1.323474015,103.7951618
268122,1.320761069,103.8067367
289426,1.334558076,103.8071304
288502,1.326808963,103.8101481
267486,1.323427772,103.7951423
267488,1.323557484,103.7952032
267489,1.323605051,103.7952227
289057,1.33631225,103.807182
288651,1.335739345,103.8047165
289023,1.335234434,103.807579
266588,1.328052116,103.7978179
288652,1.336848401,103.8040195
287588,1.331212784,103.8105623
288473,1.325502347,103.8101606
269659,1.317049259,103.8017028
272050,1.30990540281286,103.789998545172
270050,1.31017143953319,103.790510790692
270051,1.3095985111411,103.789942943508
271051,1.30921750061077,103.79011181444
271052,1.30897179808792,103.790674903663
270052,1.30877894086919,103.790177581593
689885,1.382797867,103.7496028
128134,1.308127135,103.7625756
120453,1.311921068,103.7660169
269397,1.322710076,103.7986481
118007,1.280410483,103.791031
289086,1.328408499,103.8051296
289085,1.328377307,103.8051727
279286,1.322372872,103.7858871
619168,1.309417544,103.710606
650457,1.35393914173101,103.737358494456
650459,1.35471115217407,103.738741505774
650458,1.3541602936949,103.737762969669
652458,1.35441338121119,103.738003018643
690310,1.361759703,103.7378622
691101,1.34998941183508,103.735711599188
129194,1.323769934,103.755579
669045,1.360849497,103.7590531
629833,1.334051097,103.7040846
618450,1.340684299,103.7183439
637734,1.300911235,103.62779
278332,1.316046425,103.7881847
597054,1.344211687,103.7736658
669684,1.377613839,103.7590707
690138,1.35401301917478,103.730263077861
119057,1.292829591,103.7689515
129060,1.321257462,103.7561512
276567,1.323047353,103.7924808
639186,1.326221816,103.6474393
628838,1.329988245,103.6918229
117884,1.27927986,103.7865722
638121,1.311002407,103.6315723
637583,1.314660559,103.6284795
588154,1.347228719,103.7702391
598281,1.32805738526675,103.769633922421
597217,1.327900577,103.7696938
679820,1.369850407,103.7686752
619816,1.32160712262108,103.728691204981
728661,1.432306854,103.7497846
739444,1.437115722,103.7437244
739445,1.437346471,103.7436753
688578,1.39166661,103.7511339
678359,1.358699747,103.7684695
599695,1.344263009,103.7705732
266584,1.328365155,103.7985646
637861,1.298466751,103.6300024
678929,1.372150111,103.7661441
287038,1.33570016,103.8049964
669137,1.359959112,103.7625682
643402,1.3534995821915,103.723818724691
642402,1.35375548706627,103.723269236795
650216,1.347105007,103.7536386
288597,1.335384138,103.8028616
638172,1.337985212,103.6907327
729503,1.407364336,103.7440574
698910,1.372722788,103.6904213
688535,1.391063824,103.7522177
598218,1.33566156,103.7724393
627944,1.331891975,103.7058848
689017,1.377574087,103.7456756
598237,1.335440436,103.7728235
629061,1.324290484,103.6673463
289025,1.335121805,103.807379
618665,1.338970251,103.7247075
729056,1.421618504,103.746433
289328,1.333349297,103.8061034
650475,1.35710168292617,103.746177231805
650476,1.35745172420603,103.745899498774
659875,1.3603313804856,103.741236536443
659872,1.3603313804856,103.741236536443
659755,1.3603313804856,103.741236536443
618695,1.335189333,103.7158144
659754,1.3603313804856,103.741236536443
659773,1.3603313804856,103.741236536443
643404,1.35393709142515,103.72351314288
600292,1.34367999293544,103.744283360822
619677,1.32360145622345,103.71653070725
652464,1.357996782,103.7421022
129533,1.317561217,103.7586805
638432,1.330783751,103.6360337
650534,1.355906982,103.7504116
669908,1.357541334,103.7603486
637787,1.310132753,103.6277928
121416,1.309825364,103.7700732
679676,1.3735009,103.7694173
117830,1.277168434,103.7905455
266698,1.321420385,103.8006446
288092,1.335392157,103.7905437
129650,1.301273911,103.7640091
287790,1.332771655,103.7996976
610065,1.332373511,103.7229205
610064,1.332373476,103.7224512
279553,1.322697489,103.786283
588960,1.340637467,103.7805351
287813,1.334000723,103.8016143
651103,1.348454876,103.7483399
596830,1.338904534,103.765454
637728,1.301190082,103.6270101
671635,1.386562258,103.7572081
638866,1.321634838,103.6367683
729754,1.406745224,103.769456
669842,1.35908073,103.7578377
597529,1.324260533,103.7656836
637100,1.276309024,103.6326113
673636,1.387434546,103.7591186
670635,1.386927488,103.7574992
677641,1.386152069,103.7631809
277672,1.311063565,103.795309
637568,1.316890493,103.6322615
639061,1.28831344686817,103.628522939619
118087,1.277928481,103.7906237
637578,1.301090575,103.6362292
619569,1.315675005,103.7265746
679752,1.371935214,103.7687005
118809,1.289629501,103.7744237
610063,1.332213982,103.7226916
611066,1.33178150391025,103.723126159943
641427,1.35105663344621,103.725574691858
640674,1.344762737,103.702601
597332,1.328752389,103.7673569
139586,1.308046502,103.7753267
718830,1.43848185,103.7273503
618457,1.340750486,103.7186478
669034,1.359726411,103.7592144
588602,1.336015897,103.7891545
637699,1.290832547,103.6244124
677946,1.397057417,103.7542898
267847,1.314563898,103.7979348
650297,1.345040665,103.7473895
267880,1.31480642,103.7970239
628851,1.330200722,103.6904115
598954,1.334796193,103.7657508
276593,1.32084955,103.7901184
130061,1.31120951222812,103.780005837853
132065,1.31245649651275,103.778288140825
130066,1.31288680661371,103.778110579738
131064,1.31198190730338,103.779388291881
131065,1.31224257832227,103.778445262469
130065,1.31244451597778,103.777890907325
130063,1.31182953718649,103.779754780955
130064,1.31201312548462,103.778900568955
129849,1.32250577329919,103.754273623469
129850,1.3223835134567,103.754123827807
129851,1.32225724352152,103.753968611854
618338,1.339182257,103.7175323
268392,1.322298783,103.7933459
688324,1.391132459,103.7509438
288619,1.33170725,103.8023024
119931,1.275409891,103.7970595
639236,1.329573733,103.6490545
598742,1.358061338,103.7645965
629540,1.314217771,103.6598703
629492,1.316490739,103.6672791
119295,1.277327284,103.7911553
679314,1.369974297,103.7709526
599921,1.337455645,103.7737334
277456,1.319845346,103.7882933
119519,1.279677207,103.7920994
669495,1.354951484,103.7600043
637726,1.301806481,103.6281984
637547,1.298412122,103.6317694
638904,1.322975791,103.6411917
658463,1.369555019,103.752797
289513,1.332323499,103.8064415
289512,1.332266817,103.8065117
287356,1.328972779,103.8091211
599059,1.335507978,103.7678855
677988,1.397884457,103.753692
679774,1.370476699,103.7689633
699808,1.377911948,103.7125693
287906,1.333717825,103.7992274
279060,1.314144128,103.7828968
287606,1.3322844,103.8092129
127968,1.316261516,103.756847
269881,1.31756974,103.800319
677625,1.366815965,103.7750375
139815,1.29444235984052,103.79512874632
139817,1.29444235984052,103.79512874632
658522,1.372476564,103.7525579
287192,1.33094569,103.8100123
268618,1.321322357,103.794118
122445,1.31266626,103.7646236
120415,1.310988047,103.7715851
140091,1.305870346,103.7997636
129262,1.318849459,103.7584
672491,1.38277127481885,103.774045062077
671489,1.38184019106307,103.774157807153
671491,1.38284651167853,103.773657027595
672490,1.38225605196728,103.774101292117
673491,1.38340761352999,103.774123999512
658766,1.340067671,103.7602771
289024,1.334092132,103.8082521
692308,1.36098636,103.737747
692309,1.362129695,103.7368807
692306,1.361198538,103.7359856
279960,1.331446801,103.7872842
637044,1.316942317,103.6304846
640476,1.347715743,103.7241842
628144,1.307304072,103.6939049
139946,1.296919804,103.7893398
127973,1.316028204,103.7570363
276648,1.319106766,103.7889706
276844,1.315596335,103.7837571
688334,1.391192285,103.7506768
658478,1.371393942,103.7520211
689415,1.377496821,103.7584573
129225,1.322667149,103.7560805
127659,1.318363061,103.755082
149163,1.290752344,103.8065086
266674,1.327058493,103.7986525
118831,1.281165481,103.7862071
598198,1.335326443,103.7714051
589242,1.344986554,103.7755546
677957,1.396992393,103.7540034
268129,1.319242897,103.8075667
288469,1.325814225,103.8104763
599094,1.334920765,103.7677939
126901,1.312806156,103.7556222
608921,1.323642561,103.7426751
267008,1.314523702,103.7911742
148959,1.296750414,103.8008604
628767,1.328297816,103.6909208
609890,1.33067522480302,103.740968402065
680544,1.393717376,103.7437625
288045,1.348488758,103.7915285
287846,1.332448409,103.7996115
119665,1.28157674,103.8010054
596414,1.344943466,103.7710177
127380,1.30888523,103.7611952
597299,1.325842591,103.7663791
597206,1.326265274,103.7690897
639452,1.32526563,103.6531412
588800,1.337036754,103.7869905
651327,1.363066061,103.7478286
654113,1.349419689,103.7450548
598529,1.343315373,103.7667634
680535,1.391339945,103.7439319
276524,1.327535048,103.7943578
120343,1.317908526,103.7709344
129450,1.318795057,103.7575958
286969,1.336160749,103.8053422
690242,1.359673593,103.7292963
119745,1.278156848,103.787665
618315,1.339235707,103.7182653
619589,1.3188805385683,103.728042339644
688424,1.390254482,103.7506858
276720,1.331768614,103.7919355
269120,1.324115172,103.8039619
266260,1.321104788,103.7930165
679124,1.367377625,103.7686375
692322,1.361927287,103.7348299
691322,1.36220155,103.734278
692323,1.363018683,103.7344639
650116,1.349628665,103.7463811
650386,1.363939422,103.752556
679549,1.37073466,103.7651433
588336,1.341198558,103.7858942
274057,1.31069731425188,103.781930289881
637987,1.339848704,103.6909672
638229,1.338196705,103.689718
600294,1.34319388383525,103.74446926302
682824,1.37368934584153,103.747996129126
641406,1.35451437287806,103.72379293844
597359,1.326027948,103.7683367
629849,1.32154778757664,103.685586079412
277421,1.320208223,103.788928
279373,1.32463049,103.7878633
599845,1.335330777,103.7730703
129634,1.31703355684198,103.763506485103
139816,1.29444235984052,103.79512874632
636829,1.318312896,103.6308613
642274,1.352865553,103.7032805
596121,1.334655061,103.781492
139311,1.294386368,103.7959617
609038,1.302904535,103.7373166
699893,1.36192301424331,103.730200840655
699886,1.36190672929397,103.731042025984
699913,1.36150164949926,103.730169909399
699895,1.36190078977329,103.730790607778
699910,1.36149747523493,103.730779254791
699892,1.36192349991236,103.729948432183
699891,1.36192865449978,103.729712493673
699909,1.36150266271849,103.731060572318
699912,1.36149804974031,103.73043949934
699911,1.36114965205812,103.73064131967
699894,1.36192145614213,103.730461439514
688217,1.370908534,103.7480567
688216,1.37192651,103.7492585
688218,1.372541899,103.7485845
739443,1.438300974,103.7454819
619775,1.325005403,103.7227846
691323,1.362613935,103.7347321
266099,1.321378101,103.8024696
637797,1.294298142,103.6248572
288903,1.328392317,103.8066849
598932,1.33565993,103.7657968
688276,1.390821342,103.7523086
681823,1.37464039774669,103.749261976868
602417,1.32223164068431,103.744461245355
142204,1.29049331801888,103.800352670381
682822,1.37499091145406,103.748249200839
699853,1.36454585288215,103.711710268206
699859,1.36350947492623,103.7129205962
601338,1.35048950673869,103.730974523701
636753,1.269326801,103.6427783
638747,1.26942185,103.6418116
269688,1.317025982,103.8006268
677622,1.365570784,103.7750491
117661,1.280405384,103.7898054
127737,1.312613607,103.7580564
668864,1.358443343,103.7607132
596972,1.338589054,103.7662097
637111,1.274962399,103.6316296
129554,1.319092952,103.7594628
279312,1.322243741,103.7874439
677738,1.38684952,103.7717053
688727,1.389677176,103.7522741
729064,1.418485816,103.7464108
608568,1.338332829,103.7535352
658688,1.371439506,103.7523388
129107,1.321780747,103.7589676
618325,1.339095378,103.7180395
648532,1.353122217,103.6992912
119933,1.27567981,103.7977068
737950,1.416593708,103.7553169
729045,1.417572426,103.744217
267838,1.316093365,103.7981492
650630,1.350087718,103.7499149
658333,1.368648693,103.7529366
650111,1.348406443,103.7459949
119317,1.29132682464133,103.788260858007
719969,1.42920778250016,103.720733361025
596686,1.340585798,103.7701919
588683,1.335700484,103.7871967
275773,1.324016831,103.7928154
266671,1.327495359,103.7986859
267261,1.323100121,103.7976288
629538,1.313324087,103.660295
287976,1.334945901,103.7980261
648553,1.353924199,103.6983562
269475,1.322016149,103.8048833
599545,1.322930351,103.7737841
648496,1.352500839,103.7001399
637736,1.30081711,103.6280428
638027,1.304365696,103.6286769
277879,1.327934148,103.7923355
597592,1.318459094,103.7766377
681533,1.391648655,103.7433872
127423,1.311995882,103.7571801
669025,1.361086391,103.7593295
600301,1.34404145,103.7355001
596327,1.342832501,103.7749382
719866,1.44418649885584,103.730316138972
289327,1.334356631,103.8063283
119616,1.290502326,103.7781014
269240,1.316215598,103.7906996
608589,1.336198123,103.7514584
129755,1.293149629,103.768937
588619,1.338889123,103.7884917
677624,1.366812141,103.7745006
677623,1.366302647,103.7745016
677615,1.366374835,103.7750825
278888,1.313970392,103.7798586
278623,1.317566998,103.7866406
599861,1.334739355,103.772974
648115,1.357090659,103.702846
648116,1.35784868,103.7035407
129630,1.29276768939177,103.76397526738
270053,1.31043433494085,103.784039068902
270057,1.31107745296076,103.781990215358
691327,1.36582688212019,103.734303563539
273057,1.31128978222781,103.78210444114
640994,1.33655599700702,103.693074177043
692327,1.36669380883049,103.73441451235
679188,1.366974307,103.7685557
289448,1.335860357,103.8065418
650331,1.363611866,103.7476453
650324,1.362164728,103.7476281
588687,1.335794609,103.7870169
588686,1.335374593,103.7870153
588476,1.340445612,103.7812311
276713,1.331328463,103.792044
728663,1.434009482,103.7513845
127665,1.317717401,103.7552109
289868,1.332272307,103.807201
596187,1.338169804,103.7695254
681663,1.40201704788428,103.750489133529
128561,1.305612306,103.766295
658015,1.368653619,103.7530443
658327,1.368641301,103.7527764
677846,1.372988909,103.7724612
679978,1.378962203,103.7747424
117596,1.296109882,103.7810927
669486,1.355313363,103.7597071
276213,1.313146174,103.7820968
658373,1.370092248,103.7521539
648159,1.345598541,103.724023
276874,1.313733409,103.7850898
278138,1.3137222529361,103.785088078836
276876,1.313681721,103.7851169
279577,1.31359615104262,103.785115933448
668384,1.375403719,103.7572118
668385,1.375478981,103.7574397
668383,1.375133223,103.7573036
619942,1.332989756,103.7122123
668382,1.375254595,103.757531
611134,1.32684262698942,103.729027928457
680563,1.395669184,103.7457261
637649,1.301503599,103.6265731
119048,1.293084143,103.7691583
691100,1.34909424343995,103.736059300427
279263,1.321771679,103.7848268
688199,1.373954203,103.7394207
129745,1.292835349,103.7686148
650168,1.347170253,103.7412985
668901,1.359469038,103.7598603
719867,1.44144159817421,103.730727061513
128329,1.309010914,103.7561605
669949,1.357526856,103.7585073
668622,1.360196376,103.7617476
596569,1.340444375,103.7717095
693322,1.36164732,103.7351459
629122,1.301858981,103.6986312
126814,1.293026564,103.7670575
279348,1.324409018,103.7855841
599378,1.33294345,103.7672717
678872,1.3719161,103.764318
597885,1.344189865,103.7718201
669583,1.354164387,103.7614542
598189,1.334860845,103.7709287
588864,1.341671266,103.7819101
599019,1.336503438,103.7700193
142091,1.300727923,103.7994173
688377,1.39032954,103.7519622
628365,1.302392121,103.6657738
658788,1.340577383,103.760961
699003,1.385386233,103.7317663
138707,1.294466576,103.7970356
288523,1.325018819,103.8100838
689737,1.3740435925344,103.740858208631
678077,1.360123682,103.7675422
599134,1.334978598,103.7670399
599259,1.333664654,103.7700131
267022,1.315657598,103.7929545
589202,1.341952833,103.7856798
589230,1.341927664,103.7856149
279565,1.322820551,103.7871253
678017,1.397816753,103.7539992
678372,1.357990362,103.7691785
287811,1.334046235,103.8013932
267543,1.326676431,103.79547
587772,1.346246526,103.7769704
587770,1.346246526,103.7769704
587768,1.346309904,103.7771887
587767,1.346309904,103.7771887
587766,1.346309904,103.7771887
120212,1.323317524,103.7612597
699807,1.377911948,103.7125693
596378,1.344618562,103.7725932
289727,1.33676801,103.8037168
279526,1.322791429,103.7847472
729900,1.405541179,103.7571668
127900,1.314986845,103.7567815
596938,1.33788499,103.7658762
278352,1.316113412,103.7868923
278360,1.316703807,103.7864541
266356,1.322487019,103.8010508
117667,1.289917115,103.7765808
287842,1.33230981,103.7994321
289903,1.327948865,103.8128339
117662,1.280428212,103.789754
148945,1.291986369,103.8067781
628792,1.329554417,103.6897387
672177,1.380036001,103.7650618
658600,1.371261189,103.7530117
688659,1.392670619,103.7524471
597897,1.34406328,103.7710743
278522,1.309808576,103.7968575
278491,1.308673205,103.7978502
618452,1.340744309,103.7184334
729914,1.406636598,103.759273
599663,1.342441497,103.7711571
652459,1.35471633623249,103.738424366991
129852,1.32241572562963,103.753567295882
629957,1.25688598225819,103.671624020166
628638,1.324007604,103.6857992
139747,1.30308742095225,103.790032980469
269595,1.323238932,103.8045748
267774,1.322528096,103.7921499
128273,1.308608122,103.7568185
669565,1.358599059,103.7650329
268896,1.322397412,103.8120717
600103,1.33668715,103.7380592
642685,1.342920389,103.7041688
643661,1.33607704,103.7050502
288488,1.327340871,103.8104096
629021,1.329693387,103.6740813
596933,1.33805244,103.7648811
128129,1.30805238,103.7623709
128386,1.311398672,103.7524301
279926,1.321297114,103.7844326
729490,1.408504943,103.7438138
248427,1.305453816,103.8025622
600404,1.319816613,103.7492833
680229,1.380653749,103.7463673
119667,1.280280076,103.7997699
287286,1.329726001,103.8080791
648564,1.353634482,103.6985507
628629,1.323391237,103.6906629
677965,1.397264174,103.7538989
668999,1.360030142,103.7602444
596954,1.338232225,103.7659383
699898,1.400430347,103.7276931
619826,1.33073778,103.7134033
618412,1.339774937,103.7181162
268743,1.328696683,103.8001586
117632,1.290726418,103.7707075
739676,1.417896731,103.7591829
628010,1.326315995,103.6902049
268761,1.329252232,103.8006759
278710,1.313074024,103.7909307
690331,1.36574754571894,103.736042403556
690328,1.3661608446871,103.734553857217
271058,1.31206551545252,103.780099946471
641994,1.33617622927297,103.693240168615
641993,1.33614413321084,103.693763197376
266694,1.321570604,103.8010856
267971,1.319734859,103.8051726
118718,1.290550241,103.7725181
597088,1.323446546,103.7667461
588636,1.343800141,103.7879507
596589,1.337454988,103.7648067
589409,1.348613926,103.7892116
127864,1.31409128,103.7559832
149158,1.290851135,103.8060728
690231,1.359046181,103.7323679
690228,1.361379725,103.7338938
639191,1.329485671,103.6441282
690220,1.359352409,103.7300547
596932,1.337858588,103.7656992
691332,1.36515757135033,103.736192450729
691331,1.36550113045871,103.735835688509
692330,1.36636002257175,103.736904916916
639334,1.319846277,103.6558786
648597,1.35423459,103.6983882
278261,1.310713184,103.7969583
638041,1.30823554,103.6311018
588917,1.340907409,103.7804889
588916,1.341077407,103.7801118
118867,1.282606693,103.7843643
276724,1.331826061,103.7916958
739503,1.43594536,103.7540084
128951,1.32217019,103.7553378
669833,1.358182983,103.7580711
596424,1.344797244,103.7706847
638377,1.33555153,103.6445896
638567,1.336815004,103.6365995
718793,1.428123758,103.7027408
688783,1.391801366,103.7512161
589318,1.347094743,103.7757826
588628,1.342797642,103.7884868
287665,1.328754314,103.80784
289078,1.328172079,103.8054869
627767,1.261276197,103.6748405
278028,1.308921578,103.798995
589624,1.333808226,103.7877781
629482,1.317480694,103.6676156
142055,1.296589236,103.8041754
129280,1.319716428,103.7570943
287845,1.331944625,103.7992432
289452,1.332892271,103.8074338
289492,1.333587782,103.7990669
688380,1.389977629,103.7519133
117835,1.277776776,103.7902518
598123,1.340855784,103.7731394
589192,1.342629134,103.7863158
636909,1.274869171,103.6382317
269971,1.323057482,103.7937888
267791,1.323509515,103.7923516
268420,1.321833861,103.7921816
267784,1.322802353,103.7923746
680551,1.394288729,103.743063
126859,1.308321756,103.765088
738782,1.430787946,103.7623619
636890,1.272262288,103.629094
627768,1.261315781,103.6748951
619860,1.336416132,103.7137228
142096,1.295803889,103.8128206
129391,1.320745605,103.7583807
679518,1.369794702,103.77712
117454,1.292051949,103.7699962
117455,1.292051949,103.7699962
699806,1.377911948,103.7125693
669960,1.357549916,103.7577943
289006,1.333340262,103.8083489
650105,1.348572654,103.7471562
268100,1.32017026,103.8079111
677795,1.372942158,103.7735536
267789,1.323635945,103.7921388
638980,1.319231664,103.6444835
277224,1.318852352,103.7817862
128755,1.308487927,103.7643648
600417,1.32221816738912,103.745058666424
648791,1.352298779,103.7010418
587966,1.344803346,103.7884882
277819,1.330129901,103.7941001
129955,1.307679676,103.7706972
650636,1.349632742,103.7518257
629824,1.333911042,103.7021565
628818,1.329805276,103.6959116
628081,1.328786911,103.6987848
628824,1.329751932,103.6943363
288902,1.32837623,103.8065946
118620,1.281716023,103.7830225
276582,1.321071665,103.790716
128101,1.313535596,103.7574061
268626,1.320932796,103.7940404
619662,1.32624862671464,103.721466445308
688403,1.39049149,103.7512392
128736,1.307778257,103.7640853
677987,1.397870978,103.7537535
599833,1.335093455,103.7727542
120353,1.31437918,103.7709196
638749,1.26950616039647,103.640412271321
658685,1.371789862,103.7523581
279575,1.322516588,103.7839718
279014,1.313134147,103.784374
269670,1.318323808,103.8018528
669023,1.361138516,103.7598572
289266,1.332817376,103.8050912
289273,1.333538582,103.8049243
642404,1.35404858805182,103.724078161362
637321,1.336836972,103.6421231
278275,1.310477438,103.7967145
648753,1.351626988,103.7004523
288480,1.327492413,103.8099395
689338,1.391735132,103.7426251
628169,1.326297693,103.6920191
637819,1.351060953,103.6891823
268095,1.320193058,103.8084661
127408,1.312202055,103.7574504
619745,1.309825543,103.7225374
648634,1.35368356,103.6973523
278214,1.311123995,103.7986953
729505,1.409812153,103.7427816
739908,1.416608576,103.7599838
639221,1.32539801,103.647153
628424,1.304591533,103.6563049
629499,1.315632142,103.6646138
128701,1.307610993,103.7630817
288087,1.334663117,103.7910502
289453,1.33300614,103.8073891
119483,1.281132617,103.7862508
140187,1.29301990039928,103.801810807466
142186,1.29272711304594,103.801627215937
140185,1.29200741192021,103.800962553555
140189,1.29381487720351,103.801889533735
610133,1.32747623308089,103.728564512384
610135,1.32682384134343,103.728021393275
610136,1.32703832995407,103.727132087974
117572,1.294965513,103.7712216
278096,1.312077187,103.7987401
588479,1.340889299,103.7821067
277876,1.328673666,103.7921319
117557,1.295467181,103.779774
673442,1.381487569,103.7709422
680678,1.401710702,103.7440927
669368,1.354692701,103.7602072
287237,1.327378277,103.8084685
629816,1.333907273,103.7064228
629242,1.317605862,103.6657428
638500,1.310729111,103.6502951
596645,1.338967492,103.7689086
658805,1.338200089,103.760719
278691,1.330197856,103.7888254
138563,1.292371742,103.7947059
127712,1.31953454,103.7550411
678892,1.372135553,103.7649652
286803,1.335431237,103.8070571
286983,1.335600816,103.8060005
698974,1.393726125,103.7279583
128133,1.308490128,103.7626329
126860,1.307807294,103.7645373
648433,1.353451239,103.6984279
278563,1.311332093,103.7998992
627562,1.313444816,103.7011979
627567,1.312998451,103.7005927
611182,1.333545797,103.7226775
678500,1.368274356,103.7700342
681161,1.379732577,103.7591252
688473,1.392099805,103.7497753
688419,1.390593038,103.7507833
119151,1.280123593,103.7884865
268697,1.312928759,103.7953789
276478,1.330717422,103.7949881
287165,1.330771205,103.8091839
279181,1.313317826,103.78525
278521,1.309770622,103.7969003
718773,1.373226636,103.6943495
640753,1.348456601,103.699949
627526,1.276132934,103.7144139
289500,1.331980537,103.8073948
681672,1.401893206,103.747365
277617,1.328995757,103.7930008
287848,1.332540722,103.7997238
729039,1.418608956,103.7476856
679121,1.36738205,103.7689574
718867,1.44381026,103.7219209
690117,1.356345552,103.7358235
690116,1.356200599,103.7348827
690129,1.358435753,103.7339286
596305,1.35198927,103.7654156
269864,1.314927856,103.7993446
627940,1.330910682,103.7057129
267176,1.323524387,103.7975578
267201,1.323537756,103.7969254
268258,1.322437581,103.796179
698914,1.391466891,103.7232105
267019,1.316143354,103.7926736
588959,1.340314853,103.7807782
266654,1.329570792,103.7992391
288012,1.347064374,103.7900155
288350,1.325478951,103.8125037
587974,1.34876778,103.7722216
599417,1.335328639,103.7694106
599213,1.34078791576894,103.775214714376
596222,1.330682006,103.758186
659534,1.341801922,103.7511113
118825,1.2904018,103.7764536
596621,1.337295243,103.7660886
678358,1.357969702,103.7687058
599179,1.33374531,103.767122
267695,1.326257018,103.7936379
118151,1.280061071,103.7867797
681802,1.374515842,103.7434743
692135,1.35469653791997,103.729545747482
649672,1.35951365543496,103.703176999788
598116,1.341208574,103.7736017
118513,1.274901197,103.7951863
648866,1.350721747,103.7009437
618317,1.339211194,103.7182221
648541,1.35371701,103.6990217
596343,1.343437543,103.774813
678934,1.372629838,103.7663023
276511,1.32761176,103.7929224
602291,1.34341583048324,103.744086035589
693102,1.35101964240157,103.73390179655
128620,1.308346595,103.7617221
278639,1.319119733,103.7801553
648665,1.352358127,103.6983595
267163,1.323639632,103.798257
268421,1.32102347,103.7912062
628285,1.266396129,103.7203568
127516,1.315780782,103.754589
699012,1.380572225,103.7319607
609968,1.328587073,103.7541896
728861,1.428397896,103.749865
117706,1.28491565,103.7807075
267056,1.314926794,103.7918567
629607,1.319253575,103.6726012
588529,1.340864403,103.782423
128581,1.306290864,103.7668576
288032,1.347684579,103.7903437
599333,1.33327125,103.7687024
118514,1.274913973,103.7951356
118517,1.275000964,103.7948933
681820,1.375230651,103.75025
680283,1.379708716,103.7428712
651133,1.35145043,103.7447972
638638,1.322843267,103.65621
668624,1.360267673,103.761651
639664,1.351740646,103.6874961
688456,1.391028763,103.7498337
659839,1.35346842107271,103.741220066149
639530,1.324833031,103.6598646
688436,1.390344925,103.750321
677822,1.371981094,103.7736405
598202,1.335344672,103.7716104
679362,1.371328044,103.7709089
119475,1.271732419,103.8007075
277929,1.32368655644624,103.792187212755
277930,1.32367053671213,103.792101409591
277931,1.32358053282402,103.792119351566
619678,1.32452058866444,103.713565479142
597763,1.342958808,103.7724144
269583,1.323001661,103.8051958
279557,1.32276279,103.7867003
689467,1.376828893,103.7450542
126818,1.29646029,103.7681572
637401,1.317014204,103.6283347
118897,1.280346322,103.7862319
129297,1.319857297,103.7588798
266801,1.317670855,103.7894083
266865,1.318236229,103.7895944
597765,1.342951512,103.7723468
639002,1.325415637,103.639275
680562,1.39629871,103.7460227
680568,1.395670287,103.7462828
628564,1.312275477,103.6919088
637525,1.318074744,103.632418
268444,1.321620723,103.7909375
637429,1.314766171,103.6297514
619937,1.333727985,103.7126087
266762,1.319318143,103.8079286
128014,1.311582058,103.7604812
596253,1.335620026,103.7706181
627450,1.244588409,103.683989
269908,1.314049435,103.799003
658636,1.370611239,103.751163
279491,1.323381587,103.7867261
269056,1.324818306,103.8019212
637712,1.292248213,103.6233898
718861,1.43365781,103.7169916
127929,1.315939426,103.7567851
596929,1.33803064,103.7647681
599636,1.342159419,103.7722546
598109,1.336101605,103.7666154
677969,1.397334033,103.7535831
269116,1.324078126,103.8044076
269115,1.324037392,103.8045671
654448,1.35261453,103.7405798
690124,1.360069226,103.7350019
266794,1.315909678,103.790098
266330,1.323768628,103.7992593
129232,1.323101931,103.7556229
268297,1.317276264,103.7946385
287744,1.32792373,103.8087038
267389,1.324979587,103.7933482
668614,1.360058816,103.76194
679552,1.370792935,103.7651122
267627,1.326830341,103.7974518
599659,1.342341394,103.7712416
596322,1.342081028,103.7745036
688516,1.392247159,103.751787
118164,1.28072491,103.7871636
287999,1.33458322,103.7952767
599718,1.342607936,103.7714584
279097,1.312517143,103.7837994
119431,1.273927483,103.7945028
139955,1.297958567,103.7874354
689106,1.399286813,103.7505473
669043,1.360750597,103.7590271
588290,1.337729115,103.7863176
276656,1.318743981,103.7888054
277782,1.3304819,103.7931735
693306,1.360750657,103.7363962
119545,1.279769944,103.7907618
629840,1.333974112,103.7037585
287728,1.327239738,103.8089425
288937,1.330283425,103.807566
599490,1.330134121,103.7749951
680787,1.395240385,103.7476989
639801,1.345369917,103.6826688
596277,1.335246262,103.7704351
119160,1.281179612,103.7883239
729141,1.417634442,103.7486544
739537,1.43367006,103.7556843
119462,1.276543091,103.7925204
637223,1.316441517,103.6348092
288185,1.337572741,103.7909772
127773,1.313152644,103.7590244
648419,1.352999991,103.6990791
668121,1.376194993,103.7590567
679756,1.371684125,103.7687212
729938,1.406485233,103.7577134
289675,1.324444054,103.8113379
269014,1.322267299,103.8067702
596653,1.338431561,103.7689873
286675,1.328689684,103.8049293
267961,1.318649198,103.8046142
658811,1.338261866,103.7609099
589405,1.34852616,103.7889611
690238,1.361725648,103.7333579
128092,1.314117904,103.7566123
598747,1.358320109,103.7637424
690123,1.359217215,103.7349051
718843,1.441264416,103.7204697
588898,1.340375083,103.7798633
670259,1.377507276,103.7736056
670252,1.379953428,103.7740584
637700,1.290883098,103.6242777
269344,1.321670793,103.7982765
597554,1.346131745,103.7643527
609292,1.299909621,103.7474411
679234,1.368924046,103.768638
689718,1.385822713,103.7466743
597159,1.33089357,103.7664402
287984,1.335043683,103.7931907
597703,1.343041852,103.7718476
589791,1.342605052,103.7874093
598060,1.335513024,103.7667638
669096,1.359435531,103.7571897
639096,1.327069815,103.6407924
629478,1.317290724,103.6682578
677678,1.371054325,103.7732202
144053,1.29270309,103.8080683
628568,1.310645874,103.6923095
289129,1.332893072,103.8057667
279256,1.32199162,103.7843062
681628,1.39739412482995,103.74605587408
276869,1.314378431,103.7853168
287455,1.330531922,103.8082041
268894,1.322596244,103.8117058
277731,1.310441356,103.7951635
277747,1.310374215,103.7951152
588484,1.340880438,103.7815748
637193,1.315896902,103.6347614
637201,1.316151531,103.6340693
288115,1.338470966,103.7897084
599865,1.335351833,103.7736811
658664,1.370655662,103.7521327
658838,1.33852872,103.7620058
729351,1.418864274,103.7507368
659545,1.341840347,103.7558219
118205,1.277874723,103.7897575
277258,1.318398062,103.7823345
277260,1.318301955,103.7822587
690226,1.360207394,103.7333355
289447,1.335805211,103.8066
269745,1.329345287,103.8004786
739852,1.415460036,103.7571517
738041,1.416500797,103.757439
738034,1.416393802,103.7569571
669502,1.355379552,103.7602851
690224,1.357890813,103.7303452
269593,1.323191036,103.8047019
689022,1.377258344,103.7457711
679585,1.37158281,103.7659489
669692,1.377850923,103.7594792
128648,1.308780933,103.7616972
118978,1.292331966,103.7726177
598841,1.340761232,103.7665221
127403,1.312301792,103.7579308
718869,1.43957845,103.719036
598076,1.336979333,103.7657682
127834,1.314373625,103.7560835
126844,1.297549243,103.7633016
729652,1.403851771,103.7554756
679487,1.370444144,103.7713743
119758,1.280083756,103.7888116
690243,1.360553072,103.7284414
267481,1.32352806,103.7959067
129025,1.321038622,103.7566251
127835,1.313563433,103.755588
638294,1.338468794,103.6925105
589876,1.340331603,103.788412
278817,1.317271256,103.7832736
668616,1.360075243,103.7618846
126836,1.295674794,103.7680983
679367,1.372212216,103.7708125
596261,1.335397764,103.7707497
638324,1.339652886,103.6912533
640673,1.34432718,103.7006145
669436,1.353484519,103.7594062
596204,1.345226956,103.7728615
689883,1.383363372,103.7496388
277242,1.318126324,103.7812683
269507,1.323355543,103.8038214
689401,1.377617532,103.7579016
589875,1.340391518,103.788092
669609,1.357233524,103.7604685
128727,1.30819502,103.7635258
637682,1.291600318,103.6246578
648357,1.351378184,103.6961471
637730,1.301099527,103.6272845
728776,1.407935919,103.7514782
268563,1.324876753,103.7937061
679557,1.371068822,103.7656293
598606,1.3411784,103.7721164
288141,1.335755757,103.7905897
159950,1.290669962,103.8068551
589325,1.346743863,103.7764237
629052,1.324481422,103.6717959
139249,1.304551565,103.7860713
266479,1.317126028,103.8043002
271050,1.30970134638704,103.790422390773
118530,1.276202134,103.7949265
277989,1.311306378,103.7981773
269803,1.321047172,103.799111
266768,1.318771483,103.807414
288494,1.32715543,103.8102738
287580,1.330885046,103.8101955
688476,1.392188215,103.7499142
269564,1.322442475,103.8056192
648421,1.353060318,103.6989895
598067,1.336667117,103.7671802
128240,1.307890526,103.7569315
279090,1.312433333,103.783081
688435,1.39069771,103.7503277
289760,1.344857131,103.7920823
598056,1.335817711,103.7673128
598456,1.345117369,103.7652825
119529,1.27849021,103.7917363
598999,1.336192426,103.7683525
599615,1.34208499,103.77311
596325,1.342778521,103.7749492
719844,1.4201454598348,103.722581902007
608521,1.3319184,103.7449204
738689,1.43425428,103.7619271
688603,1.391487814,103.750323
117666,1.289982898,103.7766052
688685,1.391669252,103.7525991
588047,1.338441131,103.7825453
739888,1.415642147,103.7590806
138685,1.305383216,103.7831807
128256,1.308034016,103.7559633
276612,1.320075256,103.7891298
289848,1.334534801,103.8099133
638773,1.315059483,103.6528147
289671,1.334027492,103.7906806
277850,1.329625916,103.7937455
278666,1.33019165,103.7870484
650143,1.350376435,103.743909
638985,1.321035441,103.6416007
129059,1.321277923,103.7562102
729325,1.409732706,103.7503974
588499,1.341540014,103.7821267
679413,1.370331041,103.7729297
278431,1.309410184,103.7995465
637229,1.318462526,103.6334572
589034,1.336520211,103.7847494
629546,1.30465837332905,103.666310039254
119232,1.30047047321458,103.775204009944
121210,1.321750186,103.7629882
121209,1.322209227,103.7636406
268535,1.322527841,103.7950446
599844,1.334338054,103.7721756
278403,1.316741023,103.7866223
609024,1.306781421,103.7356044
267748,1.321235645,103.8110248
270068,1.31084413667355,103.793148897517
271068,1.31027378807376,103.793193787236
270067,1.31049760838052,103.793732082564
600291,1.34379945407852,103.743885318418
597392,1.325969342,103.767192
118720,1.291003737,103.7712429
121114,1.324276036,103.7705273
599639,1.341849992,103.7718011
597940,1.344045414,103.7735343
677765,1.372105008,103.773411
681135,1.380297904,103.7519736
690234,1.360314349,103.7311336
690239,1.361997368,103.732729
268096,1.320043779,103.808334
277450,1.319443236,103.7879899
669825,1.358182351,103.7584352
692111,1.355456405,103.7341101
278232,1.310712021,103.7982668
276283,1.313237818,103.779567
119747,1.278371531,103.7882015
287145,1.330268574,103.8091223
679962,1.38836583415352,103.765510638527
288063,1.347042771,103.7907314
279351,1.32178069,103.7868874
589743,1.339041383,103.7871943
680003,1.382476565,103.752528
119613,1.292296996,103.7758671
598915,1.334439851,103.7662697
678557,1.360183689,103.7689534
278148,1.309526476,103.7990141
129033,1.32076692,103.7569722
728850,1.429737653,103.7474556
597740,1.34318661,103.7732897
276194,1.312422309,103.7823772
598749,1.356980858,103.7659506
268393,1.322251001,103.7933071
628417,1.307810668,103.6587527
129466,1.318420469,103.7576277
608618,1.312559713,103.7309309
278559,1.311081276,103.8002122
659959,1.35013697,103.7475114
613337,1.337190346,103.722004
608973,1.303002671,103.7405903
269312,1.322101141,103.7971481
729927,1.405951713,103.7574749
126785,1.320589045,103.7701659
678066,1.359569049,103.7676098
638048,1.307431189,103.6297824
678712,1.368429554,103.770436
129395,1.320915576,103.7579173
628016,1.32738743,103.6903986
649962,1.349219066,103.7104937
688269,1.390421438,103.752512
638252,1.338353556,103.6916486
668209,1.375067333,103.7585626
598759,1.340180895,103.7667718
589375,1.348050773,103.7883664
589395,1.347990472,103.788638
618447,1.340154735,103.7188118
118564,1.277590738,103.7891197
277059,1.315819572,103.7851999
266179,1.321856848,103.8025496
266177,1.321896706,103.8026366
289324,1.332995561,103.8062413
118258,1.288699019,103.7910834
268399,1.32249336,103.7930802
596486,1.337882714,103.7705504
680691,1.400896454,103.7514862
629616,1.319836962,103.6760441
288411,1.327400199,103.8122568
589472,1.336697264,103.7837234
120437,1.31664918422922,103.762051682614
729904,1.408340065,103.7586885
279843,1.331506256,103.7908883
627653,1.333974179,103.7029428
658567,1.369306648,103.7509843
627699,1.333662446,103.7029429
627779,1.308154122,103.6741253
637263,1.318082244,103.6291852
728772,1.406295901,103.7475384
658786,1.340512304,103.7608326
287396,1.328313571,103.8084178
659638,1.346602133,103.7562844
266973,1.323461383,103.80874
589553,1.339291226,103.7843787
120722,1.302913593,103.7637596
119511,1.279009935,103.7922315
677967,1.397299064,103.753741
587982,1.337721283,103.7843092
609338,1.321746003,103.746251
596787,1.338808576,103.7646167
598371,1.343541958,103.7682215
127774,1.312880805,103.7592839
277621,1.328763355,103.7928964
289286,1.334372174,103.8053253
269439,1.321869654,103.8091454
650453,1.351659361,103.7420747
277623,1.328463509,103.7928929
277624,1.328407876,103.7928846
289091,1.328556256,103.8049061
288698,1.332073286,103.8016158
628984,1.326157192,103.6719595
629087,1.327036331,103.6729913
287587,1.330906198,103.8108118
288444,1.32766935,103.8105874
287293,1.329163795,103.8082662
117960,1.280085535,103.791542
599514,1.324104849,103.7737399
688617,1.391658297,103.7521469
690113,1.3533669,103.7351733
699887,1.36191143783474,103.731287512954
277309,1.317629598,103.7831836
269001,1.323285617,103.8074769
269003,1.323154547,103.8073464
269829,1.320111005,103.7992327
149009,1.291003311,103.8054788
588911,1.340911192,103.7799203
278340,1.315728011,103.7874981
128958,1.322172505,103.7548295
637753,1.313471931,103.6302936
287334,1.328638917,103.8087164
289260,1.332512533,103.8052957
289271,1.333383145,103.8049598
611115,1.334028569,103.7245394
729344,1.415726337,103.7509092
267021,1.316126785,103.792924
129408,1.320056402,103.7566591
688782,1.39188804,103.7508774
619594,1.325134196,103.7244557
127706,1.31689307,103.7554571
596971,1.338018717,103.7662362
659920,1.352137547,103.7593549
668285,1.376482817,103.7590956
689412,1.377314326,103.7578929
267973,1.319525331,103.8054215
650633,1.3491571,103.7511345
596470,1.321777879,103.7735132
659775,1.35995497039694,103.742320012935
659777,1.35958778711891,103.742461009831
659860,1.36012332124884,103.742108001375
659859,1.35970765125423,103.742113550639
659857,1.35926685989421,103.74209459892
659858,1.35943485657108,103.74186955616
659776,1.3597847682209,103.742530698372
279758,1.324181336,103.7848036
596747,1.341773002,103.7679966
596883,1.341094764,103.7699918
286683,1.32841247,103.8057625
638093,1.310297669,103.6298752
129414,1.319918514,103.7564623
648837,1.351098186,103.6999805
286629,1.328099546,103.8111382
669839,1.359232131,103.7579553
287309,1.328834554,103.8085471
149598,1.303140425,103.7966646
277317,1.316916051,103.7826545
269201,1.325025072,103.8034323
637011,1.287953714,103.6238635
729662,1.408870274,103.7510941
688582,1.391689234,103.7510285
277092,1.316654918,103.7818209
679716,1.371089549,103.7695179
269482,1.322814903,103.8048678
679299,1.368972618,103.7696068
276672,1.324450568,103.7928083
619102,1.31480991,103.7210226
599133,1.334364891,103.7670219
288258,1.334369645,103.8043257
279035,1.31216454554039,103.792689741396
279036,1.31216454554039,103.792689741396
279037,1.31216454554039,103.792689741396
637311,1.2717303743422,103.621613126657
637312,1.271730374,103.6216131
270005,1.312693106,103.7883088
658433,1.369520748,103.7519196
118797,1.290870742,103.7700666
127783,1.313297085,103.7593988
128630,1.308376097,103.7620029
117958,1.280097428,103.79148
118967,1.29228853,103.771931
118883,1.281840888,103.7852798
669559,1.361188149,103.7650531
589944,1.34137140164237,103.776905804914
690096,1.34793735286897,103.736758778262
690097,1.34793735286897,103.736758778262
690098,1.34793735286897,103.736758778262
690099,1.34793735286897,103.736758778262
690090,1.34793735286897,103.736758778262
690091,1.34793735286897,103.736758778262
598616,1.341820986,103.7714276
627667,1.333506862,103.7026159
588625,1.340820595,103.7889589
596397,1.345351189,103.7714569
275767,1.31767825,103.7862993
728956,1.42294727,103.7462017
679593,1.371682796,103.7662622
627836,1.304522832,103.6741787
597985,1.343925395,103.7722537
668841,1.358333584,103.7614901
628536,1.23865788111229,103.675362749236
639386,1.26299636142722,103.618357860571
619562,1.31707942796851,103.723940919142
648724,1.352125462,103.700288
619898,1.337373517,103.7128593
289075,1.328083309,103.8056206
288926,1.329930117,103.8072149
278346,1.315623755,103.7872545
597098,1.324495076,103.7665063
690092,1.34793735286897,103.736758778262
129790,1.302445657,103.7673203
122437,1.31662373060985,103.762393868662
287805,1.334030569,103.8006012
638436,1.333185013,103.6394314
688522,1.392272296,103.7519507
658774,1.340286117,103.7604669
618770,1.330693449,103.7143665
598171,1.335957984,103.7660202
637228,1.318457438,103.6342346
629786,1.330904222,103.7040367
596784,1.338211063,103.7645533
119223,1.297506928,103.7745991
668609,1.360218334,103.7623541
276857,1.315282813,103.7843679
279927,1.321234011,103.7840909
649920,1.37500619961016,103.697026181968
129804,1.303134452,103.771732
588147,1.347796179,103.7703457
688437,1.390707597,103.7502787
277918,1.328119445,103.7927882
277914,1.328145433,103.7931219
599209,1.34465980891298,103.767469334023
122438,1.31725205617556,103.762959005306
688489,1.392355435,103.7503804
288735,1.3323253,103.800764
688412,1.39017399,103.7510361
589738,1.338019401,103.7869924
688571,1.39128491,103.7512347
597028,1.342559618,103.7740916
266553,1.319558557,103.8017479
678509,1.368611412,103.7697695
619026,1.328311504,103.7122982
609297,1.298607121,103.7533724
627803,1.289467426,103.7230274
269020,1.322010678,103.8060888
638765,1.31601153,103.6534496
268584,1.323060812,103.7951402
649000,1.340793047,103.69047
636828,1.31824344,103.6310476
636826,1.318180888,103.6312153
268256,1.322470913,103.7975005
279532,1.322241679,103.7844129
118915,1.291915806,103.7713941
629862,1.320239311,103.6840699
668991,1.35981691,103.7606422
129413,1.320589864,103.7566392
127154,1.309772343,103.76189
289629,1.330963742,103.7991101
598602,1.340783326,103.7726069
120203,1.320771283,103.7623169
120202,1.320692364,103.7627147
120204,1.320985887,103.7632317
120205,1.321059963,103.7624347
596808,1.339187632,103.7649579
639578,1.321147212,103.6480332
143056,1.292861213,103.8099284
599373,1.333333717,103.7695177
129957,1.306564481,103.7693652
276153,1.326558196,103.7840388
128389,1.312586874,103.7537419
129398,1.320764032,103.7575021
268568,1.324915763,103.7930836
679376,1.371965068,103.7705494
278298,1.314680681,103.7798424
618302,1.324775725,103.7157636
597524,1.324360976,103.7657274
287792,1.332850273,103.7998069
120207,1.32231219,103.7623524
268173,1.322468822,103.810528
286674,1.328659785,103.804974
268663,1.327991034,103.7962835
286649,1.328431631,103.8086843
286647,1.328354527,103.8086299
287902,1.333445187,103.7994878
279073,1.312933642,103.7832363
587776,1.346194685,103.7767446
587771,1.346246526,103.7769704
627643,1.248483095,103.6776604
629760,1.3272308,103.6853667
279470,1.321501367,103.7873607
267678,1.32520391,103.7947954
618726,1.331791512,103.7242031
288139,1.343230987,103.7915736
638787,1.315909186,103.6523317
688339,1.390867285,103.7505341
589054,1.337584313,103.7852683
129555,1.319167561,103.7593545
690120,1.357847739,103.7363077
627618,1.317915352,103.6972755
669779,1.36042138620852,103.761973074964
649657,1.33809844792781,103.704624110866
668963,1.359210217,103.7614834
598205,1.334955747,103.7717669
269980,1.322929577,103.7934281
118090,1.277858139,103.7908114
276350,1.311154425,103.7990061
672613,1.384147884,103.7616612
276310,1.332177418,103.7892287
658593,1.370907055,103.7530667
118906,1.281707183,103.7854587
589770,1.34084176825735,103.777682636132
589605,1.34051114297432,103.777460370071
689049,1.378663056,103.7465631
638300,1.338814071,103.6923286
599444,1.34689430757223,103.767861218438
599445,1.34689430757223,103.767861218438
599446,1.34689430757223,103.767861218438
599447,1.34689430757223,103.767861218438
286931,1.336117275,103.8058987
668894,1.359021477,103.7598364
597734,1.34317557,103.7734652
653296,1.343697967,103.7481581
638456,1.320445366,103.6519708
658610,1.371242464,103.7526317
609257,1.302532151,103.7530938
287351,1.32900641,103.8090745
597354,1.325771842,103.7677902
288300,1.338198885,103.8126184
627805,1.282398372,103.6751743
650473,1.359729139,103.7438127
650470,1.35733695,103.7441987
600290,1.33996045,103.745857
729990,1.43693214508127,103.751129003586
127856,1.313781646,103.7565257
118553,1.276564912,103.7921259
628858,1.331120112,103.6905242
267154,1.323699506,103.7986344
688774,1.392107606,103.7508828
267984,1.321192544,103.8054505
688459,1.391231316,103.7498325
278167,1.309972797,103.7985606
268135,1.318654622,103.8069539
638724,1.317461048,103.6413205
287733,1.327715715,103.8089792
648759,1.351305404,103.7005103
679799,1.370607631,103.7684328
669606,1.355739382,103.7591436
276608,1.320186298,103.7891852
638388,1.332798312,103.6399327
127854,1.313833886,103.7564978
129096,1.321609617,103.7584286
128651,1.308835826,103.7615349
119710,1.279827463,103.7879016
278775,1.314968178,103.7813236
278779,1.314992074,103.7812099
699964,1.377645436,103.7243339
638410,1.344935664,103.6396965
127401,1.312374195,103.7581483
619932,1.334703786,103.7135219
636849,1.265865147,103.6254317
679569,1.371343411,103.7654036
129375,1.319642344,103.759418
609962,1.340126466,103.7372282
287599,1.332985921,103.810113
289924,1.331044953,103.812454
637132,1.28354928936787,103.624116353552
598942,1.335230593,103.7657433
599336,1.3331296,103.7683097
669465,1.355382409,103.7587115
286740,1.328968282,103.8055668
599671,1.342798592,103.7708995
587864,1.345549702,103.7762049
600120,1.335755156,103.7360141
119116,1.280366428,103.787123
596919,1.337712171,103.7649803
596756,1.338859551,103.7642907
681154,1.379186371,103.7575316
269345,1.322555307,103.7981681
129424,1.320370578,103.756387
739462,1.434909209,103.7555932
729905,1.40753481,103.7589079
267662,1.324837113,103.7955803
289542,1.334181048,103.7989817
269124,1.323754135,103.8033146
639250,1.332345788,103.6525697
141080,1.294561391,103.8096921
128742,1.307907597,103.7641951
267471,1.323527334,103.796271
267276,1.325067513,103.7987233
269433,1.322511439,103.809143
128059,1.298179769,103.7648809
138565,1.293791988,103.7931031
729229,1.412951305,103.7502818
279704,1.332286988,103.7918696
287161,1.330760837,103.8085559
599719,1.343001227,103.7712299
637654,1.290118346,103.6263753
597108,1.325222564,103.7655683
288053,1.348250661,103.7914959
688575,1.391315209,103.7510949
286732,1.328733505,103.8059217
739542,1.432985864,103.7565116
588540,1.340473939,103.782905
618378,1.339326615,103.7173605
609195,1.308289949,103.7312037
288909,1.328870888,103.8070193
117751,1.277146707,103.7927695
287780,1.332462143,103.7992879
648568,1.353584038,103.6980318
128318,1.309170779,103.7563751
266469,1.318533324,103.8063927
269149,1.323345827,103.8020381
288605,1.334222754,103.8028387
288699,1.333779175,103.8021586
589773,1.33983650602981,103.777767727642
589603,1.33991958805043,103.776935231106
589604,1.34022383162895,103.777148587722
589774,1.33962855388413,103.777571997447
589771,1.3402896585538,103.778006375027
589602,1.33925969146384,103.777399760922
589772,1.34003686623812,103.777857705193
598662,1.34689430757223,103.767861218438
118823,1.290307334,103.7764201
598864,1.341112295,103.7661513
668316,1.376929386,103.7594089
680541,1.392783275,103.7443218
627766,1.261236556,103.6747858
268604,1.321270237,103.7951635
289101,1.334044533,103.8057006
648748,1.351317392,103.7000791
658783,1.339857055,103.7616397
288521,1.325240951,103.8101675
288840,1.331461121,103.799512
286888,1.325514434,103.8113728
596287,1.335584386,103.7710276
598299,1.334508647,103.7797954
678937,1.37224809,103.7664249
588048,1.338498886,103.782994
127901,1.315031636,103.7568249
286785,1.329128573,103.8059843
618684,1.33237335,103.7169758
119787,1.279102604,103.7889413
276767,1.330719854,103.7913544
637574,1.298878386,103.625956
589381,1.348450938,103.7883249
648827,1.351109678,103.6997133
638722,1.315159631,103.6415907
670260,1.377941339,103.7733638
729234,1.409927444,103.7486514
672442,1.381433847,103.7713663
637896,1.308586891,103.6293571
677750,1.372475585,103.7730754
679863,1.372304171,103.7693336
289102,1.333615899,103.8057232
739662,1.417253548,103.7594646
679369,1.371750784,103.7711625
639932,1.341451141,103.6451732
639467,1.321609439,103.6495836
279216,1.32276118629116,103.784007423333
279771,1.324093041,103.7830378
267571,1.32686125,103.7958647
618694,1.333025711,103.7155031
668203,1.375242953,103.7585891
288430,1.327716453,103.8109163
659634,1.346254691,103.7533036
266806,1.318424663,103.7903031
597570,1.346190195,103.7648593
598387,1.344623576,103.7674653
267186,1.32303874,103.7970783
267187,1.323014705,103.7969885
118960,1.291539165,103.7719443
619561,1.317738535,103.7262408
287739,1.327619855,103.8084806
117833,1.277809138,103.7901433
608606,1.335090899,103.7586118
639661,1.352013714,103.6875258
658403,1.370305825,103.752388
658405,1.370310783,103.7524958
658406,1.370314618,103.7525471
277682,1.311432557,103.7945795
287287,1.329265651,103.8081292
599643,1.34192031,103.7716814
269983,1.322840045,103.7944266
268792,1.328103007,103.795271
677752,1.372291587,103.773088
628554,1.312010189,103.6957928
629362,1.307497738,103.665685
129108,1.320546251,103.7596823
129519,1.317831708,103.75848
597177,1.324641399,103.7681624
668307,1.376857856,103.7592492
596437,1.345077374,103.7703968
618419,1.340103239,103.7183181
628633,1.325077508,103.6905002
619530,1.326949336,103.707765
119331,1.280191384,103.7900915
596212,1.345081578,103.7725439
277771,1.330397274,103.7940672
599616,1.342087301,103.7730454
266409,1.319900527,103.8068853
598669,1.345029321,103.7680005
658852,1.338765918,103.7606593
637526,1.318101201,103.6323443
269804,1.320772637,103.7973918
588310,1.339896153,103.7860874
289307,1.335150151,103.8050086
639805,1.351385903,103.6861764
119481,1.281020433,103.7863467
637742,1.301223642,103.6280491
627740,1.286397927,103.7212877
597970,1.3434375,103.7727036
618455,1.340747933,103.7185393
618454,1.340742556,103.7184882
277394,1.318548817,103.7873415
596241,1.335720899,103.7709256
266757,1.320065577,103.8086079
277119,1.317451939,103.7808563
278341,1.31508482,103.7875634
658726,1.33911221,103.7610813
639046,1.335711746,103.6458018
597269,1.324933014,103.7669589
596943,1.338128719,103.7652773
128714,1.307389848,103.7634722
288907,1.328702276,103.8069068
609559,1.341701423,103.7410978
588305,1.339290778,103.785552
637065,1.252519057,103.6159843
110018,1.284342545,103.7774879
628162,1.326743626,103.6907647
598079,1.336587144,103.7659223
640453,1.351370707,103.7175022
640474,1.348097075,103.7241842
287125,1.330112723,103.8095747
288754,1.335595341,103.7897912
628467,1.326211115,103.6957781
589445,1.334803966,103.7880622
628474,1.328670556,103.6958385
638021,1.303308983,103.6294998
618468,1.340392704,103.719122
141052,1.293313145,103.8082534
142062,1.294386975,103.8114265
268276,1.315583991,103.7936146
699885,1.39947700982717,103.728634341678
658305,1.368614758,103.7521314
117433,1.291401876,103.7725386
287900,1.333379748,103.7994157
637450,1.332023982,103.6343503
648645,1.352775172,103.6977669
279202,1.312617421,103.7846955
638614,1.329928672,103.6422429
588322,1.340498282,103.7859426
589380,1.347911926,103.7880281
267773,1.322280516,103.7926617
596648,1.338802621,103.7689371
679751,1.372016447,103.7683351
268707,1.314996764,103.7951948
288898,1.328026642,103.8064317
628390,1.297287909,103.6655758
598844,1.340697976,103.7652628
637738,1.30071425,103.6283153
637349,1.319831592,103.6364268
637346,1.31882437,103.6354856
637347,1.319145145,103.6357875
637348,1.31950908,103.6361251
119246,1.295329405,103.7702087
266502,1.320715423,103.8031758
739465,1.435702268,103.7554699
679350,1.39028896209381,103.772000468017
119049,1.292749386,103.769353
279012,1.313377994,103.7845037
269557,1.321806236,103.8055375
680502,1.38910702,103.7433653
266922,1.323639643,103.8080606
668886,1.358906151,103.7600566
598156,1.33631905,103.7657358
637760,1.31307304,103.6313636
604286,1.339626011,103.7444688
603285,1.337888414,103.7466041
638170,1.338020837,103.6907797
627613,1.275713081,103.6653408
639874,1.34402625,103.6847742
268598,1.32174248,103.7948549
288047,1.348429187,103.7914671
110019,1.284532085,103.7772369
277883,1.329220567,103.7924508
628459,1.324836348,103.6954279
628562,1.311714541,103.6951313
648456,1.350967519,103.6982915
639466,1.317127874,103.633495
588207,1.349461245,103.7705851
629708,1.326928128,103.6874777
639026,1.331434902,103.6418509
276285,1.313327978,103.7794164
596410,1.345089397,103.771139
669440,1.353484394,103.7592818
597717,1.344586624,103.7721611
279649,1.328713956,103.7901437
276144,1.325925603,103.7844936
649823,1.34260353,103.7165084
618433,1.340382945,103.7185611
267228,1.324321157,103.7963813
279372,1.324750865,103.787828
690322,1.362453303,103.7353078
598767,1.340550186,103.7665845
118206,1.278043565,103.7895399
628942,1.32289361,103.6693351
266104,1.322327999,103.8022829
267364,1.324790311,103.7952114
689868,1.384680984,103.7484015
588543,1.340749984,103.7830823
648431,1.353389096,103.6985163
618349,1.338706384,103.7174304
267609,1.328913121,103.8017651
627891,1.263559323,103.6989605
642648,1.338387692,103.6981926
642649,1.337966734,103.6981225
641654,1.336123905,103.6982896
641674,1.344461337,103.7023153
267562,1.326633861,103.7943701
598269,1.337122075,103.7758897
267805,1.323649815,103.792824
128339,1.3086632,103.7558943
267852,1.316248714,103.7989582
288686,1.331318256,103.8027775
619817,1.32030761801092,103.728584440511
640238,1.341468605,103.7107079
269733,1.32476593,103.8085509
266903,1.324606241,103.8087916
658804,1.337824257,103.7606981
629663,1.314252353,103.6698034
118485,1.272419358,103.7997071
118676,1.289930984,103.7768733
669934,1.357963,103.7583742
628429,1.304001919,103.6557145
678899,1.371836024,103.7652209
279243,1.321784488,103.783732
278702,1.324752551,103.7851606
289419,1.334066398,103.8069739
649845,1.344310862,103.7204357
629704,1.326109498,103.6875294
639465,1.328929754,103.6563501
628243,1.285289273,103.6889321
658729,1.339538303,103.7612714
658856,1.338809618,103.7608039
669466,1.35539846,103.7587698
117623,1.281430438,103.7845488
278249,1.310736546,103.7973963
588008,1.340866838,103.7844071
599764,1.335929989,103.7738223
286669,1.328512511,103.8051976
668693,1.358333192,103.7594526
628829,1.331273489,103.6953507
658634,1.371190007,103.7518091
689688,1.385555163,103.7452615
278833,1.31416506,103.7815938
268130,1.319163094,103.8074502
267561,1.327178968,103.7941018
596158,1.340000986,103.7708699
637251,1.31841415,103.6290767
269381,1.322315837,103.8006618
596484,1.337818263,103.7705178
689473,1.376635141,103.7440488
128237,1.310052517,103.7553306
118719,1.290725291,103.7721145
119414,1.274679512,103.7946082
127890,1.312134896,103.7563493
267904,1.317180656,103.7957191
287560,1.330484006,103.8099585
287551,1.330287345,103.8099011
658595,1.370905034,103.7530154
288252,1.33622203,103.8031494
268243,1.322269974,103.7969727
658392,1.36976713,103.752787
127787,1.313379385,103.7594858
638174,1.337941644,103.6906775
640496,1.349989607,103.7238365
278097,1.312094619,103.7986398
266417,1.319664856,103.8066606
289471,1.332215326,103.8071929
276771,1.330403572,103.7912054
596799,1.338394276,103.7650756
658871,1.338613178,103.7613514
279604,1.324459561,103.7872169
267482,1.323549609,103.7957564
589112,1.338246749,103.7853924
121438,1.31686971326399,103.762723628508
121437,1.31647266685186,103.762961522245
120438,1.31729073830566,103.762656171406
589943,1.34137140164237,103.776905804914
289676,1.333652505,103.7940127
289706,1.333587661,103.8040623
129394,1.320928321,103.7580006
142007,1.30626136,103.7950452
658860,1.338853359,103.7609484
610366,1.337891083,103.7196814
597739,1.342835924,103.7733315
129343,1.318411384,103.75861
639086,1.323496327,103.6418514
267185,1.322967579,103.7972412
267184,1.322989357,103.7972937
267179,1.323073079,103.7975642
289786,1.333257327,103.8031124
289704,1.333236465,103.8040106
658708,1.37147352,103.7530562
278302,1.314788578,103.7795323
119702,1.27959733,103.7881603
266421,1.319543515,103.8065444
128551,1.305967069,103.7657538
629403,1.308558329,103.6656723
618774,1.331355036,103.7141663
637535,1.318446026,103.6323079
268184,1.316949706,103.8042148
637326,1.316069058,103.62831
642664,1.33835413,103.7035857
640441,1.351327315,103.7203831
658472,1.370807572,103.7514075
683489,1.376056835,103.7398062
266440,1.32003041,103.8061534
628882,1.332022205,103.6900035
287581,1.330603701,103.8106052
629570,1.312378029,103.6647558
268183,1.316661671,103.8038651
598253,1.335973671,103.7735366
267497,1.324031918,103.7947618
289533,1.333779418,103.7985708
289534,1.333754285,103.7986483
120463,1.310965805,103.7678634
619892,1.336941117,103.7124847
268205,1.31808117,103.8023526
288612,1.332130874,103.8027125
628414,1.310266125,103.6589619
289040,1.335606495,103.8069488
599430,1.335553258,103.7699969
689408,1.377429551,103.7581018
277372,1.318175884,103.7875551
597093,1.324335515,103.7667851
289488,1.331842722,103.7993942
658511,1.372043663,103.7520165
658402,1.370303915,103.7523315
279846,1.331607602,103.7906002
267394,1.325466853,103.7936506
596703,1.341084501,103.7697027
629940,1.31279892,103.6805062
628987,1.325237042,103.670622
127846,1.314098027,103.7563443
618426,1.3402605,103.7178036
597313,1.327086109,103.7675274
287326,1.329175554,103.8088382
688652,1.392577747,103.7521129
279763,1.323981038,103.7828276
639750,1.347531924,103.6850913
277687,1.31152585,103.7944437
139105,1.306936536,103.774023
588639,1.343800141,103.7879507
278634,1.319071322,103.7811118
596307,1.342280218,103.7750558
618377,1.339595708,103.7171458
609197,1.309893438,103.7332498
609199,1.310384586,103.7328841
739692,1.415044307,103.7581868
627843,1.285783391,103.7255411
629265,1.318855835,103.6664045
278653,1.323753178,103.7858729
637350,1.320180691,103.6367538
140070,1.299440498,103.7961571
651105,1.348724133,103.746633
288957,1.331229369,103.8077506
266988,1.32254128,103.8080274
139527,1.290051291,103.7982084
276615,1.320475946,103.7901025
278608,1.316653376,103.7887411
669369,1.354353884,103.7599771
638512,1.31307057,103.656556
596503,1.337879242,103.7711303
279952,1.330941351,103.7870432
289104,1.333632957,103.8057862
618406,1.339634793,103.718204
127891,1.312216997,103.7562473
638097,1.310018181,103.6306237
118201,1.277782077,103.7892971
610134,1.32633889947369,103.727908876713
118943,1.28701469938364,103.779005070862
119478,1.28701469938364,103.779005070862
278754,1.314173875,103.7813301
659841,1.348963327,103.7582519
659840,1.34910921,103.7585217
609340,1.321509403,103.7495282
128247,1.310045973,103.7546445
276217,1.313248746,103.7819526
678045,1.357933766,103.7679918
269692,1.322971372,103.8118489
269042,1.32411274,103.8020698
598004,1.338700268,103.7711952
596316,1.342071807,103.7746916
279918,1.320512927,103.7843315
124312,1.319299874,103.7646572
650194,1.344638647,103.7450025
652194,1.345132839,103.744862
120457,1.311799557,103.7672502
588645,1.343800141,103.7879507
128478,1.303174734,103.7579956
728676,1.43408552,103.7456938
287246,1.32735573,103.8078639
627444,1.288297118,103.6830673
637042,1.316821671,103.6308088
279054,1.314500912,103.782966
118032,1.278779429,103.7910366
610120,1.335407648,103.724261
288645,1.334841421,103.8046917
728793,1.406760047,103.7492983
587798,1.340087472,103.7889924
598008,1.338284892,103.7702135
596188,1.338047834,103.769813
598012,1.338517819,103.769708
598010,1.338403172,103.7699732
619674,1.334213713,103.7333201
689578,1.397084324,103.746598
639666,1.351551088,103.6874932
118428,1.290386446,103.7808563
268516,1.323028322,103.7957896
599533,1.323448805,103.7740576
644656,1.335520967,103.6998269
589601,1.33993309773237,103.777416331816
639731,1.346641785,103.6840459
600293,1.3435002948629,103.74443924567
639076,1.321195744,103.6467297
629829,1.333740014,103.7040847
279189,1.312342931,103.784038
268378,1.321662076,103.793075
688654,1.392526218,103.7521207
268277,1.316877394,103.7928625
277578,1.330511885,103.7921516
118404,1.293144581,103.7788554
638676,1.323089162,103.6577647
670411,1.383100562,103.767566
598442,1.32026960413476,103.775928436906
598444,1.31987177689792,103.776658479925
658399,1.370295444,103.7521707
120726,1.303810732,103.7642507
629502,1.316754041,103.6724533
129036,1.321121213,103.7572329
739630,1.416384222,103.7584376
121464,1.3110577,103.7684985
287405,1.326498564,103.8087007
637505,1.313964852,103.6281678
668951,1.358976075,103.7618108
598373,1.344152336,103.7683142
637476,1.300377036,103.625625
127145,1.309413049,103.7616346
688444,1.390383039,103.7501107
119423,1.274385639,103.7944487
588195,1.352205533,103.768115
648555,1.353884979,103.6983187
267460,1.324237127,103.7950988
276873,1.31416943,103.7854011
267090,1.324411273,103.7981021
127260,1.31406033,103.7577806
139596,1.30740127,103.7739028
671449,1.383807218,103.7727097
677784,1.372863207,103.7730255
129517,1.31770649,103.7584571
129430,1.320030174,103.7560592
668774,1.359659123,103.7620084
668782,1.359811951,103.761767
597258,1.324161745,103.7676155
119938,1.275829517,103.7978112
117616,1.292784348,103.7697227
598955,1.332946507,103.7664653
119647,1.291961708,103.7728764
637532,1.318525137,103.6320938
118554,1.27703041,103.7909298
678508,1.368638839,103.7702394
268401,1.322445054,103.793042
608785,1.319709628,103.7433204
729459,1.418174152,103.7425964
619556,1.317868654,103.7253278
276423,1.325979864,103.7924041
288638,1.3351119,103.8043473
597250,1.330264576,103.767219
597251,1.330216131,103.7672854
599658,1.344023284,103.7708616
658667,1.37066384,103.7522757
719024,1.433267445,103.7245187
266775,1.31797756,103.8066504
679443,1.369782929,103.7720866
273019,1.311728321,103.7880781
269885,1.318480689,103.7996505
276282,1.313326818,103.779571
689447,1.377547433,103.7475842
627778,1.308165091,103.6742095
627777,1.308184271,103.6743651
627776,1.308193899,103.6744439
627775,1.308203561,103.6745238
287729,1.327614101,103.809117
679550,1.370941224,103.7654279
693309,1.361948776,103.7366373
599382,1.332886963,103.7670372
739924,1.414276317,103.7582989
598557,1.345291144,103.7656768
669447,1.354168394,103.7590738
287301,1.329373652,103.8085605
678053,1.359072001,103.767668
127410,1.311790411,103.7576295
677758,1.372367367,103.7732413
119341,1.27994362,103.7899744
618440,1.340516374,103.718132
117675,1.285645194,103.7802489
598578,1.34055585,103.7743421
628387,1.298717564,103.6655089
691132,1.356962983,103.7325006
691114,1.354472543,103.7341569
289487,1.331876325,103.799338
637462,1.317244099,103.6287484
648391,1.352681276,103.6988717
129742,1.29273795,103.7685369
268755,1.327144414,103.7997385
658379,1.370100172,103.7523132
627696,1.333741094,103.7031867
627695,1.333818765,103.7031869
279777,1.326183771,103.7829044
279815,1.313280016,103.7897787
268086,1.321520327,103.8091814
650469,1.355233954,103.7417588
668621,1.360412098,103.7620485
627897,1.295681478,103.6682502
117649,1.279896077,103.7893427
128691,1.30749153,103.7627273
638769,1.315001326,103.6544353
589779,1.342856553,103.7870398
269882,1.318834458,103.8000124
689334,1.391507295,103.7427464
688407,1.390522746,103.7510995
588902,1.340713692,103.7797013
690219,1.359337455,103.7309465
679227,1.369065932,103.7692184
639000,1.32461676,103.6371859
639067,1.318913348,103.6477921
139002,1.287597684,103.7983721
599679,1.343038245,103.770764
279598,1.324413506,103.7868764
598326,1.336573518,103.7802973
678035,1.398247237,103.7536469
648596,1.353813981,103.6979435
597978,1.343538482,103.7723582
599080,1.333732144,103.7681677
637517,1.314396095,103.6274669
688590,1.391737491,103.7508182
642197,1.343781549,103.7135314
678800,1.358923998,103.7679263
596970,1.33852652,103.7662065
598017,1.337812654,103.7695675
628461,1.325248019,103.6946831
628462,1.326133981,103.6952273
629013,1.328686972,103.6724423
629734,1.326180315,103.6926918
119913,1.282767744,103.7833478
119917,1.282994297,103.7836549
598480,1.344239366,103.7674888
289428,1.334633317,103.8071052
267491,1.323739057,103.7953613
739672,1.417913107,103.7588232
129166,1.322831744,103.7565967
658671,1.370675243,103.7525633
728869,1.427844528,103.7510321
268101,1.320229068,103.8078449
658831,1.338490578,103.7616165
276630,1.319999884,103.7895321
274005,1.307970643,103.7963568
658317,1.368629701,103.7524545
658303,1.368612325,103.7520786
289726,1.336593671,103.8038569
287662,1.328198658,103.8069539
628107,1.326188794,103.6833627
268105,1.320550202,103.8075508
680290,1.378854301,103.740417
276634,1.3196521,103.7893548
269237,1.315097024,103.7905435
627464,1.277993945,103.7136051
598947,1.333341264,103.7664975
679698,1.373039059,103.7703013
677810,1.372285341,103.7736343
679412,1.370482926,103.7728402
588733,1.336212831,103.7875333
288700,1.332052386,103.8013835
637504,1.313829107,103.6281178
648641,1.353368895,103.6970778
588458,1.339663949,103.7805688
597980,1.343529706,103.772296
287748,1.327975495,103.8085988
629652,1.316397873,103.6751361
596190,1.333909185,103.7687764
609156,1.318628043,103.7352177
128717,1.308081434,103.7632211
118150,1.280003046,103.7867529
277995,1.311110998,103.7978752
277860,1.329948523,103.7929623
268695,1.312954888,103.7952577
288439,1.327336825,103.8116016
609759,1.34270484107327,103.731370360071
618462,1.340761092,103.7189586
677930,1.396194327,103.7535461
609786,1.342247896,103.7373109
609145,1.303382112,103.7314921
619573,1.317034006,103.725019
637283,1.320915502,103.6292329
608968,1.303379619,103.7387703
127640,1.316688451,103.7546956
127261,1.314107595,103.7577471
267438,1.324117939,103.7971102
276872,1.31388197,103.7849949
668955,1.359038643,103.7617097
268721,1.314454857,103.7956332
278895,1.313588152,103.7794902
589828,1.336436323,103.7869359
668797,1.359815694,103.7611054
677694,1.370407377,103.7731187
638404,1.341514114,103.6351707
128657,1.30927198,103.7618169
278101,1.312315747,103.7983174
128265,1.308352796,103.7563949
627759,1.261672378,103.674641
276666,1.317581519,103.7878975
599515,1.323882332,103.7733514
588465,1.340101755,103.7809343
597737,1.342846517,103.7733959
279524,1.322741136,103.7845477
639517,1.330343409,103.6512123
619092,1.319407356,103.7212847
669317,1.362309886,103.7668773
596399,1.34552373,103.7722388
650301,1.356769427,103.7487743
127556,1.313691185,103.7583307
640556,1.353622103,103.7178585
640558,1.354198212,103.7173441
639035,1.333643173,103.6453449
149957,1.291358738,103.8056268
268374,1.321790282,103.7933257
289536,1.333763333,103.7988114
689859,1.384462877,103.7481113
679456,1.369360924,103.772941
679454,1.369278445,103.7724349
658238,1.368049603,103.7524759
627849,1.333427789,103.6950303
678755,1.357757463,103.7690077
589403,1.348585337,103.7888582
659957,1.36643278475598,103.74200712999
127180,1.294948173,103.7665829
118002,1.28067988,103.7914541
677853,1.37231301,103.7724983
267810,1.323731316,103.7933497
127439,1.29597297,103.7666871
287537,1.327833139,103.8095327
638736,1.316399272,103.6425669
689814,1.380008062,103.7362254
589551,1.339045924,103.7844226
669698,1.377931074,103.7588942
729553,1.434081248,103.7478333
628753,1.332501372,103.6960736
639649,1.352622955,103.6884112
689398,1.37778512,103.758215
690240,1.360615787,103.7321991
269216,1.32312189,103.8092955
679709,1.370767647,103.7689748
637494,1.311454561,103.6256603
597150,1.32838147,103.7664233
598022,1.337736902,103.7692439
117566,1.297456603,103.7709185
649928,1.342086434,103.7124583
597575,1.346792191,103.7647069
690317,1.363671589,103.7399405
287410,1.326857369,103.8081613
277574,1.331210046,103.7925454
658041,1.369785057,103.7531662
279522,1.322082143,103.7837931
288535,1.325588059,103.8116469
278359,1.316100654,103.7865608
628766,1.32852165,103.6914415
658767,1.340052617,103.7612158
599825,1.334900797,103.772499
596596,1.337496117,103.7650408
618475,1.340017845,103.7191827
638038,1.302947346,103.6274108
117560,1.295868961,103.7791457
266161,1.322104749,103.8033301
599412,1.335626814,103.7687852
277928,1.319798931,103.7894534
127473,1.315747675,103.753588
629729,1.325641831,103.6939214
629735,1.326732177,103.693016
266630,1.321039884,103.8117342
266636,1.320905125,103.8116286
289763,1.345964354,103.7904462
287142,1.33024619,103.8091873
287727,1.327639279,103.8092065
279017,1.314671526,103.7840614
119919,1.282457471,103.7838356
597532,1.324214012,103.7650128
127562,1.313846887,103.7582327
277917,1.328126823,103.7928773
636916,1.28533139,103.6359435
588085,1.33939748,103.781393
689094,1.397522456,103.7509155
149161,1.291094503,103.8068207
287122,1.329734784,103.8094509
639069,1.319457907,103.6474108
278869,1.313484108,103.7819749
267277,1.324784912,103.7987579
286775,1.32885104,103.8064391
289127,1.332874407,103.8057114
278883,1.313566071,103.7801187
629423,1.314105875,103.6611161
629667,1.314006448,103.669115
128137,1.308520744,103.7627383
709149,1.386166675,103.6954378
287235,1.326966502,103.8083931
128661,1.309434511,103.7619645
277320,1.316313725,103.7823805
658842,1.338813574,103.7619374
118203,1.277699373,103.789489
598165,1.336398983,103.7661819
678364,1.357978875,103.768908
599401,1.335609763,103.7684214
128159,1.308348267,103.7633131
271003,1.308208713,103.7966389
596708,1.340967315,103.7693886
601112,1.33923938,103.7352345
677838,1.371703302,103.7737902
275826,1.328035686,103.7918451
275825,1.328002679,103.7919631
587859,1.345740539,103.7760659
677808,1.372332061,103.7736094
266377,1.319307494,103.8067654
636807,1.317063277,103.6301604
277462,1.31998087,103.7884016
268089,1.320777043,103.8090033
599883,1.336157049,103.7720514
598525,1.343392413,103.7673706
267483,1.323559676,103.7956084
277165,1.316984056,103.7821896
119316,1.29170409623328,103.787425644136
596975,1.338100898,103.7663435
589394,1.34884641,103.7879803
588863,1.341603145,103.7818514
639577,1.317931372,103.6536241
658377,1.370097474,103.7522619
637528,1.318154937,103.6321998
639244,1.331172326,103.6499487
289843,1.333374744,103.8112756
279197,1.312866641,103.7848748
619177,1.312007186,103.7091797
596251,1.335637152,103.7706719
266100,1.322270231,103.8021457
266102,1.322290795,103.8021942
669365,1.35435409,103.7601011
288219,1.336372452,103.7913363
287641,1.327583647,103.8065317
599358,1.333131634,103.7676916
128035,1.298645899,103.765644
267798,1.323292728,103.7927491
129412,1.320589864,103.7566392
267504,1.324537901,103.7984981
598658,1.34547626,103.7675409
677776,1.37374424,103.7721423
678503,1.368452198,103.76968
689005,1.377810879,103.7464736
629637,1.313900812,103.6781177
129181,1.323060522,103.7569196
276646,1.319225929,103.7889859
669115,1.359263002,103.7573202
648801,1.352453974,103.7008178
279302,1.322589977,103.7869405
276299,1.331402653,103.789725
287321,1.329208056,103.8087932
609261,1.301324596,103.7533348
609435,1.327948726,103.744392
117407,1.28742993,103.7826883
267182,1.323337382,103.7972934
698906,1.378059448,103.7184855
269592,1.323087926,103.8061398
287243,1.327580533,103.8081506
648156,1.345657511,103.7253146
649671,1.35116341849707,103.710750226583
669581,1.359437869,103.7629325
680517,1.391072228,103.7428974
127631,1.31732639,103.754597
277175,1.316029929,103.7806984
639243,1.330012192,103.6506953
648686,1.352208474,103.6991902
129789,1.301314175,103.7682751
127904,1.315111415,103.7569879
653448,1.352722583,103.74124
599031,1.336691097,103.7707278
658808,1.337876212,103.7608601
266857,1.31811473,103.7886472
118885,1.281560042,103.7857096
637357,1.293523243,103.6335632
277823,1.330178027,103.7939786
267804,1.323577814,103.7929119
648434,1.353483497,103.6983823
629132,1.304038764,103.6976382
640181,1.348409676,103.7077552
669055,1.360410975,103.7581983
649151,1.349381024,103.6989302
126895,1.312468172,103.7559398
679572,1.371222072,103.7660251
279068,1.313665661,103.7828289
678927,1.372132685,103.7660845
127727,1.318733561,103.7546219
267845,1.314341672,103.7980998
128077,1.314193952,103.7569831
669918,1.357960704,103.7590962
598095,1.336821985,103.7648532
640466,1.349848562,103.722671
670641,1.387657661,103.7620898
688722,1.389618415,103.7525333
276226,1.312916888,103.7816938
117834,1.277793183,103.7901956
269297,1.321033054,103.7960348
654288,1.345512407,103.7588975
650288,1.34507654,103.760512
289569,1.335224415,103.7994713
129037,1.321172142,103.7572052
598252,1.336889461,103.7740792
589402,1.348885928,103.7885004
121349,1.315714655,103.7714572
121113,1.323700619,103.7696711
287133,1.330180077,103.8093792
679648,1.371997282,103.7673358
589037,1.336879126,103.7847113
629591,1.318241237,103.6620842
639810,1.353772238,103.6858875
596820,1.339271039,103.7656049
628668,1.31622027,103.7014088
637288,1.319470901,103.6605305
639608,1.321026956,103.6490782
648572,1.351438467,103.6992081
629589,1.317539647,103.6614894
619628,1.326581599,103.6948381
659587,1.343679818,103.7509058
596189,1.337912483,103.7700353
650639,1.349256023,103.7520374
618721,1.33215539,103.7238176
589219,1.342949278,103.7853798
269304,1.322030761,103.79697
139252,1.304583266,103.7875587
276133,1.32623333,103.7850974
588734,1.335837509,103.7874642
597778,1.344466251,103.773537
597056,1.344401442,103.7736116
588335,1.340911441,103.7853219
677986,1.397857474,103.753815
127743,1.312651158,103.7582375
120372,1.319788851,103.7677875
268355,1.321947224,103.7949164
279385,1.323478703,103.7877229
698933,1.374953892,103.7255802
588688,1.335412346,103.786957
627605,1.332730774,103.697538
698952,1.387430187,103.7275198
638022,1.302853915,103.6293206
588104,1.339137066,103.7815984
118282,1.285337374,103.7970843
110012,1.285372617,103.7778535
598323,1.332404282,103.7784283
688460,1.39128206,103.7498339
683488,1.376596783,103.7399496
638260,1.337998195,103.6911962
268781,1.328614066,103.7960546
278515,1.309488247,103.7971304
680606,1.398435726,103.7438196
140046,1.298445022,103.801578
267044,1.314757762,103.7927333
699866,1.34913844106138,103.73704975386
729463,1.417721616,103.7416815
688767,1.390189504,103.7500086
591001,1.317872976,103.7733176
288533,1.325266087,103.8119876
609132,1.312571082,103.7338789
266715,1.321104973,103.8016426
677868,1.371124217,103.7727458
600337,1.349683705,103.7319057
268886,1.322897883,103.8119979
278363,1.316361812,103.7863711
278258,1.31039436,103.7974287
128018,1.314099304,103.7594481
729644,1.400397066,103.7535569
278476,1.309027241,103.7979346
629542,1.31591328,103.661051
739543,1.434186852,103.7579048
669075,1.360485751,103.7570926
597192,1.324895682,103.7684536
729502,1.410032104,103.7438016
649673,1.35306468148146,103.713943249051
692224,1.358182235,103.7306387
287896,1.333247842,103.7992365
589474,1.33856345,103.7796797
638643,1.323593796,103.6565706
138825,1.293066442,103.7982515
276402,1.310222727,103.796735
669384,1.35469171,103.7596556
275850,1.327146105,103.7899338
597091,1.324326884,103.7668903
637342,1.319490732,103.636785
268714,1.313934039,103.7946928
678907,1.371816588,103.7654689
679540,1.370622866,103.7656391
679445,1.369722381,103.772285
596349,1.343607689,103.7747736
276137,1.326158847,103.7848719
128316,1.309341004,103.7562469
276847,1.315095532,103.7836667
669579,1.359010203,103.7632365
118869,1.28250817,103.7844476
118450,1.277746374,103.7937839
639301,1.327615661,103.6500477
628348,1.307689186,103.659259
276995,1.31521968,103.7849624
289511,1.332832487,103.8061262
639377,1.32759213,103.6524659
118479,1.271756722,103.8026071
639295,1.32627567,103.6489296
597981,1.34389897,103.7723736
638740,1.322852246,103.635097
679409,1.370856277,103.7726215
639078,1.321472409,103.6464417
638999,1.324631365,103.6376121
277524,1.319673058,103.7873069
589867,1.343067017,103.7879132
287127,1.330135459,103.8095087
277772,1.330419815,103.7939976
650383,1.362323152,103.7522172
729468,1.4161592,103.7423807
689051,1.378074569,103.7478817
118604,1.280154188,103.7844123
266805,1.318003868,103.7900008
119041,1.292579914,103.7692366
268739,1.328684231,103.8009865
682807,1.376044182,103.7451709
286668,1.328481489,103.8052412
267124,1.326373962,103.7944715
627730,1.275920769,103.7207004
126809,1.294975606,103.7658263
681807,1.37580546,103.7447935
267046,1.315180953,103.792683
637645,1.29467804,103.6350769
597941,1.344102152,103.7735129
127159,1.310587143,103.7616434
129048,1.321503372,103.7568931
718841,1.420323395,103.7170349
589784,1.343104881,103.7866092
629116,1.327694365,103.6780851
658538,1.372121795,103.7535222
589861,1.342201287,103.7873045
279698,1.332165584,103.7922494
680273,1.379248709,103.7430768
718883,1.428923865,103.7107471
629953,1.310744936,103.6804101
739833,1.415691308,103.7572408
637518,1.314522612,103.6275131
128048,1.297502057,103.7647915
596597,1.337139292,103.765172
597020,1.342054964,103.7741982
278397,1.31630168,103.7869517
658292,1.368933542,103.7515978
729462,1.417856828,103.7427236
648372,1.352116896,103.6996489
688579,1.391338773,103.7509897
286880,1.337442997,103.8050482
286881,1.337435527,103.804997
658526,1.372489426,103.7528452
628371,1.301839736,103.6643839
589885,1.342030743,103.788321
121312,1.319088944,103.7644412
688467,1.39166583,103.7498332
589155,1.341188337,103.7846306
699867,1.34913844106138,103.73704975386
269597,1.323264035,103.8045059
639422,1.32262919268033,103.624500349439
110026,1.285901948,103.7752098
289522,1.34258278976978,103.794769914378
599652,1.343644123,103.7708784
287252,1.327575343,103.8075681
278454,1.308547566,103.7985259
629479,1.316245393,103.6694725
599157,1.33411203,103.7666538
277696,1.31189793,103.7943886
117674,1.286464215,103.7818639
627596,1.261667125,103.6652693
588148,1.347719176,103.770283
678056,1.359170547,103.7676537
669274,1.35301761,103.7569425
127019,1.317885122,103.7555729
149546,1.304990966,103.7957926
608563,1.316529727,103.7309498
648452,1.351076173,103.6982956
117936,1.279060479,103.7905435
688433,1.390683932,103.750384
637689,1.291294392,103.6245453
277434,1.318930276,103.7873418
627615,1.315510804,103.697047
598586,1.34056696,103.7739039
288436,1.32777132,103.8116963
639097,1.327116856,103.6403555
128709,1.308024398,103.7629558
619571,1.315570019,103.7270391
679530,1.391525505,103.7572667
688450,1.390703143,103.7498333
639811,1.352113693,103.684894
127256,1.313845357,103.7579223
629980,1.317593981,103.6913893
275755,1.319754261,103.7815304
719877,1.42558356829506,103.725739734765
719831,1.42528438326943,103.724931478788
588794,1.336705735,103.7876903
588786,1.336373187,103.7884535
650434,1.361201169,103.7412599
279163,1.312711005,103.7839945
287382,1.327886654,103.8106979
637194,1.315927667,103.6346776
628050,1.304795624,103.7012624
119482,1.281100123,103.7862949
598768,1.340548145,103.7665273
141168,1.290020507,103.803188
596583,1.33742075,103.764617
599120,1.335184651,103.7674731
639136,1.329499943,103.6469481
608975,1.302076569,103.7392837
278180,1.309869263,103.7982432
278179,1.309825133,103.7982759
278181,1.309920759,103.7982015
599220,1.335045552,103.7684572
289402,1.333251073,103.8072788
269158,1.323308854,103.8018073
691225,1.358117846,103.731523
126839,1.295673053,103.7688468
679531,1.392531082,103.7578721
628535,1.32366442603693,103.677867655093
279052,1.313629685,103.7833651
599408,1.335307495,103.7688593
268588,1.323246412,103.7951482
289090,1.328524675,103.80495
289089,1.328496916,103.8049956
279944,1.330353824,103.7861768
688657,1.392720129,103.7524395
129520,1.31767432,103.7580912
289231,1.331760921,103.8065867
127137,1.309133326,103.7613799
288833,1.331489826,103.7987593
650404,1.365517079,103.7451439
128405,1.310370897,103.7501118
669014,1.360522333,103.7598304
129744,1.293571951,103.76847
289217,1.331222406,103.8065156
287028,1.335426396,103.8050182
618336,1.339210146,103.7175767
589918,1.34064688,103.7870878
629348,1.296710141,103.6691514
289088,1.328465914,103.8050392
118870,1.282447098,103.7844825
268327,1.316247482,103.7937741
266400,1.318825444,103.8060732
658756,1.339689566,103.760396
278940,1.308882113,103.792301
631991,1.335355127,103.6927782
739453,1.440183957,103.7353223
637842,1.310953833,103.6317182
268997,1.323810821,103.8078085
629042,1.324398224,103.6754141
597856,1.34236598,103.7722784
669743,1.359921524,103.7633923
640202,1.343784707,103.7150939
640267,1.34644748,103.7069468
269360,1.322411746,103.7994827
689333,1.390051099,103.7411907
119418,1.274559847,103.7945565
267183,1.323038134,103.7974005
728957,1.423464061,103.745037
288646,1.336137699,103.8041655
141082,1.294545259,103.8087511
659542,1.340601397,103.7522811
597747,1.342849868,103.7730594
277813,1.330035123,103.7943384
269636,1.31327447,103.7995052
288719,1.336933743,103.8014324
619091,1.319082394,103.7187383
678501,1.368374195,103.769632
279866,1.33249146,103.7918248
266808,1.319232767,103.7906122
118895,1.283117862,103.7852434
279305,1.322063355,103.7870532
597793,1.344365815,103.7727782
289008,1.333413964,103.8083522
699010,1.393780438,103.7259843
267630,1.326065966,103.797537
266289,1.320911825,103.7915655
658407,1.370315323,103.7526035
287401,1.328239412,103.8085486
638776,1.313117404,103.6540588
289058,1.336181327,103.8070565
289444,1.335461638,103.8067973
589125,1.338990484,103.7847712
668212,1.374683534,103.7579112
628623,1.323756961,103.695114
269374,1.322436151,103.8003406
698907,1.378389623,103.7184783
693133,1.355821058,103.7314872
691133,1.356905717,103.7317616
140023,1.29429994,103.7997259
659584,1.344695528,103.7511496
718808,1.435081551,103.7119547
627625,1.274036665,103.7098384
668626,1.360320473,103.7615402
279805,1.312457296,103.79072
678551,1.360974606,103.7686998
598678,1.341433492,103.7706265
278175,1.310165979,103.7984116
688209,1.375882087,103.7508024
599647,1.342050468,103.7715344
639030,1.332485,103.6428286
266151,1.322102765,103.8036708
266149,1.32211296,103.8037627
266105,1.32148494,103.8026853
289212,1.33144743,103.8068408
289439,1.335427113,103.806447
658396,1.36977192,103.7528946
599662,1.344235637,103.7709227
119750,1.278330782,103.7894144
609273,1.298085088,103.7498144
267089,1.324755042,103.7982614
275843,1.327025061,103.7897909
670254,1.379593327,103.7738546
277416,1.319693944,103.7879719
596717,1.339935302,103.7684922
596115,1.340684361,103.7690177
618485,1.339544637,103.7186767
678710,1.368257799,103.7703377
118896,1.283184548,103.7846847
286745,1.329143885,103.8052983
600314,1.346653511,103.7332752
650514,1.354468194,103.7525892
618421,1.340151624,103.7182876
598495,1.344895252,103.7663075
688308,1.391025024,103.7513965
129132,1.320769636,103.7592672
596485,1.33723421,103.7703998
729059,1.421568515,103.7476384
597528,1.324488088,103.7649467
597243,1.330136981,103.7674876
719026,1.418364546,103.7166669
679521,1.370471837,103.7772077
639655,1.352317214,103.6880853
599739,1.343154098,103.775051
268648,1.321920271,103.7951746
638433,1.330244022,103.6376287
628754,1.332483311,103.6949861
618817,1.334542777,103.7109631
679647,1.372079335,103.7672983
128621,1.309120661,103.7623331
119035,1.292418783,103.7691059
619732,1.310747239,103.7223012
628082,1.32860781,103.6975835
288636,1.334835898,103.8043215
288660,1.33735145,103.8043719
610324,1.336375666,103.7234505
276613,1.320461509,103.7901508
598125,1.341208924,103.7730849
598160,1.336363939,103.7659601
122210,1.322908925,103.7631556
628070,1.328563022,103.7032827
588651,1.343800141,103.7879507
596991,1.338841265,103.7665888
127759,1.313055291,103.7585614
599242,1.334760677,103.769746
597566,1.346255841,103.7647267
127656,1.318539933,103.7553169
728952,1.422383158,103.747703
288923,1.329642647,103.8075903
268284,1.318151723,103.7938127
640191,1.343765689,103.712164
279528,1.322195337,103.7842073
596426,1.345380245,103.7708292
127771,1.313152513,103.7589652
117716,1.283659949,103.784943
119224,1.291317509,103.780858
128588,1.305742125,103.7666978
678547,1.360580828,103.7686541
739858,1.415067188,103.7576109
266825,1.318334358,103.7910183
287945,1.33454962,103.8013255
668113,1.376399898,103.7584993
268336,1.325522056,103.797724
128103,1.313476024,103.7574316
118558,1.277489658,103.7894012
277804,1.329903752,103.7946337
139231,1.306979657,103.7857523
287806,1.333637234,103.8009254
679365,1.371305051,103.7703902
609434,1.331363472,103.7416836
670277,1.376062262,103.7750106
619114,1.318051458,103.7191054
677849,1.372647102,103.7724187
597535,1.324071696,103.765641
117511,1.296990164,103.7714065
597629,1.318830622,103.777607
276855,1.315344391,103.7842197
279379,1.324053058,103.7877756
658040,1.370136039,103.7530625
120802,1.300896655,103.7641681
289301,1.334988509,103.8049975
609920,1.324469304,103.7494388
277913,1.328579179,103.7934772
118511,1.274847835,103.7952879
138829,1.293685859,103.7986223
142031,1.298510677,103.8035581
288120,1.338898142,103.7894351
122464,1.310137435,103.7679728
680304,1.384496081,103.7431458
267278,1.325211286,103.7991073
267206,1.323757768,103.7968566
636898,1.267885375,103.6303686
275791,1.316361066,103.7856827
637434,1.297451912,103.6322164
266931,1.322555263,103.8078256
266340,1.323425927,103.800506
117408,1.288280682,103.7831141
589488,1.337727501,103.7800726
588637,1.343800141,103.7879507
287594,1.331575904,103.810474
287531,1.327552157,103.8095994
637606,1.317901692,103.6286633
637269,1.317875276,103.6287339
639343,1.321973574,103.6523082
120420,1.31004549,103.7691238
648873,1.351086578,103.7011997
648459,1.351432307,103.6985259
688360,1.389849664,103.7524741
110023,1.285305882,103.7760717
739784,1.416948935,103.7582058
648840,1.350752701,103.7000592
598628,1.34259628,103.770764
600319,1.347989423,103.7304582
289921,1.329665829,103.8129317
588217,1.354961023,103.7700695
648659,1.352494542,103.698166
597772,1.343332129,103.772217
289470,1.331963253,103.8070863
289474,1.332100594,103.8071022
628968,1.326510829,103.675751
680512,1.389575594,103.7410584
267079,1.325659284,103.7976657
267081,1.325545157,103.7976886
287628,1.332324113,103.8097941
636809,1.317496744,103.6310567
638996,1.324540543,103.6394918
287322,1.32854449,103.8085809
288721,1.336933742,103.8014324
288490,1.327308196,103.8105129
648739,1.351667317,103.7000147
289451,1.333466154,103.8071725
287593,1.330936337,103.8111742
739907,1.416504364,103.7604497
627666,1.333585141,103.702616
128227,1.310199396,103.7555319
598650,1.344429177,103.7702695
589130,1.339472996,103.7853049
638838,1.27155089172002,103.626436139707
689284,1.394463432,103.7440688
597301,1.325980818,103.7664683
668974,1.359047293,103.760973
619531,1.326296799,103.7084153
648359,1.351009231,103.6956085
268054,1.322852316,103.8104204
688453,1.390869937,103.7498343
658311,1.368622279,103.752294
289880,1.324861075,103.8131045
588489,1.34127839,103.782408
598126,1.340911453,103.7727829
688605,1.391501142,103.7502667
680501,1.389594981,103.743248
729374,1.426433227,103.7508817
141030,1.298726244,103.8039618
588228,1.335773107,103.7858297
589036,1.336724086,103.7846365
599519,1.323807446,103.7735185
668840,1.358005085,103.7612965
639689,1.34520202,103.68432
266118,1.322482975,103.8027469
266148,1.322634718,103.8038553
287783,1.332985929,103.7992642
286995,1.336366488,103.8052525
739828,1.415556063,103.7574102
598633,1.342897335,103.770608
276933,1.316487037,103.7807888
689095,1.397773382,103.7507134
277546,1.329641201,103.7919959
618410,1.339726597,103.7181465
658830,1.338109346,103.761631
121465,1.309254655,103.7676627
639341,1.322077696,103.6534018
629380,1.314851175,103.6622872
639044,1.335052872,103.645181
279759,1.324259991,103.7844055
639215,1.326142997,103.6449853
648484,1.350901125,103.6988489
129809,1.326559547,103.7633666
627949,1.332983093,103.7050222
159948,1.291303799,103.807351
117551,1.295467181,103.779774
589650,1.333846897,103.7862574
599728,1.34235676,103.7752771
267812,1.322002949,103.7923083
588215,1.339452429,103.7760073
118480,1.272568108,103.7947653
678178,1.375322771,103.7623621
678176,1.375276264,103.7623716
599622,1.34209082,103.7727152
596505,1.337547769,103.7712241
600122,1.335687624,103.7370321
599045,1.336396851,103.7694825
120714,1.304303413,103.7616821
599677,1.342944106,103.7707397
651404,1.365163563,103.7453413
671615,1.384989388,103.7620456
682296,1.376847726,103.741509
266309,1.322670122,103.8107356
266308,1.32261891,103.8106885
289233,1.331803294,103.8065498
279871,1.331725212,103.7929908
279530,1.322225968,103.784287
279542,1.322422226,103.7851188
268102,1.320348175,103.8077713
597231,1.328887668,103.7685702
588914,1.340800618,103.7803602
619773,1.334963873,103.7221765
288114,1.33882984,103.7903296
658751,1.340110155,103.7608351
276973,1.315715495,103.7817328
609190,1.308948665,103.7378732
129970,1.31633099816671,103.766533957934
269800,1.320141271,103.7969075
288947,1.330782022,103.8075466
126987,1.314318137,103.7552592
738049,1.416777921,103.7576083
127519,1.315668678,103.7552882
658618,1.371228334,103.7523444
688677,1.392098576,103.7525345
266307,1.322537688,103.8107771
139528,1.290181301,103.7977733
669832,1.358601961,103.7581799
128757,1.30851735,103.7642699
689035,1.377673243,103.7450605
278707,1.313434552,103.7913143
279812,1.311665282,103.7907091
649413,1.346260669,103.7228325
688637,1.391821491,103.7514282
596274,1.335389143,103.7703644
289044,1.336085361,103.8076052
289045,1.33614009,103.8075268
618389,1.339791321,103.7174483
110006,1.286839588,103.7759014
268048,1.32290101,103.810921
279964,1.331241124,103.7877861
269473,1.321969372,103.8049271
627542,1.320118917,103.6973207
289262,1.332636822,103.8052854
638713,1.315673854,103.646127
127722,1.317819931,103.7537616
589646,1.332977546,103.7867828
658730,1.339068484,103.7609368
287657,1.32857956,103.8076464
289240,1.331876458,103.8064375
289243,1.331917356,103.8063793
600053,1.321377097,103.7375776
679546,1.370824265,103.7654893
658215,1.36947855,103.7535252
596126,1.339686713,103.7709414
678906,1.372295746,103.7654376
269283,1.320991336,103.7953785
266505,1.321510023,103.8038575
276156,1.325983599,103.7838887
608592,1.335617024,103.7516927
277927,1.319861947,103.7894795
126854,1.307870745,103.7647447
629990,1.2698905342578,103.658524573219
628648,1.26582175911785,103.661520515229
128540,1.305837464,103.7653955
128357,1.312008545,103.7541235
278886,1.313966241,103.7799975
289267,1.33297488,103.8051103
121358,1.313391265,103.768688
698955,1.374962904,103.7164597
651223,1.347783432,103.7531696
629315,1.318780647,103.6682367
739632,1.416238648,103.7586048
596538,1.338224533,103.7708842
599766,1.335753006,103.7739548
277086,1.316523016,103.7819202
119047,1.293035849,103.7691221
269605,1.323503868,103.8049364
269826,1.321229936,103.7999547
278688,1.332530129,103.7908392
692316,1.363315205,103.7399087
693319,1.362454359,103.7390918
119241,1.293791479,103.7726225
128642,1.308651435,103.7620797
278308,1.314289358,103.7795055
628898,1.331151961,103.6930088
140053,1.292778586,103.808446
287905,1.333557226,103.7996574
599808,1.334072065,103.7710238
128341,1.308596228,103.7559437
610337,1.338181975,103.7226025
279071,1.312995697,103.7832059
679714,1.37099306,103.7693551
671120,1.37680811,103.7700346
598973,1.33645991,103.7689065
589959,1.336368912,103.7856024
599107,1.334085229,103.7679592
699914,1.35812200829127,103.726153007988
680567,1.395132136,103.7458753
608609,1.337645199,103.7546832
678106,1.362406202,103.7682568
598494,1.345173402,103.7666282
118678,1.288924867,103.7764534
118666,1.288913361,103.7770846
268295,1.317294862,103.7950289
639234,1.329455155,103.6484876
601244,1.342065898,103.7416242
589513,1.336817999,103.7858603
279729,1.325904204,103.7833242
287381,1.327898606,103.8106071
268476,1.31712982,103.7934567
587900,1.343942938,103.7880447
118647,1.287533255,103.7787375
659537,1.341797809,103.750163
267884,1.315339876,103.7960974
598821,1.340664008,103.7657264
141160,1.292508528,103.8039833
141162,1.292259471,103.8024255
279672,1.326162057,103.7918958
128437,1.312128649,103.7496089
127517,1.315377272,103.7551926
669837,1.359279066,103.75799
669896,1.357614278,103.7605446
598605,1.340873701,103.77246
678565,1.360959732,103.7689934
589416,1.348385899,103.7890198
589407,1.348576316,103.7891058
679449,1.369723642,103.772729
128087,1.313932328,103.7571424
639698,1.346159283,103.6842653
118607,1.280698125,103.7843238
688554,1.391514723,103.7518019
637343,1.319168783,103.6364829
640962,1.341809154,103.6915126
118820,1.290022982,103.776315
119432,1.273975279,103.79441
129069,1.321135731,103.7556271
637252,1.318376321,103.6291781
668803,1.359942502,103.7609734
637541,1.318286545,103.6327377
641237,1.341400856,103.7095645
658525,1.3724855,103.7527515
599311,1.333620476,103.7672647
609770,1.329706549,103.7438742
596284,1.33542354,103.7709798
618461,1.340759167,103.7189043
618438,1.340486649,103.7180913
127161,1.311023734,103.7623452
619104,1.312583824,103.7182803
268526,1.322909863,103.7953578
278217,1.311139551,103.7983304
638382,1.332492967,103.6416839
629483,1.316576147,103.6687599
648668,1.352568769,103.6986717
118725,1.29101761,103.7711779
277693,1.311851006,103.7945551
268209,1.318470274,103.8023457
127976,1.315888992,103.757243
598302,1.333985855,103.7797072
278651,1.32294393,103.7857002
276719,1.331477651,103.7915854
589829,1.336479155,103.786984
668115,1.376765314,103.7586815
276628,1.319300896,103.7885514
691319,1.362585749,103.7381865
692317,1.363688366,103.7384244
691318,1.362998667,103.7377356
691317,1.364060475,103.7387557
692318,1.363328722,103.7380763
691316,1.363756623,103.7393172
596955,1.339057436,103.7662284
277262,1.318269259,103.7822171
269416,1.323005427,103.8098415
268891,1.322677661,103.8117809
618391,1.339820473,103.7174908
648570,1.351325743,103.6992019
629906,1.326804765,103.6810341
119918,1.282784721,103.7840459
598758,1.340179168,103.7667103
276650,1.319005569,103.7889832
589177,1.343103379,103.7856789
589178,1.343143359,103.785745
143053,1.293335605,103.8076139
142060,1.29259189,103.8118705
636943,1.274681846,103.6332746
287313,1.328592644,103.808415
599795,1.334098456,103.7706401
596359,1.34477671,103.7735569
277397,1.319404491,103.788398
288516,1.327665873,103.8110494
636892,1.278869647,103.6310144
627722,1.253758697,103.6655856
120514,1.308972504,103.7592329
288962,1.332717387,103.8079335
287802,1.333166392,103.8002009
119480,1.280987765,103.7863925
279411,1.324521202,103.7861568
119314,1.29132150002705,103.78582806834
278665,1.329985692,103.7865755
636768,1.270479881,103.6276578
128828,1.309697116,103.7548341
637775,1.301685822,103.6284402
118548,1.276169165,103.7930354
688730,1.389713994,103.7521125
629379,1.315496833,103.661608
276786,1.317722451,103.7804237
279290,1.322424432,103.7860916
268590,1.323224179,103.7952792
688543,1.391110887,103.7520071
289197,1.330814677,103.8068765
276328,1.315255667,103.7885319
119173,1.280872051,103.7872121
267246,1.325470758,103.7965063
639127,1.329103238,103.6452671
608596,1.336499316,103.751872
126819,1.296737347,103.7681937
589626,1.332576009,103.7858273
609971,1.328228295,103.7516749
627689,1.334206831,103.7035127
693316,1.362911543,103.7393991
636812,1.317676649,103.6305752
609926,1.324232505,103.7505951
279192,1.313053935,103.7851019
628086,1.329531094,103.6983093
268702,1.31284685,103.795813
277088,1.316566997,103.7818871
278977,1.311046186,103.7956317
597462,1.324839794,103.7685889
629600,1.319335846,103.6682785
628845,1.331049555,103.6938097
599288,1.334153756,103.7693424
599071,1.334306806,103.7680738
118536,1.274931396,103.7933878
648365,1.350500418,103.6971988
628580,1.324184294,103.7005396
639230,1.32847363,103.6480235
600403,1.320329641,103.7493901
589135,1.33960368,103.7847578
718809,1.43590196,103.718058
279124,1.311297876,103.7848947
271011,1.309053945,103.7940631
628705,1.329493478,103.7021747
636810,1.317555915,103.6308988
598114,1.341192238,103.7740228
668957,1.359088507,103.7616733
267682,1.325298033,103.7946132
266556,1.319323321,103.8030162
600049,1.320989284,103.7381807
669082,1.360108563,103.7570687
599168,1.333932175,103.7676813
718783,1.425500763,103.7227968
269191,1.323641488,103.7998797
287346,1.329041019,103.8090257
289968,1.337007926,103.8152001
670434,1.385459248,103.7705051
680289,1.379366408,103.7407719
680272,1.378720938,103.7429237
680288,1.378938615,103.7410231
117537,1.270455041,103.7985306
679564,1.370989311,103.7661535
119881,1.29455059526567,103.773446022367
648491,1.350897641,103.6991839
266423,1.319466055,103.8064725
267707,1.325904424,103.7970442
689680,1.386397526,103.7425679
638103,1.309203301,103.6319443
596935,1.338062762,103.7649322
278831,1.314351407,103.7816212
678875,1.371569867,103.7644237
129230,1.32289545,103.7558752
267480,1.323530215,103.7960008
119516,1.2780811,103.7915884
658506,1.371808861,103.7518867
128953,1.322159617,103.7551968
129356,1.31942797,103.7596452
596271,1.335537251,103.7702904
618590,1.325042311,103.7215924
266467,1.31872862,103.8065693
668842,1.358046448,103.7612474
668677,1.358322063,103.7604041
599008,1.336213593,103.7686712
678060,1.35926927,103.7676411
679803,1.370466928,103.7684337
588732,1.336173316,103.7876673
589452,1.335034605,103.7874113
118811,1.292470554,103.7702768
688594,1.391769604,103.7506787
639579,1.321566283,103.6475963
276394,1.310163235,103.7972821
267057,1.315115852,103.7919525
729350,1.413870678,103.7526109
639651,1.352306362,103.6884838
678553,1.35984046,103.7687668
588560,1.340505794,103.7822536
619675,1.338127272,103.7281474
627545,1.312223675,103.6971501
629465,1.317991959,103.672657
638327,1.34006565,103.6915088
127817,1.314412119,103.7556545
588663,1.33538278,103.7880976
142049,1.300426931,103.7973598
648494,1.351060166,103.6991894
698996,1.383750556,103.7243598
266449,1.319981859,103.8066486
267665,1.32531501,103.7953846
600309,1.34753691,103.7340333
640937,1.342453658,103.6900883
629848,1.319150432,103.6843419
588098,1.33886098,103.7818536
628563,1.311088108,103.6909557
670613,1.384366729,103.7620462
287404,1.32642546,103.8088026
628916,1.328791936,103.6951098
266123,1.321711046,103.8035675
671550,1.389112062,103.7673015
639401,1.321949734,103.6256021
600303,1.344856112,103.7356222
638597,1.335994198,103.6369807
598813,1.340493749,103.7655652
276225,1.3132616,103.7816654
637868,1.298296775,103.6304578
287725,1.327534822,103.8092192
140051,1.293358565,103.8087998
649412,1.345558103,103.7226131
128267,1.30844813,103.7565231
648618,1.353319026,103.697496
688682,1.391826376,103.7525759
729061,1.421730182,103.7484476
639088,1.324111821,103.6420311
649964,1.347901739,103.7109844
287399,1.328198235,103.8083364
276426,1.325404151,103.7923455
688513,1.392495456,103.7512194
126882,1.307163804,103.7634365
688572,1.391619329,103.7513301
267905,1.317372157,103.7954658
659288,1.345332043,103.7587132
289317,1.332790746,103.8068376
729511,1.406679988,103.7450983
279417,1.324571766,103.7864396
118836,1.281825065,103.7863821
659538,1.341558541,103.7505875
139254,1.305625368,103.7874545
267468,1.324524429,103.7945115
267979,1.320049383,103.8053608
609207,1.30802142,103.728773
129351,1.318449715,103.7580758
619359,1.318990145,103.710762
278571,1.312294027,103.7987531
639663,1.351813842,103.6875276
678606,1.367519944,103.7692054
288134,1.340508382,103.7894921
128577,1.305914105,103.7672433
598647,1.34393718,103.7702401
117444,1.29151345,103.7726609
119308,1.277980286,103.7912047
270031,1.306975268,103.7970803
278499,1.308835329,103.7976767
669595,1.357226961,103.7608506
588092,1.338975655,103.7817056
677757,1.371821545,103.7729898
641196,1.342902399,103.7139395
288187,1.337595333,103.7912414
649410,1.347014089,103.7265209
649734,1.367337764,103.6921041
640196,1.342540562,103.7137244
729055,1.421559264,103.7456675
128063,1.315064369,103.7558258
266675,1.329267027,103.8001367
596289,1.335219894,103.7818413
679288,1.368725747,103.7690259
118785,1.292449085,103.7683319
628728,1.28792689738768,103.724055991699
598630,1.342715065,103.7706947
638706,1.318155555,103.6469222
277102,1.316963238,103.7814621
589366,1.347198623,103.7881141
276766,1.330652762,103.7914925
118031,1.279180044,103.7909951
598128,1.341068108,103.7726386
267343,1.324335571,103.7969962
669053,1.360479882,103.7583254
268717,1.314472798,103.7959744
698986,1.39143782,103.7324469
599701,1.344724352,103.7709979
279275,1.321910697,103.7854281
129063,1.321202293,103.7559811
627966,1.322445396,103.7069957
638830,1.323432018,103.6360951
668313,1.377114987,103.7593823
279158,1.312962496,103.7836971
279948,1.331175503,103.7860294
287608,1.332740127,103.8092171
128279,1.308411902,103.7569618
640987,1.336898744,103.694879
261008,1.316710965,103.8061815
599524,1.32390764,103.7742159
628553,1.314362274,103.693455
698948,1.383021297,103.7218923
597561,1.346608785,103.7642971
670241,1.379716969,103.7718713
650150,1.348784675,103.7436728
289164,1.334298325,103.8056554
678423,1.359552034,103.7687913
639812,1.350456357,103.6845638
698987,1.397456955,103.7297616
117680,1.290585189,103.7765182
276807,1.317179351,103.781565
118303,1.283393301,103.8004475
588186,1.345904641,103.7720876
629586,1.317018833,103.662389
648505,1.35311012,103.6998995
269022,1.321877224,103.8059774
638124,1.310973334,103.6294051
639727,1.346641785,103.6840459
275782,1.324294696,103.7926854
128476,1.30566427,103.7577241
276442,1.326035555,103.7920805
679519,1.370074175,103.7763596
289014,1.333710763,103.8083598
598745,1.357676903,103.7637045
637995,1.339492818,103.6905157
638242,1.33747837,103.6902712
599537,1.323222292,103.7739602
638193,1.338426607,103.6904321
278607,1.316475766,103.7892187
729513,1.40709133,103.7459675
267239,1.324735479,103.79629
266578,1.329139052,103.7987862
637769,1.301471904,103.6290252
117583,1.298547651,103.772233
678914,1.372373706,103.7656675
279518,1.322476752,103.7837795
267625,1.326922693,103.7979402
269101,1.32368316,103.8055233
629471,1.316601555,103.6715391
692225,1.358808632,103.7312203
637602,1.292673066,103.6396165
658214,1.369534137,103.753525
669499,1.354951716,103.7601283
678463,1.360820744,103.76848
589100,1.337002452,103.7852333
636760,1.266751395,103.6284818
637810,1.298218985,103.625672
288463,1.326082824,103.8104352
269808,1.320677484,103.7993016
679561,1.37083986,103.7657602
637660,1.292637922,103.6348291
596740,1.342179076,103.7671735
149073,1.288351805,103.8028622
120439,1.316145847,103.7632934
118738,1.291749728,103.7706379
599793,1.334176774,103.7705367
276376,1.310448616,103.7983238
629460,1.316865266,103.6740574
588045,1.338115694,103.7829031
277259,1.318640106,103.7820375
639299,1.327594922,103.6494203
288860,1.330734817,103.8005441
637770,1.299868413,103.628525
599548,1.32329471,103.7735359
589826,1.336352738,103.7868549
288838,1.331514866,103.7993926
129532,1.318334338,103.7589924
649411,1.345808535,103.7233823
277181,1.315118986,103.7805069
268350,1.32186386,103.7957739
277386,1.318468565,103.7870984
599126,1.335133712,103.7673158
276722,1.33158262,103.7912978
599230,1.334712405,103.7690896
289159,1.334764768,103.8055823
288420,1.328901528,103.8121003
287607,1.332514986,103.8092065
639525,1.333343693,103.6492494
277220,1.319308727,103.7816823
278941,1.309277144,103.7919133
289543,1.33424606,103.7989228
637542,1.318250723,103.6328112
629932,1.311026516,103.6792131
277463,1.321224233,103.7893314
128536,1.305288275,103.7652783
279070,1.313482208,103.7827813
588469,1.340233085,103.7810784
588313,1.339724686,103.7854814
277091,1.317005938,103.7807676
678707,1.368115015,103.7701792
287154,1.330510534,103.8089998
650462,1.354429689,103.7400464
117610,1.288743386,103.7828358
638732,1.320633145,103.6344132
668315,1.377024881,103.7594453
276221,1.313255581,103.7818093
658442,1.369178331,103.7521469
638418,1.340882425,103.6369914
119514,1.277982338,103.7915572
289046,1.334801851,103.8080502
288942,1.331441331,103.8074158
609129,1.313421896,103.7321816
267910,1.317997552,103.7963221
269757,1.330023022,103.7990544
269257,1.319303049,103.7946181
129793,1.302537092,103.7687484
119129,1.281217403,103.7872764
269817,1.319870234,103.7979055
118757,1.292179956,103.7692006
142160,1.292445267,103.803829
739633,1.416158187,103.7587161
118903,1.281872255,103.7852371
128998,1.320557907,103.7561426
267538,1.326252063,103.7953765
287481,1.32926417,103.8090915
599782,1.334829475,103.7705635
598548,1.344861947,103.7660352
599164,1.334262502,103.7675711
618482,1.339652533,103.7188464
678820,1.359998113,103.7678374
639734,1.347192231,103.6843011
288728,1.337187826,103.8006944
288729,1.336572481,103.8006179
689389,1.377925236,103.7582242
128805,1.317567924,103.7609501
279225,1.322173555,103.7831681
278877,1.313522915,103.7809889
678029,1.397843911,103.7538763
679711,1.370864083,103.7691375
638259,1.338042337,103.6912523
269161,1.323221617,103.8013886
268021,1.317365179,103.8026664
279255,1.321607103,103.7844431
279576,1.32253462,103.7840479
628322,1.297096568,103.6674008
637308,1.318676056,103.6311845
588894,1.340592751,103.7795594
267404,1.324926695,103.7941172
288051,1.348319123,103.7915639
669562,1.361017713,103.7655743
269347,1.322159878,103.7984091
269668,1.318136673,103.802028
287050,1.336070637,103.8049621
269218,1.322955721,103.8091481
269542,1.322989536,103.8096201
268719,1.313857648,103.795417
266656,1.32933982,103.7991438
267992,1.320466648,103.8059914
588656,1.343800141,103.7879507
597718,1.344721961,103.7721967
268602,1.321484827,103.7951445
598082,1.336949295,103.7655834
668308,1.376905932,103.7592155
596795,1.338274821,103.7648952
128988,1.322967449,103.7550538
639095,1.326758962,103.6407402
629733,1.325602753,103.6926337
127218,1.314393738,103.7571681
629014,1.328732627,103.6729084
288030,1.347640064,103.7902965
287668,1.32835721,103.8070387
637965,1.336871737,103.6916464
637947,1.337733539,103.6914919
288096,1.334558183,103.7905096
289401,1.333172656,103.8076908
267440,1.32412493,103.797035
599633,1.341748301,103.7724485
637702,1.290984201,103.6240083
269674,1.319569016,103.80133
127578,1.313282882,103.7583613
637113,1.276471211,103.6307729
599641,1.341887833,103.771738
692109,1.35206445177646,103.735913253754
639038,1.334603987,103.6462835
127785,1.313337191,103.759444
679776,1.370530851,103.7690535
267449,1.32376059,103.7972682
648346,1.340518768,103.7045497
277399,1.319452824,103.7884349
668866,1.358487443,103.7606251
268081,1.321707237,103.8093625
600310,1.348208363,103.7337993
277454,1.319635937,103.7881287
729924,1.405589942,103.7575171
599510,1.324205619,103.7735402
276812,1.317352172,103.7813517
588773,1.335140413,103.7883897
688454,1.390920195,103.7498326
670433,1.385730324,103.7712126
279108,1.312084499,103.7848967
117864,1.284436891,103.7796322
268057,1.322730109,103.8103177
287852,1.332199356,103.799923
286703,1.32854433,103.8057849
286705,1.328603552,103.8056958
650532,1.356255155,103.7497118
638118,1.310694281,103.63019
268483,1.316917891,103.7940741
628499,1.312445429,103.6874489
642216,1.350453196,103.712257
637369,1.289545408,103.6238669
269509,1.32330507,103.8038327
637485,1.300549729,103.6241472
117707,1.284970386,103.7806828
268914,1.322723314,103.8124098
639134,1.328840843,103.6468487
628980,1.325373754,103.6723953
588473,1.340424936,103.7817523
288099,1.337169267,103.7904575
648176,1.359556532,103.7077795
679682,1.37275937,103.7698744
597036,1.343210064,103.774315
589461,1.335494649,103.7861384
119756,1.279930175,103.7888213
679377,1.371839159,103.7697463
287919,1.33429249,103.7996735
266443,1.319815852,103.8064965
129006,1.320730575,103.7559688
599241,1.335109579,103.7695043
119013,1.286763667,103.7930134
117287,1.287498843,103.7919903
119023,1.287315,103.7927265
128475,1.303715925,103.7600133
629267,1.318505143,103.6663604
277910,1.328144778,103.7933626
279294,1.322458169,103.7862983
639173,1.324416724,103.6493231
598750,1.356829232,103.7654356
598103,1.335721046,103.7667376
668225,1.374445506,103.7583051
718875,1.444193605,103.7135765
637469,1.300094263,103.6247637
288991,1.332918451,103.809098
640960,1.341385312,103.6914596
638752,1.26224245739109,103.623216350155
609021,1.307067459,103.7370605
129493,1.319939502,103.7569478
599283,1.333284006,103.7675941
127564,1.313897239,103.758199
658495,1.371495663,103.7516314
599097,1.334733582,103.767827
669041,1.360648782,103.7590194
139948,1.293872128,103.7880114
287694,1.329142826,103.807584
629612,1.321504441,103.676327
641209,1.346056473,103.7153893
598838,1.340570575,103.7651467
638678,1.323271409,103.6582016
278606,1.315335338,103.7891452
598191,1.334875428,103.7710594
598261,1.336449074,103.774217
149732,1.299150242,103.8013051
629732,1.327236472,103.6939973
266142,1.322704658,103.8035996
267690,1.325474815,103.7942103
267522,1.326339531,103.796826
599016,1.33683197,103.7696641
266359,1.319417358,103.8080709
289404,1.333394571,103.8072005
588647,1.343800141,103.7879507
118202,1.277744264,103.7894111
127469,1.315521849,103.7536964
278696,1.312376445,103.7955445
288215,1.336376556,103.7908795
648291,1.35149532,103.6977566
609957,1.330073436,103.750291
128233,1.310126482,103.755432
276675,1.324322834,103.7929616
279828,1.331097633,103.7921024
289446,1.335670631,103.8066986
609208,1.307363283,103.7286221
669597,1.356935563,103.7600735
629064,1.325325156,103.6685562
269938,1.319459823,103.7934257
269260,1.318474157,103.7942927
266124,1.322549994,103.8029707
266112,1.322427062,103.8025578
278220,1.310912864,103.7985726
269408,1.323097588,103.810348
729326,1.409464658,103.7502543
118937,1.291946885,103.7717344
267898,1.315927821,103.7954906
618490,1.339401263,103.7184513
688344,1.391258847,103.7503826
658632,1.371205823,103.7518627
629938,1.316094906,103.6804111
598725,1.353799031,103.7684341
658714,1.339243373,103.761515
678268,1.377926946,103.7631029
691224,1.357498164,103.7309531
648581,1.35190777,103.6994995
688348,1.391282383,103.7502774
639092,1.326430509,103.6410991
118221,1.291867929,103.7856346
119315,1.29197307893112,103.785041296695
619672,1.335365135,103.7306121
279809,1.312183052,103.7914418
288049,1.348372014,103.7914763
627973,1.324932709,103.7077741
668871,1.358929435,103.7607038
278973,1.310659465,103.7955646
272031,1.309328822,103.7843542
118975,1.292318084,103.7723132
268425,1.321796971,103.7916607
678754,1.35775527,103.7689442
279072,1.31341646,103.7827752
679501,1.370308236,103.7724962
677834,1.371861478,103.774212
639218,1.326611264,103.6458375
641216,1.350121405,103.7118759
139580,1.307370946,103.7758853
277403,1.319699491,103.7885954
628644,1.325033728,103.6848428
629821,1.332584447,103.7072529
287289,1.329232343,103.8081735
689483,1.378615451,103.7579956
277167,1.31695414,103.7821261
688551,1.391157914,103.7517965
289209,1.331396044,103.8068897
628425,1.30494255,103.6548465
287314,1.328541665,103.8083791
627664,1.333741485,103.702616
637839,1.311327377,103.6307198
598631,1.342776135,103.7706694
269610,1.323675445,103.8044726
670427,1.386370621,103.7698112
127222,1.314283852,103.757221
276155,1.326620167,103.7839206
141049,1.297506445,103.8022572
140181,1.294382132,103.8055602
269868,1.315347591,103.7983906
639515,1.330117588,103.6514451
678041,1.357772596,103.7681059
668299,1.376495853,103.7594926
127568,1.313206288,103.7580141
688311,1.390684869,103.7513406
267993,1.320360254,103.8061927
128957,1.322116172,103.7564883
276434,1.325540616,103.7921465
288725,1.336742586,103.8010408
728781,1.407369747,103.7493237
598975,1.336414631,103.7688066
638984,1.320748041,103.6418836
628775,1.329577678,103.6931672
679397,1.372919277,103.77167
599007,1.335857323,103.768819
650389,1.36534587,103.7521421
129796,1.301761305,103.7693694
608826,1.335249749,103.7497125
127837,1.313449009,103.7556179
638729,1.320348905,103.637702
679322,1.371357196,103.7717146
627635,1.317530025,103.6951424
628826,1.329753446,103.6938927
637554,1.316230234,103.6283691
275779,1.324274458,103.7925031
275776,1.32415142,103.7926542
275777,1.324190787,103.7926068
650405,1.365764391,103.7453993
650406,1.365178267,103.7458132
638790,1.316810864,103.6510601
118443,1.276906872,103.793524
289894,1.327634646,103.813657
597048,1.34392475,103.7741283
677717,1.370603402,103.7737079
629503,1.318337164,103.6750226
267828,1.312864807,103.796202
129349,1.318408481,103.7580321
286692,1.328675577,103.8053609
275891,1.327524514,103.7904484
609154,1.319204734,103.7351856
138812,1.29372325,103.7982429
648200,1.336412987,103.6997017
688265,1.380298287,103.7452918
632991,1.33540043,103.6935756
668887,1.359242724,103.7602647
598793,1.340280105,103.7658868
269779,1.329005867,103.801354
119728,1.280054715,103.788219
658791,1.340722664,103.7611207
266427,1.319338484,103.8063585
628924,1.333807862,103.6939502
289538,1.333843791,103.7989606
589463,1.335555685,103.7859585
597652,1.329677056,103.7523446
275832,1.324709874,103.7853272
128637,1.3084501,103.7623939
637493,1.307337586,103.6233125
637243,1.318632722,103.6294973
597743,1.342834243,103.7732003
596600,1.337519207,103.7651647
289299,1.334929909,103.8049935
277877,1.328421774,103.7924144
718894,1.427053811,103.7105638
117492,1.280840078,103.7858725
117491,1.281007379,103.7856305
587978,1.34829521,103.7723028
645663,1.33811999,103.7027526
118504,1.274917881,103.7941949
639940,1.330225054,103.652426
639673,1.351279019,103.6879176
279949,1.33057068,103.7866751
648483,1.350957156,103.6988501
729667,1.408739724,103.7499078
289541,1.334108846,103.7990238
669686,1.377743578,103.7592597
278628,1.317545559,103.7858505
126994,1.315495258,103.7555327
690307,1.361126435,103.736797
641257,1.345986769,103.7075647
641865,1.350239679,103.6950702
699818,1.370595796,103.6869909
596256,1.335954228,103.7705054
639934,1.336364011,103.6470362
619480,1.31281415,103.7054223
278967,1.310255422,103.7953504
287863,1.332997645,103.8003232
276660,1.318443963,103.7885977
589837,1.336956937,103.7883442
110021,1.284942205,103.7766252
596733,1.341413325,103.7663936
688411,1.390545973,103.7509938
619524,1.337034936,103.7103133
118544,1.276100486,103.7932384
278468,1.308863651,103.7981154
648734,1.35132857,103.6996639
639307,1.328024223,103.651983
679247,1.369331583,103.7686185
127831,1.313782439,103.755441
278511,1.309249402,103.7973186
619367,1.321484765,103.7145461
729928,1.406607816,103.7569719
650244,1.349182698,103.7572392
610340,1.33960693877645,103.721499566886
597749,1.34285394,103.772937
629109,1.328388455,103.6778093
651335,1.364591258,103.7483265
651142,1.349980572,103.7426104
127819,1.314361145,103.7556175
277191,1.314954475,103.779962
139960,1.294955229,103.7882939
690108,1.35324637444701,103.735968354011
611121,1.336242117,103.7245628
599329,1.333393638,103.7686819
596762,1.338524525,103.7643892
598541,1.343848344,103.7664159
143088,1.296195592,103.8092808
589970,1.336183991,103.7861787
289021,1.33515331,103.8076022
588007,1.338350281,103.7838238
587845,1.348849833,103.7737339
276250,1.312773115,103.7810939
588133,1.346703572,103.7712882
669260,1.353336522,103.7578269
903808,1.235596153,103.7686453
636942,1.2761913,103.6334009
650180,1.345557925,103.742841
117490,1.280822052,103.7854684
597051,1.343874179,103.7738073
677990,1.397911648,103.7535691
637260,1.318195731,103.6288809
279165,1.312968943,103.7842557
289929,1.330362285,103.8132835
124311,1.319222577,103.765857
287167,1.330778128,103.8092534
276523,1.327447614,103.7941654
650533,1.355879087,103.7497991
278575,1.312634487,103.7980646
128153,1.308309027,103.7631513
688304,1.391001421,103.7515018
119522,1.279407645,103.7936575
287977,1.335536622,103.7982123
641271,1.350881446,103.7040623
641272,1.350266828,103.7052399
643272,1.350914742,103.7046276
643271,1.350153145,103.7042931
129345,1.318324446,103.7579436
120715,1.303153603,103.7619437
728688,1.408916998,103.7456482
596220,1.345424342,103.7719095
266435,1.31957347,103.8062564
278757,1.314085478,103.7808596
688315,1.390708545,103.7512358
618297,1.304649611,103.7163736
639195,1.32667193,103.6445463
277978,1.311721017,103.7984296
279987,1.33082694,103.794758
278182,1.309965021,103.7981683
287128,1.33013546,103.8095087
278449,1.308846577,103.7993324
267944,1.315685403,103.8021589
650390,1.365354027,103.7524332
127360,1.29501615,103.7659157
649696,1.349172506,103.7071983
640530,1.348532872,103.7154681
269255,1.318459118,103.7936575
289433,1.334809597,103.8066437
599915,1.337222402,103.7734496
266514,1.321136226,103.8029347
650509,1.352547583,103.7541917
728649,1.436551922,103.745564
619703,1.334056409,103.717091
278268,1.310368,103.7971158
120206,1.321501158,103.7622287
589085,1.337342132,103.7856989
596372,1.34457547,103.7727661
650626,1.351719749,103.7490228
267747,1.321271982,103.8109849
628435,1.301697989,103.6580846
279021,1.314361453,103.7844694
278269,1.310786932,103.7967246
127633,1.317646797,103.7545089
639733,1.346641785,103.6840459
668981,1.359563043,103.7609985
268438,1.321714477,103.7908031
669809,1.36208663809612,103.763521075858
669810,1.36208663809612,103.763521075858
129279,1.319715746,103.7572016
671487,1.389367215,103.771091
678273,1.368762449,103.7763591
678276,1.369261686,103.7764989
275828,1.317518187,103.7867701
279776,1.324163722,103.78385
266168,1.322302355,103.8036314
589194,1.342179373,103.7860635
688345,1.39090396,103.7503724
267725,1.31875836,103.798354
669935,1.3575195,103.7591699
650190,1.34538562,103.7460455
597904,1.344509329,103.7715353
658663,1.370286011,103.7520288
659673,1.349466295,103.7427439
637930,1.336501998,103.6910225
729327,1.409305344,103.7497177
688487,1.392341879,103.7503282
599702,1.344763209,103.7710579
138836,1.294504809,103.7975853
276493,1.328562298,103.7946675
277924,1.328527551,103.7926467
627856,1.320136286,103.6956179
119783,1.278946607,103.7891053
269083,1.323386337,103.8063633
119277,1.299200502,103.7737497
669830,1.358584591,103.7582463
288717,1.337146846,103.8018431
677931,1.396194327,103.7535461
266164,1.322458033,103.8044274
279074,1.313261786,103.7827344
269904,1.319252957,103.7989712
637615,1.300270207,103.6278578
128426,1.312824069,103.7516304
658259,1.368381903,103.7518899
637732,1.301005372,103.6275372
129787,1.301760495,103.7693711
138834,1.294501639,103.7979633
119425,1.274338049,103.794418
277238,1.318393397,103.781462
268128,1.319301573,103.8076187
672647,1.388407779,103.7635005
119244,1.293694385,103.7732836
637570,1.294506819,103.6264444
286751,1.328836855,103.8059894
596402,1.345263275,103.7713553
289841,1.33470952,103.8065209
679408,1.371035762,103.7725224
266490,1.317853824,103.8038702
278649,1.322933719,103.7852756
139159,1.304475879,103.7751388
658550,1.371348486,103.7534989
658551,1.371291769,103.7535003
649735,1.364904008,103.6906297
278451,1.308779378,103.7993256
681803,1.373864685,103.7429701
118932,1.292292947,103.771593
588782,1.336003176,103.7884415
598939,1.333686678,103.7664562
287146,1.330268574,103.8091223
637411,1.316303801,103.6288825
629501,1.316907989,103.6745422
597798,1.344421728,103.7725477
277371,1.317877924,103.7873234
268583,1.32173912,103.7961752
268581,1.321646946,103.7962865
689404,1.377540612,103.7583117
277937,1.316196597,103.7877657
288958,1.332209236,103.8077793
679688,1.37297576,103.7701418
639225,1.327011109,103.6481506
629153,1.323245,103.6919126
650504,1.351965603,103.7549837
638727,1.31904643,103.6392026
597576,1.346333144,103.7649892
598784,1.339959735,103.7662551
637380,1.298117056,103.6382367
276252,1.312687697,103.7810712
588896,1.340697397,103.7795792
139402,1.301473734,103.7887426
117582,1.298793957,103.7726113
138698,1.296665972,103.7951983
637360,1.293212007,103.6346293
597835,1.342626754,103.7729912
267645,1.325202649,103.797099
289791,1.332638393,103.8033141
729651,1.402585822,103.7540655
129483,1.318894644,103.7570216
641651,1.33707182,103.6979383
267697,1.326237663,103.7934702
287799,1.333593383,103.7999197
658844,1.33895214,103.761896
681430,1.38433296,103.7416809
629295,1.318451921,103.6671509
288934,1.330283167,103.8071457
729148,1.415371548,103.7454832
598558,1.344527437,103.7656297
677863,1.37146271,103.7729752
126806,1.292878939,103.7669991
658207,1.369917428,103.753527
619477,1.31284418,103.7045273
278474,1.308980812,103.7979832
289966,1.33651379,103.8152008
629199,1.311219403,103.6703807
692319,1.36213711,103.7387701
658878,1.339042753,103.7615749
640553,1.353131925,103.7189436
640555,1.353668605,103.7188531
629736,1.326995324,103.6931786
277579,1.330322091,103.7920513
637259,1.318233551,103.6287795
279734,1.325458145,103.7836458
279299,1.322170041,103.786822
279245,1.321875734,103.7837961
739625,1.417326923,103.7581761
118972,1.292318084,103.7723132
638557,1.336966153,103.638965
266182,1.322216746,103.8030592
729641,1.400145831,103.7550987
636914,1.279122291,103.6348369
267192,1.323404856,103.7971118
627475,1.290653927,103.7110532
588738,1.335906077,103.7872814
129204,1.322724817,103.758459
637558,1.293977541,103.6424381
658265,1.368374319,103.7517294
267220,1.324203746,103.7967495
129580,1.315225203,103.7651686
289068,1.336845535,103.8082028
640450,1.351638892,103.7175241
639245,1.331505331,103.650131
691307,1.360292135,103.7360012
649332,1.346869673,103.7215594
627665,1.333662565,103.7026158
671175,1.379580207,103.7662774
277116,1.316682765,103.7773289
688549,1.391146952,103.7518453
669506,1.355015572,103.7610283
129106,1.32039109,103.7599103
268998,1.323760196,103.8077658
588232,1.335708864,103.7860111
277788,1.330769973,103.7931121
679119,1.367434321,103.7689222
718785,1.426804136,103.7217639
680627,1.397930121,103.7460861
688353,1.39095111,103.7501621
637748,1.301506114,103.6272906
120465,1.309242516,103.7671063
598726,1.353657371,103.7679482
628075,1.329476261,103.7005581
277451,1.321172301,103.7897412
629286,1.318289261,103.6678121
640199,1.343706324,103.7144849
640263,1.345100452,103.7069117
612339,1.338180626,103.721189
126753,1.320817692,103.7526673
619123,1.304405423,103.7231335
597756,1.343225591,103.7727453
268072,1.321949126,103.8095916
269429,1.32217925,103.8094558
268080,1.321744978,103.8093944
266119,1.321711492,103.8034233
267258,1.323049738,103.7967798
286977,1.335888498,103.8059114
739480,1.432051315,103.7548006
679383,1.372457339,103.7700329
276218,1.31275837,103.7819564
279078,1.312945261,103.782863
599826,1.333973966,103.7716463
678052,1.359029539,103.7676686
277470,1.32030915,103.7886051
649934,1.342821243,103.7104611
658216,1.369420725,103.753527
629895,1.307172828,103.6742889
596892,1.341687394,103.7701185
637218,1.316178317,103.6346714
587866,1.345240149,103.7761655
276764,1.33032156,103.7913314
739894,1.415966948,103.7594401
637452,1.317467221,103.6338316
670251,1.380300455,103.774175
670253,1.379587299,103.7748199
638743,1.321919988,103.6344155
279123,1.311541063,103.7848572
681251,1.378756011,103.7449443
668289,1.376251397,103.7592448
266657,1.328607068,103.7994884
266316,1.321982395,103.7978436
629928,1.311862567,103.679362
658780,1.340401867,103.7606232
128582,1.305961087,103.7673715
599123,1.334438946,103.7673639
639604,1.333668726,103.6350469
639603,1.333480702,103.6352408
268752,1.327442277,103.8003864
648367,1.35096144,103.6976948
599000,1.335857201,103.7686368
275778,1.32423837,103.7925498
688529,1.392617295,103.7517865
648196,1.352782306,103.7071709
268120,1.320573312,103.8069245
597844,1.342326647,103.7727269
598075,1.336624258,103.7661438
641668,1.341831445,103.7028808
642660,1.336205595,103.7041774
129122,1.320028261,103.7607697
118037,1.279123366,103.7912289
680507,1.389104815,103.7412868
680518,1.390768865,103.742554
680516,1.390950825,103.7435251
681008,1.380852424,103.7540043
667972,1.364105746,103.763671
279271,1.321826812,103.7852418
698995,1.396651866,103.731556
266473,1.318138741,103.8060338
597822,1.342310678,103.773513
628844,1.330206641,103.6913262
269099,1.324014459,103.8066404
627719,1.27623823,103.7128567
627884,1.275016121,103.7215042
693413,1.37132989848874,103.744072512862
149869,1.290878945,103.8050217
267841,1.313693178,103.796812
597982,1.343554082,103.7722372
268257,1.32258265,103.7976852
597446,1.325543079,103.764979
639523,1.336055791,103.6451734
648397,1.352792429,103.6987081
118721,1.29074329,103.7711875
678355,1.35828655,103.7684824
128473,1.306530173,103.7585628
629818,1.333969252,103.7050499
269941,1.319839924,103.7930575
128590,1.306024602,103.7675271
127471,1.315584354,103.7536454
619029,1.327528164,103.7124559
597445,1.325162117,103.7649437
127979,1.31570283,103.7572977
670615,1.385147268,103.7624383
278197,1.311579511,103.7989671
650242,1.350959508,103.7562334
681552,1.394065095,103.7422084
127140,1.30995768,103.761151
598583,1.340563066,103.7740676
609336,1.321216713,103.7468491
275976,1.326477015,103.7910334
596641,1.339181242,103.7688641
680816,1.376471628,103.7491277
143078,1.294107,103.8095409
598544,1.344646753,103.7662299
588946,1.340138369,103.7799764
128530,1.305724269,103.7650035
638438,1.330864148,103.6343195
599710,1.345125084,103.7715525
129782,1.30027268,103.7693547
127930,1.315882525,103.7568151
597647,1.329222307,103.7563743
266582,1.328622907,103.7985891
669814,1.35820285,103.7591643
599784,1.33475569,103.7705718
127000,1.316010964,103.7554936
598622,1.342136632,103.7710976
276602,1.320344503,103.7892788
659871,1.35763038395609,103.742933165324
659778,1.35859758068186,103.741357241845
739787,1.417031052,103.7587678
739795,1.416624215,103.7595724
128044,1.298235909,103.7662346
287203,1.331557023,103.8102339
649824,1.342267518,103.7162702
266170,1.322302809,103.803579
266172,1.322300119,103.803489
266174,1.322302207,103.8034279
739851,1.41553401,103.7570758
139160,1.304666634,103.7748368
640489,1.349174596,103.7272398
139164,1.305284692,103.774584
139162,1.305170614,103.7750956
597280,1.325002406,103.7662702
596713,1.339536495,103.7689126
288960,1.332526867,103.8079279
127188,1.294783089,103.7660209
599144,1.335290919,103.7665009
266106,1.322347812,103.8023317
268132,1.318983713,103.8073066
278278,1.311489184,103.7985643
286979,1.335774098,103.8059422
596746,1.341810475,103.7685529
118050,1.278500062,103.7910925
119961,1.276780436,103.8009481
287044,1.335859464,103.804985
609260,1.302218372,103.7519653
279608,1.324503873,103.7874842
729984,1.40646979427515,103.758206099192
288602,1.334676418,103.8022665
127524,1.316065273,103.7548983
267380,1.32515507,103.7944298
688389,1.390408033,103.7516114
276643,1.318568385,103.788055
658879,1.338725939,103.761666
289717,1.335305616,103.804083
648651,1.352660342,103.6979302
279117,1.311614446,103.784674
699800,1.377911948,103.7125693
737944,1.416666571,103.7551316
278062,1.309688415,103.7980731
637668,1.291932817,103.6237152
669643,1.372268696,103.7607223
598599,1.340572615,103.7728514
718909,1.424787316,103.7123726
658737,1.339531361,103.7608292
679658,1.372838768,103.7678978
650163,1.348149496,103.7426581
120115,1.323545133,103.7713288
688679,1.39199128,103.7525508
627650,1.333741104,103.702943
627651,1.333818317,103.7029435
627546,1.3102968,103.6985694
650136,1.350900429,103.7448576
639407,1.320790386,103.6564003
627748,1.260177344,103.706423
648868,1.350720069,103.701
117494,1.280515147,103.7854434
117493,1.280643663,103.7857164
599105,1.334203445,103.7679304
682816,1.376041135,103.74846
637001,1.276873059,103.6317571
638189,1.338630949,103.6902756
597742,1.343190927,103.7732271
681572,1.393613721,103.7454417
680573,1.394416826,103.7454326
637508,1.3143172,103.6279151
277896,1.32903759,103.7940592
139213,1.304956773,103.7877285
729661,1.408945887,103.751488
628822,1.329784464,103.6948248
619523,1.339480853,103.7124323
127229,1.314039823,103.7573924
127530,1.316650822,103.7545008
678832,1.361115516,103.7678747
680565,1.394906029,103.7453097
599610,1.34209002,103.7735011
126876,1.307445386,103.7640904
266135,1.32180666,103.8040275
658256,1.368025494,103.7519547
128564,1.305690012,103.766593
650146,1.349668909,103.7440835
650133,1.351593101,103.7449559
288566,1.330590299,103.8116212
278878,1.313547382,103.780858
276322,1.314971311,103.7877823
269333,1.322368113,103.797823
658210,1.369751137,103.753525
681527,1.392290894,103.7410706
597352,1.325538828,103.7676191
127813,1.314520042,103.7557243
117574,1.30040772,103.7714446
699966,1.385921049,103.7259843
629493,1.316906633,103.6642215
688298,1.390965867,103.7516592
119306,1.277882561,103.7911616
589401,1.348332636,103.7890263
597271,1.324477695,103.7670644
588340,1.34157338,103.7858657
287533,1.32763435,103.8095766
639593,1.327385547,103.6429359
650537,1.355115164,103.7508779
269485,1.321579756,103.8045757
597700,1.342434619,103.7719083
669835,1.358172742,103.7580107
286650,1.328470733,103.8087119
287690,1.329016572,103.8074827
287684,1.328827001,103.8073619
287633,1.332280964,103.8094403
268186,1.317034853,103.8041382
268188,1.31720504,103.8039835
266487,1.317666403,103.8039846
670143,1.376374482,103.7673243
671443,1.381466364,103.7697667
138818,1.293851679,103.7970782
658290,1.368931011,103.751546
739657,1.417239262,103.7588213
286731,1.32870385,103.8059665
629979,1.319346439,103.6921852
272049,1.31050782726584,103.789651248229
140147,1.294317426,103.8049318
669847,1.358577446,103.757648
588138,1.347420688,103.7704442
718820,1.425079875,103.7118488
679753,1.371965726,103.7683391
619673,1.336483349,103.7309764
279766,1.324802143,103.7835801
688597,1.391454077,103.7504772
668230,1.374277076,103.7579003
637690,1.291345021,103.6244106
589386,1.348304231,103.7879682
678205,1.376958157,103.7625725
289004,1.333255915,103.8083436
651309,1.357859136,103.7487916
266990,1.322458794,103.8079876
277873,1.328667847,103.7925208
629289,1.318815786,103.6676829
266156,1.32250686,103.8041108
288976,1.332601894,103.8082919
588860,1.341362373,103.7816579
278056,1.309508511,103.7982252
588406,1.346519182,103.7809602
126864,1.307745673,103.7644485
650257,1.351170884,103.7579849
681683,1.403854804,103.7454925
637538,1.318364786,103.6325249
289619,1.330411473,103.8006637
267659,1.325152742,103.7958021
668680,1.35843828,103.7602465
690300,1.359415222,103.7378898
658471,1.371027379,103.7511235
127376,1.308727955,103.7613752
276253,1.313295511,103.7806592
651292,1.344728446,103.7546076
629781,1.329676078,103.7029771
117962,1.280062172,103.7916002
268215,1.318503708,103.8027989
127581,1.314358033,103.7579195
267796,1.322762325,103.7933086
688409,1.39053335,103.7510503
627882,1.261093928,103.6984021
640266,1.346103106,103.7063127
127859,1.313903739,103.7558003
669265,1.353314747,103.7583444
596813,1.338394724,103.7655804
739496,1.435982003,103.7542236
629828,1.333661586,103.7040844
269365,1.322306542,103.7999483
129431,1.319992977,103.7560163
677783,1.373108947,103.7732424
729482,1.413353864,103.7431476
129494,1.32000909,103.7570159
640559,1.354576317,103.7189006
119518,1.278130363,103.7916065
276320,1.315183843,103.7879525
618356,1.338901003,103.7170905
598112,1.337749862,103.7668553
287121,1.329675172,103.8095405
138582,1.305981082,103.787703
728871,1.427630064,103.7497132
276589,1.320997752,103.7902807
739516,1.436270561,103.7545639
739517,1.436225186,103.7545688
288246,1.336903456,103.8030223
668850,1.358179804,103.761049
267962,1.318961267,103.804896
127158,1.309606016,103.7609543
127602,1.313530849,103.7592494
638307,1.339327058,103.6921976
679662,1.372719149,103.767003
681816,1.376031519,103.7488246
690210,1.35807521197594,103.727062023583
629827,1.333584473,103.7040845
288561,1.329796943,103.8103321
289742,1.32985906528318,103.810433810914
596401,1.345378537,103.7719538
266752,1.320530901,103.8090222
596383,1.345076402,103.7723775
129195,1.323570722,103.7566656
286858,1.336599423,103.8061743
286854,1.336385087,103.8062078
119757,1.279957627,103.7888725
669373,1.354353683,103.7598531
668970,1.358972394,103.7610698
677764,1.372135038,103.7734674
668724,1.359528687,103.7583491
639022,1.330633099,103.6428935
599612,1.342080641,103.7733689
268547,1.323885726,103.794172
637237,1.292254654,103.6303105
680803,1.374155334,103.7427596
679816,1.36976763,103.7685358
739831,1.415838165,103.7577217
598106,1.336855714,103.7675123
119330,1.279800614,103.7902963
267832,1.313227386,103.7964097
650384,1.362932637,103.7521942
276714,1.33161614,103.7923178
679190,1.366925387,103.7685885
637832,1.29298697,103.6240915
637492,1.299410623,103.6253001
637491,1.299159442,103.6252289
650369,1.36002946,103.7510723
678064,1.359415532,103.7676181
688313,1.390697715,103.7512843
689869,1.384139906,103.7493682
588638,1.343800141,103.7879507
277599,1.330259659,103.7936535
268629,1.320614096,103.7943963
670429,1.386833873,103.7700949
266358,1.31769045,103.806267
276975,1.315867584,103.7816045
277395,1.319279165,103.788313
268348,1.321836723,103.7958165
688256,1.401107419,103.7411953
288726,1.337187826,103.8006944
671654,1.387555931,103.7642821
288128,1.341179734,103.7901367
651446,1.35038382,103.7391946
688501,1.392442733,103.7507365
267632,1.326123487,103.7972193
652291,1.342997774,103.7551581
739699,1.415524641,103.7587696
739709,1.41572491,103.7582185
669267,1.352978978,103.7582728
670244,1.380919582,103.7718192
640485,1.348347108,103.727243
277783,1.330548327,103.7932033
648666,1.352619141,103.6985969
599765,1.335873966,103.7738637
289896,1.328413819,103.8136513
739910,1.416934672,103.7602311
718868,1.438051343,103.7174453
148995,1.291872146,103.8065308
638284,1.337349688,103.6921402
286719,1.329014622,103.8050731
268691,1.313897578,103.7938845
266302,1.31699903,103.8049884
596252,1.335998815,103.7706407
688744,1.389897179,103.7513061
598213,1.334964836,103.7720304
589835,1.336991292,103.7880518
639642,1.352601577,103.6876705
598862,1.341109442,103.7660347
287456,1.330769569,103.807818
688455,1.390978543,103.7498321
689405,1.377531221,103.7582545
277959,1.316981789,103.7865346
637988,1.339804701,103.6909114
609758,1.30765638448409,103.729447555503
268381,1.321329907,103.7932516
138641,1.305743598,103.7877255
127651,1.318927501,103.754344
127726,1.319029871,103.753954
637999,1.339331907,103.6903113
637998,1.339368649,103.6903579
279868,1.332564449,103.7916102
288999,1.334376399,103.8078163
688945,1.38169399,103.7564934
669897,1.357614278,103.7605446
120731,1.304400465,103.7627462
120723,1.30310124,103.7634131
619028,1.328494472,103.7115484
628108,1.326955795,103.6849219
640916,1.340693227,103.6878156
640903,1.33971748,103.6860611
718818,1.443786523,103.7320119
268748,1.328144704,103.8001158
267853,1.316075558,103.7992633
658966,1.351481889,103.738386
275983,1.309800571,103.7918731
287370,1.328634908,103.8097657
598139,1.340827703,103.7742157
627934,1.329792273,103.7040774
288621,1.331459613,103.8031863
597266,1.32438442,103.767271
266294,1.321428204,103.7925287
269811,1.3205533,103.7988424
139462,1.305708434,103.7756397
650156,1.3483649,103.743842
266693,1.3206646,103.8017682
638551,1.337317924,103.639302
269173,1.324376098,103.800241
729677,1.407959513,103.753318
640260,1.345095443,103.7080333
640198,1.34442113,103.7143437
690303,1.360385713,103.7395154
609933,1.327837989,103.7479504
268643,1.320871309,103.7936404
638738,1.315838534,103.6445964
138572,1.312928106,103.7740115
279318,1.321673544,103.7871026
119056,1.292783946,103.7689146
149056,1.29398666,103.8012663
640491,1.349586566,103.7263153
688536,1.391399125,103.7523121
678812,1.359337874,103.7678883
729030,1.419199707,103.7502655
640201,1.343266151,103.7154119
266295,1.321443548,103.7925705
640557,1.353992751,103.7185671
609811,1.320521256,103.7445727
276868,1.314098774,103.7849016
289792,1.336148787,103.8070112
268193,1.317543915,103.8037241
679674,1.373654989,103.768032
629341,1.303444917,103.6651139
629533,1.312265872,103.6613404
596420,1.344880107,103.7707955
599762,1.336108716,103.7736635
691110,1.35200273904223,103.736333968603
691108,1.35279617847366,103.735902058025
278438,1.309528286,103.7992301
589890,1.33726981,103.7871759
619831,1.332176739,103.7113469
289012,1.333576619,103.8083657
678270,1.378431008,103.7628428
628966,1.326732812,103.6762424
287412,1.327024792,103.8079521
637448,1.332212307,103.6356052
637447,1.332506389,103.6352893
287659,1.328611268,103.8077291
659440,1.359033397,103.7494868
588951,1.339961346,103.7804191
638099,1.309905728,103.6309272
267053,1.314915949,103.7915082
277759,1.330084629,103.7947897
279544,1.32247257,103.7853247
277378,1.318486567,103.7877718
588017,1.340121359,103.7821385
739901,1.416256745,103.7602293
128741,1.308302818,103.7639075
117614,1.292701428,103.7696508
266380,1.318225248,103.8059411
627576,1.320949256,103.7025847
588342,1.341783618,103.7858973
618352,1.338958916,103.7171818
276980,1.316245797,103.7813421
589853,1.340395871,103.7871671
639144,1.330551186,103.6486691
637130,1.312384262,103.6329106
648355,1.351160313,103.6963988
127721,1.317969534,103.7540321
266772,1.318413139,103.8070661
597265,1.324812,103.7672286
278367,1.3165947,103.786188
278361,1.316208942,103.7864806
120451,1.31248109,103.7654765
268463,1.321429446,103.7920443
289836,1.33307559637383,103.805073023137
286800,1.329569789,103.805318
286713,1.328838726,103.8053396
128148,1.30860818,103.7630467
588003,1.340637632,103.7834966
640822,1.347078842,103.693822
118735,1.290798856,103.7709292
127888,1.312235296,103.7565803
279383,1.323667094,103.7877535
278058,1.309547104,103.7981866
278060,1.309646888,103.7981087
679683,1.372814075,103.76987
638565,1.336202873,103.6375946
688747,1.389931628,103.7511521
598568,1.343997618,103.765711
598569,1.344127869,103.765738
267197,1.322962662,103.7965134
267199,1.322869708,103.7965495
668848,1.358153091,103.7610989
268705,1.315050652,103.7946055
652460,1.353705924,103.7391503
628100,1.323497287,103.6831986
669610,1.35868499,103.762198
598570,1.344185904,103.7656775
658065,1.337074167,103.7596872
288145,1.340002512,103.789607
651194,1.344680501,103.7455139
688491,1.392369001,103.7504326
267271,1.325967328,103.7991964
627717,1.273444325,103.720694
149160,1.2907724,103.8059207
266446,1.320157373,103.8063778
650640,1.34930333,103.7516644
266552,1.318989356,103.8020284
649483,1.349881542,103.7026875
649484,1.349870649,103.7030271
650236,1.349336423,103.7559635
119243,1.292752158,103.7713652
279215,1.31264737188691,103.797824643454
269348,1.32264511,103.7982294
278051,1.309097759,103.7982252
659546,1.340545,103.756844
269364,1.322418478,103.7999426
680141,1.380411613,103.7525799
267253,1.322776727,103.7965857
267254,1.32283674,103.7966755
267255,1.322861526,103.7967382
117443,1.291322208,103.7726511
654440,1.355138388,103.7370315
637128,1.312616034,103.6330117
629426,1.313948851,103.6629678
679517,1.369842017,103.7760391
149644,1.306900132,103.8003673
278477,1.309061899,103.7978932
597278,1.324770847,103.766462
629192,1.321165912,103.6683952
609335,1.320961547,103.7476984
690318,1.363197602,103.7388049
287236,1.32729449,103.8085803
289612,1.325880162,103.8097607
597302,1.32610966,103.7669651
597625,1.319993609,103.7780018
279922,1.320688097,103.7841963
597939,1.343919379,103.7735729
689286,1.394805646,103.7449713
267646,1.32534131,103.7966584
279597,1.324044046,103.7870596
127300,1.292883662,103.767231
627541,1.319582479,103.7001908
627459,1.319425373,103.7010317
597419,1.328518331,103.7692161
684808,1.374884453,103.745409
128610,1.308817607,103.762572
267208,1.323998503,103.796886
718885,1.43014338,103.711781
277999,1.311013928,103.7975923
629948,1.315284115,103.6802821
739449,1.435750833,103.7477627
287068,1.336904699,103.8048041
287062,1.336747712,103.8048405
288851,1.331280419,103.7999962
269272,1.320330644,103.7946528
659246,1.355280604,103.7523317
688270,1.390779474,103.7524654
739483,1.433069861,103.7547865
126983,1.314594087,103.7548947
637696,1.291665025,103.6236161
598623,1.342177059,103.771056
648780,1.351843376,103.7016036
289881,1.324864245,103.8128581
628470,1.325997099,103.6961375
629356,1.303920905,103.6680458
141058,1.296191719,103.8045419
140167,1.29003093,103.8026043
629458,1.317991932,103.674697
287150,1.330444062,103.8089954
648202,1.341264104,103.6972419
278670,1.33011304,103.7878816
680689,1.402709115,103.7511244
278654,1.323846229,103.7858203
589690,1.341796824,103.7857047
589689,1.341720339,103.7857126
267945,1.315579054,103.8020757
636787,1.269808511,103.6284654
138602,1.303996549,103.7740329
689431,1.376975422,103.7580035
596638,1.3392376,103.7688543
267357,1.324249053,103.7955494
596937,1.338090547,103.765097
636820,1.317928673,103.6310272
636830,1.318344302,103.6307771
650541,1.354017592,103.7515893
269939,1.319239486,103.7931886
718927,1.43565274,103.7123101
640445,1.352064243,103.7205527
287777,1.331822853,103.7989471
678721,1.368363346,103.7708542
599546,1.322897196,103.7737101
277843,1.329449221,103.7942321
278626,1.31838947,103.7862456
678099,1.361907834,103.7679497
608611,1.313072757,103.728772
639302,1.327961355,103.6503336
668992,1.359429188,103.7604679
671442,1.382637048,103.7709324
588302,1.339332395,103.786074
658310,1.368959014,103.7521569
286632,1.342033917,103.7969012
599733,1.342694879,103.7752269
669016,1.359730384,103.7598909
651211,1.346802134,103.7503002
598033,1.337191266,103.768406
127565,1.313181646,103.7578957
128001,1.315072366,103.758518
269585,1.322907721,103.8050792
688472,1.391969087,103.7498333
598836,1.340440549,103.7650914
596504,1.337440497,103.7711166
276901,1.315894355,103.7798291
277428,1.319147948,103.7875605
658066,1.3377503,103.7589182
266737,1.322577395,103.8113683
638100,1.309849071,103.63108
289563,1.336046954,103.8001056
287821,1.334036005,103.8014738
670517,1.388036222,103.7667078
640446,1.352215713,103.7195556
641669,1.342892717,103.7031361
267918,1.317812141,103.7980647
276665,1.317796279,103.7880789
596520,1.337555156,103.7713141
279162,1.312754877,103.7839396
269529,1.322755443,103.8015558
588338,1.341362307,103.7858854
688253,1.397621466,103.7417475
119113,1.280589392,103.7873108
286627,1.327076166,103.8107474
278333,1.315899773,103.7880553
627660,1.334052306,103.7026166
288008,1.346435759,103.7898168
127903,1.315084477,103.7569342
629950,1.314675334,103.6807753
287325,1.328428907,103.8084993
287394,1.328390462,103.8084721
118567,1.277703942,103.7888337
289135,1.333384249,103.8058676
637301,1.284636573,103.6393033
658876,1.33902819,103.7615267
639228,1.328246302,103.6476402
128562,1.306079008,103.7660589
279057,1.313270419,103.7831165
729923,1.405481103,103.7575389
627652,1.333896773,103.7029431
287734,1.327500008,103.808703
597281,1.325075892,103.7662738
288022,1.347350011,103.7901385
268505,1.322487102,103.7960036
618416,1.339866742,103.7180587
266153,1.322103522,103.8036169
289339,1.33506106,103.8063057
658584,1.370284945,103.7507469
639246,1.330938222,103.651822
589823,1.336154294,103.7868305
268462,1.321448753,103.7921888
268394,1.32144093,103.7920989
598523,1.342919086,103.7672211
119825,1.281259282,103.8015717
598613,1.341669848,103.7715655
277093,1.3170727,103.7807036
658834,1.338249004,103.7618713
637192,1.315603292,103.6347166
278364,1.316894077,103.7864822
127668,1.317422952,103.7554123
267456,1.324087052,103.7954265
598375,1.344242623,103.7682616
629110,1.323562017,103.6665678
589365,1.3474629,103.7884471
589055,1.33757982,103.7853188
688307,1.390661345,103.7514463
269602,1.323369586,103.8054029
269601,1.323431358,103.8054881
589136,1.339800326,103.7852677
266838,1.317098424,103.7913709
681685,1.403781024,103.7476626
640733,1.345367781,103.7000276
650152,1.348301895,103.7442573
267256,1.322886056,103.7968011
638191,1.338529874,103.690352
286656,1.327131157,103.8107676
117629,1.279287504,103.7847268
681602,1.397565974,103.7444557
641831,1.345226034,103.6944449
589824,1.336223987,103.7868538
628136,1.303077562,103.6857922
679361,1.370845899,103.7701975
679306,1.370127725,103.7700154
679388,1.372547984,103.7710838
679390,1.373159085,103.7706931
278678,1.33094566,103.7892451
119885,1.281943415,103.7987806
127272,1.3147274,103.7573763
668700,1.358826807,103.7596194
266163,1.322104348,103.8032093
110013,1.285182365,103.7781071
598799,1.340258932,103.7656528
267475,1.322879707,103.79633
129047,1.321555739,103.7569922
287786,1.332650479,103.7995217
127580,1.313307525,103.7584194
269308,1.322074601,103.7970826
739489,1.436040508,103.7546329
739488,1.436045444,103.7546782
589392,1.348654171,103.787876
648685,1.351959036,103.6986189
609385,1.302578443,103.7492298
129542,1.317976933,103.7591054
688461,1.391340231,103.7498336
276765,1.330614427,103.7916568
648322,1.3433524,103.7193036
640183,1.349264243,103.7093575
266781,1.321369706,103.809748
629624,1.316394998,103.6762389
117746,1.276760417,103.7921527
266241,1.321236859,103.7925575
650367,1.360332742,103.7496915
588494,1.341251518,103.7818926
628704,1.329461459,103.7012659
286990,1.335031404,103.8055828
269671,1.318706644,103.8019407
739856,1.415200076,103.7574567
641499,1.348317852,103.7255207
118149,1.280753013,103.7864513
266255,1.32099435,103.7927809
266256,1.32101252,103.7928209
120440,1.316231861,103.763939
596206,1.345272142,103.7727799
277274,1.318037415,103.781576
120603,1.304788651,103.7673293
119227,1.29758014,103.7742529
126881,1.307186065,103.7635054
288759,1.335761497,103.7893939
637972,1.337278915,103.691328
640812,1.346308544,103.6958638
269761,1.331021879,103.7962645
269760,1.331021879,103.7962645
128521,1.305552814,103.7644408
120460,1.311151417,103.7669352
131018,1.307906496,103.7829589
609162,1.306049831,103.7301367
629292,1.317781514,103.6673763
279738,1.324934396,103.783872
670410,1.382495024,103.7673191
636738,1.35168462,103.6914418
636737,1.352714673,103.6917682
599506,1.324321922,103.7733365
599539,1.323462124,103.7736386
287299,1.329408421,103.8085119
638164,1.338178375,103.6909678
618466,1.340496792,103.7191051
659592,1.344618894,103.749789
277711,1.328014686,103.7894558
651165,1.347721988,103.7412875
268635,1.320450104,103.7941109
597105,1.324801408,103.7659649
608548,1.33302195,103.741943
596814,1.339164628,103.7653082
609140,1.30845559,103.7345552
637820,1.351060953,103.6891823
640426,1.351591394,103.7246401
118524,1.27812903,103.7967543
597210,1.326965848,103.769343
138492,1.303260504,103.7892097
289030,1.334376958,103.8081711
680437,1.384109801,103.7406455
680457,1.378635453,103.7361868
279680,1.330550836,103.7907027
688427,1.390650599,103.7505381
678730,1.367622205,103.7707623
638412,1.334552396,103.6356571
597852,1.342360135,103.7724103
128613,1.308454736,103.7615937
159961,1.289666471,103.8048552
278645,1.322949284,103.7843073
127913,1.3154393,103.7574872
598815,1.340534371,103.7656039
648497,1.352987231,103.7000772
119427,1.274106378,103.7948452
729556,1.431579882,103.7484299
650174,1.345654806,103.7410477
598562,1.344870424,103.7653728
288117,1.339599134,103.790798
288600,1.33488228,103.8022913
288697,1.333085719,103.8023446
597035,1.34292055,103.7740231
277084,1.31652386,103.7820113
681762,1.392607595,103.7491449
588604,1.336177063,103.7891661
269340,1.32181642,103.7978698
650206,1.346671926,103.7493835
597889,1.344392483,103.7718859
678782,1.358198723,103.7681387
269500,1.323120037,103.8042417
126757,1.319681942,103.7537806
599798,1.334676342,103.7714124
596985,1.338444464,103.766497
599359,1.333374586,103.7692705
650440,1.355723081,103.7393031
650441,1.35581792,103.7389213
289032,1.334445942,103.8081521
266448,1.320233341,103.8064487
600409,1.318512076,103.7473725
739860,1.414636426,103.7580131
637691,1.291395643,103.6242759
718837,1.428863024,103.7035999
127778,1.31290465,103.7594009
688507,1.392464742,103.7508968
118557,1.277472237,103.7894501
127487,1.315453872,103.7540331
688493,1.392382561,103.7504848
669057,1.360354866,103.7581217
650171,1.346100212,103.7402296
638505,1.312176987,103.6508676
694129,1.35814977,103.7330844
268580,1.323662386,103.7936874
599911,1.337106002,103.7732748
277197,1.315138498,103.7795946
609970,1.329054159,103.7516635
658497,1.371531172,103.7516684
118695,1.289433491,103.7753858
587780,1.346444308,103.7768073
638862,1.322724142,103.6366424
588671,1.335531635,103.7877411
118711,1.290125996,103.7736604
638354,1.329699762,103.6770289
139007,1.287864484,103.7984628
588556,1.341941317,103.7821299
117748,1.276798765,103.7925704
269591,1.323166174,103.804771
129332,1.31804628,103.7576194
739921,1.414128134,103.7584586
637465,1.307023944,103.6271876
640215,1.348684375,103.7123598
128257,1.310366706,103.7550796
596411,1.345631778,103.7713232
588493,1.341398901,103.7825542
279110,1.312126395,103.784931
681708,1.39097809,103.7464294
597246,1.329682696,103.7682149
118006,1.280725815,103.7913467
680455,1.379423241,103.7351837
680436,1.38457388,103.7403688
267964,1.319781932,103.8045438
629855,1.31721799,103.6871405
629814,1.333641609,103.7078475
139403,1.301652118,103.7885412
627762,1.261552764,103.6744769
658364,1.369731871,103.7519362
650506,1.352248316,103.7546638
279963,1.331470243,103.7878437
276917,1.31568708,103.7784034
129124,1.319696687,103.7604886
639098,1.327237029,103.6402295
128550,1.306068607,103.7656645
691211,1.35750494255435,103.726457215632
650526,1.357188206,103.7511239
129743,1.292785819,103.7685755
668275,1.376629694,103.7578772
599104,1.334270947,103.7679114
288562,1.330366391,103.8105756
640214,1.349016642,103.7121786
598898,1.335045326,103.7660334
729563,1.418550861,103.7437613
642967,1.340920123,103.6929499
588622,1.339246987,103.7886911
139399,1.300976955,103.7884351
140182,1.295382633,103.8049624
142059,1.293189644,103.8112526
142058,1.29308496,103.8107889
639082,1.321972297,103.6459525
266840,1.318086775,103.7909464
129016,1.320771098,103.7554831
129487,1.319245645,103.7566837
276900,1.316079121,103.780156
269978,1.323385936,103.7933903
120311,1.31935456,103.7651093
644197,1.343607885,103.7138694
683808,1.375031351,103.7461866
276943,1.316265467,103.7795464
639198,1.323728081,103.6486933
689464,1.377010754,103.7456058
279308,1.322640929,103.7873307
637989,1.33976851,103.6908652
589400,1.348873245,103.7884015
627528,1.272192936,103.7185485
611339,1.337854664,103.7214627
119506,1.27777095,103.7914981
653289,1.343401612,103.7591885
653288,1.345803048,103.7592601
269406,1.323298291,103.8105276
289425,1.333979309,103.8065344
679364,1.371521468,103.7709892
127304,1.292773951,103.7671386
269318,1.321291272,103.7967539
128281,1.308346238,103.7570098
688352,1.391305909,103.7501721
267200,1.323481616,103.7969267
289628,1.330852232,103.799368
269294,1.32089651,103.7959735
668799,1.359880362,103.7610775
677709,1.37110796,103.7734261
639736,1.347192231,103.6843011
651210,1.345428475,103.7508358
650210,1.345480082,103.7499561
120330,1.313744705,103.7677818
120350,1.315620153,103.7701917
599335,1.333209909,103.7687126
597252,1.330219042,103.7672858
596181,1.344435457,103.7698469
610355,1.338573457,103.7208358
126984,1.31463336,103.754929
128580,1.306276281,103.7668062
278025,1.308604796,103.7989066
127317,1.293984727,103.7666776
679047,1.365770764,103.7704504
278295,1.314707253,103.7800335
278624,1.317626281,103.7865226
279314,1.322299075,103.7877073
688248,1.404130166,103.7416159
276143,1.326347949,103.7845557
599735,1.342845588,103.7752596
279056,1.314423387,103.7829676
289066,1.336760763,103.8082001
267087,1.324944212,103.7978163
287613,1.332209257,103.8084046
277277,1.317709585,103.7817782
277460,1.319934622,103.7883693
279668,1.327640794,103.7918
268016,1.317778222,103.8028992
118637,1.286153267,103.7798243
128162,1.308724613,103.7634278
629484,1.317663482,103.6674442
629170,1.328301937,103.6930421
596644,1.33902028,103.7688979
266804,1.317816228,103.7898094
288129,1.341181891,103.7905559
609255,1.304418075,103.7519613
688591,1.391409384,103.7506738
287256,1.3278488,103.807394
588559,1.34085619,103.7830744
690125,1.359669433,103.7353034
650361,1.360733722,103.7509441
287149,1.330309706,103.8086265
269366,1.322232667,103.7999457
670538,1.383870537,103.7636908
267689,1.325997267,103.7940169
640621,1.340946409,103.6995254
279274,1.322229579,103.7852621
119932,1.275555119,103.7976859
277609,1.329350411,103.7931749
688492,1.392119716,103.7507285
729363,1.421221974,103.7523257
739546,1.4350675,103.7574231
598560,1.344640431,103.765526
669046,1.359796336,103.7589466
288966,1.333091807,103.8079821
599464,1.345502055,103.7695131
599463,1.345205067,103.7692704
598131,1.341388942,103.7728023
679278,1.377357522,103.7613886
637652,1.320446653,103.629579
269246,1.317048542,103.7926054
678550,1.359632687,103.768521
599204,1.336231633,103.7708291
267396,1.325496998,103.7935827
599100,1.334553721,103.7678546
599895,1.336559421,103.7725767
599343,1.333063304,103.7688401
739706,1.415900663,103.7586131
276559,1.323824294,103.7924066
690233,1.360178491,103.7310952
638285,1.337396916,103.692104
140075,1.30163123909487,103.795387142787
639091,1.326331037,103.6412318
287536,1.32820352,103.808681
669929,1.357509998,103.7594132
117726,1.282930185,103.7973074
636798,1.269952619,103.6280981
636799,1.269849152,103.6280877
597376,1.327756232,103.7691873
693112,1.354995395,103.7350001
690227,1.361160529,103.734197
277267,1.318362533,103.7817972
638257,1.338119527,103.6913529
266107,1.321509231,103.8027339
288708,1.332635212,103.8012407
640934,1.342237957,103.6887377
640847,1.345371505,103.6918696
588334,1.341097354,103.7858378
269648,1.315800421,103.7998547
267890,1.316849316,103.7971773
139657,1.3097759,103.7731886
688445,1.390396007,103.7500544
599276,1.334461843,103.7686561
679332,1.370982572,103.772159
277172,1.316250506,103.7808665
117368,1.288513699,103.7766264
599363,1.333253271,103.7692907
277104,1.317009892,103.7813633
129799,1.302241863,103.7695763
597820,1.342295167,103.7735811
598806,1.339903524,103.7655598
629344,1.300043332,103.6652895
641678,1.345080096,103.7044007
670134,1.374387879,103.7694
670140,1.375502991,103.7689524
680801,1.375249794,103.7434488
149072,1.304199849,103.8027602
633991,1.335178649,103.6919626
690232,1.359072465,103.7327212
279362,1.320089599,103.786858
277895,1.329134977,103.794144
598651,1.344574366,103.7702625
678805,1.360842117,103.768141
269830,1.319917543,103.7988595
266521,1.320481913,103.8023099
119299,1.277625603,103.7910781
658293,1.36859748,103.7517569
658301,1.368607443,103.7519723
658299,1.368605002,103.7519195
127776,1.312887945,103.7593418
278972,1.310609017,103.7955498
658816,1.337963688,103.7611491
269743,1.329044148,103.8011457
269389,1.316472423,103.7917598
269245,1.316724185,103.7924296
640811,1.346334199,103.6965312
650287,1.347137632,103.7585272
650286,1.346747073,103.7584386
598246,1.336663239,103.7737436
679455,1.369356183,103.7726694
599416,1.335634549,103.7689055
639703,1.346639635,103.6851427
118161,1.280649737,103.7869661
680249,1.37962407,103.7455301
669900,1.357546696,103.7604932
599160,1.334224649,103.7674567
287865,1.333228063,103.8003357
129193,1.323809415,103.7556618
678627,1.367418052,103.7699162
679591,1.371642801,103.7661369
638583,1.333106109,103.638315
627872,1.256250828,103.6979929
142036,1.297238005,103.8053715
129368,1.319270993,103.7602545
279465,1.321011577,103.787165
599686,1.343566503,103.7705637
628130,1.302912023,103.6934921
266501,1.321303529,103.8044826
269780,1.329132654,103.8013986
648310,1.337551288,103.6969424
638414,1.32702672,103.6314882
127003,1.316605795,103.7555728
589149,1.34053065,103.784617
589453,1.335076713,103.787296
596101,1.336642805,103.7666197
601217,1.340454914,103.7384267
640862,1.350142481,103.6966846
640863,1.349270797,103.6953051
640452,1.351582692,103.7185162
597967,1.343425287,103.7728937
608574,1.312850391,103.7291819
619175,1.311313266,103.7106774
289677,1.333805527,103.7912781
128463,1.301312416,103.7605497
277202,1.315816861,103.7796034
267120,1.326004333,103.7944953
643986,1.336957064,103.6956682
641987,1.336523897,103.6944939
658078,1.338123087,103.7562068
639609,1.329985047,103.6396166
609201,1.310518256,103.7323725
289564,1.33548529,103.8000704
639668,1.350615092,103.6873882
639925,1.303411569,103.6266481
288563,1.329980846,103.8107524
638719,1.315868326,103.6436332
596693,1.340510202,103.7698116
648713,1.351852655,103.7000319
699815,1.374395371,103.6920341
266323,1.323594874,103.7996691
667979,1.362674508,103.7641729
650417,1.362890991,103.7465392
128496,1.321927059,103.7601139
615337,1.338522366,103.7224061
688518,1.392255408,103.7518442
669838,1.358860577,103.7581659
668705,1.358937231,103.7594049
286968,1.335804885,103.8052693
268614,1.321327213,103.7941166
139644,1.305520391,103.779043
589184,1.342966272,103.7860985
588720,1.33559849,103.7880976
600315,1.346034329,103.7328505
589095,1.338056889,103.7858917
589444,1.334732638,103.7883094
120613,1.303737481,103.7678382
266189,1.322063158,103.8025734
600289,1.340749146,103.7457713
681610,1.398792477,103.7434768
642668,1.341927501,103.7033861
287330,1.32820104,103.8085215
648472,1.350907803,103.698625
118920,1.291941339,103.7711055
609214,1.307593235,103.7286894
600407,1.318890482,103.7486275
266830,1.317191506,103.7906387
279965,1.330648386,103.7856025
739490,1.436032641,103.7545795
648589,1.354106709,103.6985625
277324,1.316664393,103.7821177
679180,1.367160225,103.7684311
279941,1.330331401,103.7855717
650402,1.364703506,103.7442468
267866,1.315918625,103.7995127
681296,1.377141549,103.7409433
278502,1.309778774,103.7973153
729060,1.421671063,103.7479315
117959,1.27977843,103.7913464
678370,1.357987954,103.7691152
275848,1.327028377,103.7897894
275849,1.327028377,103.7897894
597836,1.342302442,103.7729888
669089,1.359816119,103.7574154
268685,1.313515062,103.7936897
599741,1.343293747,103.7750599
141078,1.293864755,103.810093
671259,1.377042931,103.7733101
266833,1.318878581,103.791568
677781,1.373283022,103.7729674
267055,1.31508457,103.7917498
268715,1.313785433,103.7952237
277824,1.329846215,103.7938365
279599,1.324077113,103.7871836
289031,1.335457288,103.8071903
640423,1.3508614,103.7254507
671183,1.37994475,103.7626754
268528,1.322909863,103.7953578
677680,1.370928192,103.7732907
638554,1.335883772,103.6392919
638556,1.335474364,103.638904
598979,1.336402278,103.7686481
637338,1.318532395,103.6370839
668227,1.374416307,103.7582299
598850,1.34087178,103.7654319
143089,1.295206515,103.8119385
598556,1.344347412,103.7656638
629086,1.328304251,103.6744713
610163,1.3300358,103.7225655
628708,1.330263049,103.7012797
643671,1.343872989,103.7014299
642674,1.345133732,103.7020602
643517,1.344936308,103.7200246
739821,1.415508726,103.7580957
110014,1.284873279,103.7788346
278216,1.311014333,103.7986372
286762,1.329159369,103.8054995
598639,1.343319602,103.7703654
267297,1.325670126,103.7965964
278853,1.31472618,103.7827212
682490,1.37562312,103.7413407
681490,1.375197381,103.7414264
650358,1.361412265,103.7507505
117578,1.298653319,103.7709237
118664,1.288951589,103.7769779
266233,1.321418311,103.7929487
609155,1.319294091,103.7348106
276403,1.310241542,103.7966792
629763,1.327372844,103.686643
596984,1.338927583,103.7662067
596643,1.339072471,103.7688816
739897,1.416145706,103.7601204
276280,1.31338392,103.7799087
677803,1.372711307,103.7737382
588002,1.340462827,103.7836408
609606,1.332609437,103.746635
628710,1.330659579,103.7012441
639081,1.321506861,103.6443203
729929,1.406102125,103.7569963
266419,1.319592406,103.8065882
639640,1.352887829,103.6875236
679814,1.369721752,103.7684625
128647,1.308743748,103.7617377
267027,1.315153827,103.793606
277012,1.316008865,103.7856245
638731,1.32124246,103.6366193
119345,1.279847006,103.7899256
658863,1.338525663,103.7610623
648482,1.35100976,103.698852
118931,1.292292847,103.7715324
267233,1.324573427,103.7963248
266667,1.328011526,103.7987828
598564,1.343792874,103.7663253
639027,1.331784518,103.6421824
668844,1.358093007,103.7612039
658746,1.339357037,103.7605204
637809,1.297789788,103.6255205
268459,1.321986179,103.7937081
598868,1.341120812,103.7664581
637190,1.315659226,103.6345645
126799,1.298889546,103.7646007
279573,1.322390471,103.7835056
266599,1.327527382,103.7969244
266426,1.319568683,103.8057423
600219,1.340776789,103.7380191
638772,1.314403929,103.6551488
597075,1.323905783,103.7677879
648363,1.350505785,103.6967814
639672,1.350954433,103.6866988
658515,1.372232946,103.7521216
271010,1.308149971,103.7942752
640239,1.341526242,103.7109571
287183,1.330813437,103.8095899
649482,1.35106903,103.7024699
729475,1.412932818,103.7431808
688391,1.390420691,103.7515549
269932,1.320629166,103.7926297
636927,1.303806271,103.6229657
598433,1.342950265,103.7682454
267052,1.31512575,103.7914511
266109,1.32155194,103.8028184
266463,1.319169756,103.8069149
289325,1.334163514,103.8063165
728947,1.423254295,103.7495857
599370,1.332931938,103.7675638
638020,1.303837143,103.6296913
638560,1.336729645,103.6387427
629016,1.329861826,103.6751863
688300,1.390977822,103.751607
637621,1.299846769,103.6278747
599037,1.337055798,103.7707245
648171,1.354462336,103.7004915
286716,1.328926621,103.8052063
597887,1.344249119,103.7718353
286891,1.325194579,103.8109809
269769,1.329046362,103.8011462
668110,1.375863281,103.7582958
276974,1.315805636,103.7817401
658070,1.336854988,103.7585908
640935,1.342672026,103.688333
279228,1.322173555,103.7831681
680784,1.394707221,103.7472695
637572,1.333854794,103.6713488
640619,1.341517346,103.6998994
589200,1.341995429,103.7857713
596425,1.345395809,103.7709551
641685,1.343258376,103.7041601
677636,1.389589707,103.7552543
671517,1.387827099,103.7665688
648428,1.353296913,103.6986473
670535,1.384418033,103.7633287
670620,1.385855583,103.7617375
609196,1.309530598,103.7302678
288859,1.331178954,103.8003843
598867,1.341120185,103.7663339
266620,1.322175862,103.8121565
288429,1.328663402,103.8111214
288431,1.329271099,103.8112472
288433,1.329818907,103.8110124
288435,1.329233816,103.8106287
288437,1.328652003,103.8105773
289694,1.32924471287251,103.81094165707
289731,1.32924471287251,103.81094165707
289732,1.32924471287251,103.81094165707
266433,1.319496455,103.8061877
649819,1.341897059,103.7163091
140150,1.295364329,103.8038201
128246,1.308070828,103.756469
688655,1.392813468,103.7524243
128366,1.30931198,103.7556673
689406,1.377486232,103.7582085
658882,1.340935201,103.7606676
739863,1.414485086,103.7587266
688382,1.389988835,103.7518646
648172,1.355314557,103.7008299
589156,1.340891639,103.7851204
141051,1.30153487,103.7976404
627723,1.254108936,103.6603571
278068,1.309541113,103.7978106
126846,1.308049007,103.7646244
678420,1.359432435,103.7685872
637862,1.298419617,103.6301288
637864,1.298372486,103.6302552
287843,1.331982957,103.799178
269962,1.323272931,103.7943004
688357,1.390193838,103.7525188
278237,1.310824117,103.7977501
599873,1.32780584,103.7759907
629886,1.302723555,103.6782368
670605,1.380804868,103.7618568
279596,1.324398395,103.7867963
289300,1.334958171,103.8053427
650540,1.354405682,103.751306
688402,1.390114423,103.7513032
618823,1.335625956,103.7113016
149303,1.295529056,103.8076485
629363,1.307634511,103.6663671
650258,1.35127412,103.7588715
596150,1.344144682,103.7695733
637060,1.240617754,103.613993
279496,1.323814812,103.7869702
289132,1.333344032,103.8057474
288098,1.335053209,103.7901987
127454,1.315484841,103.7530579
599527,1.323699762,103.7736877
650530,1.356181992,103.7510934
648662,1.352701525,103.6984771
640439,1.351497687,103.7232438
138522,1.299862514,103.788101
287941,1.334270886,103.8011201
118185,1.280498614,103.7907462
266133,1.321712526,103.803908
648854,1.350746263,103.7004374
597143,1.327468184,103.765796
597408,1.327502073,103.7684603
596806,1.33910665,103.764883
596840,1.338631682,103.765405
119102,1.280255626,103.7870314
688992,1.377711486,103.7474621
597492,1.3284438,103.7678957
669899,1.357546696,103.7604932
678207,1.377061529,103.7616082
637750,1.288103189,103.6325415
286980,1.335849815,103.8055974
671171,1.379210453,103.7663734
680821,1.374653556,103.7495767
598995,1.336180501,103.7681792
128388,1.311212926,103.7518567
658552,1.371240108,103.753502
658553,1.371183069,103.7535034
658548,1.371497545,103.7534949
658545,1.371657669,103.75349
269784,1.330818568,103.7967677
629352,1.298338009,103.6695681
266696,1.321681136,103.8007379
640815,1.345332324,103.695851
669177,1.353743369,103.7594878
658865,1.338554872,103.7611587
640712,1.342353164,103.6966752
138600,1.30532148,103.7739489
669098,1.359708764,103.7573159
278510,1.309203646,103.7973546
639102,1.327682495,103.6397578
598501,1.345223171,103.7660238
628717,1.332003037,103.7012388
596492,1.338067457,103.7707275
638558,1.336845708,103.6388518
679629,1.36640128944575,103.772610828237
628635,1.323745457,103.6876733
608878,1.321663686,103.7381708
266386,1.318418472,103.8057051
629487,1.316542735,103.6681069
638290,1.337703307,103.6918684
642561,1.354771027,103.7196726
648519,1.35334671,103.6995573
277315,1.317101932,103.7827704
693119,1.357420377,103.7351988
619527,1.331837629,103.7071984
637339,1.318106571,103.6366979
266601,1.328049998,103.7969125
268170,1.322359236,103.8099618
598260,1.337291249,103.7742931
278548,1.310790739,103.8011573
600217,1.339967623,103.7380411
117600,1.295346361,103.781089
287458,1.330638804,103.8078302
140110,1.306798924,103.7986572
286693,1.328706748,103.8053173
627644,1.259190655,103.6698862
650345,1.362848815,103.7508432
267457,1.323693259,103.7970476
619941,1.333115943,103.7127343
121309,1.320524079,103.7662707
287333,1.328675138,103.8086657
688443,1.390739359,103.750119
129027,1.321091906,103.7568058
637939,1.336239745,103.6912243
637924,1.336652059,103.6909071
638015,1.33862115,103.6894082
679120,1.367436044,103.7685008
267848,1.314831026,103.7979199
658209,1.36980396,103.7535249
658810,1.337890822,103.7609083
629427,1.314624309,103.6603165
629631,1.319378187,103.676066
128685,1.307900962,103.7625844
598607,1.341396642,103.7718725
126764,1.298918007,103.7646617
278172,1.309576282,103.7985168
658036,1.370130875,103.7529547
658038,1.37013306,103.7530061
629944,1.315061543,103.6808563
640922,1.339198163,103.6893675
668801,1.359907106,103.7610223
658013,1.369012138,103.7532195
139463,1.30560139,103.7759386
275768,1.317638244,103.7864623
610175,1.332332252,103.7217665
688639,1.393231509,103.7523003
269135,1.323509194,103.8030816
619560,1.317376597,103.7228579
640860,1.348848985,103.6967725
269450,1.321548325,103.807438
679178,1.367204276,103.7684016
598659,1.345572196,103.7675447
589860,1.33942207,103.7879467
689879,1.383680358,103.7501093
689882,1.383479399,103.7494294
119114,1.280631746,103.7873478
268521,1.32233269,103.7953685
288060,1.348186528,103.791191
648395,1.352762822,103.6987531
678506,1.368563836,103.7701575
598320,1.332936781,103.7790655
119386,1.278101725,103.7898211
618772,1.330875759,103.7138542
680101,1.377889646,103.7542399
599284,1.334119497,103.7688541
588012,1.340077659,103.7844066
599001,1.318151817,103.77514
159954,1.289690046,103.8054704
288461,1.327822026,103.8101761
679193,1.366657917,103.7683339
286987,1.335114172,103.8059339
739854,1.415328133,103.7572977
266499,1.320987818,103.8041626
148943,1.292221123,103.8075959
119692,1.279423171,103.788473
149603,1.295803645,103.7988024
670028,1.38282588761649,103.758974514605
668204,1.375038366,103.7581152
628413,1.306767791,103.6621365
678881,1.371625964,103.764602
627735,1.299846119,103.685229
640652,1.336402069,103.6970349
629346,1.297720016,103.6685286
718819,1.43965348,103.7279696
140071,1.299848262,103.7969773
140073,1.300027148,103.7965918
602286,1.338577829,103.745138
277174,1.316114089,103.7807315
268075,1.321873096,103.8095125
286974,1.33582667,103.8054343
288722,1.337187826,103.8006944
688392,1.390048338,103.7515974
127453,1.31541887,103.7529962
142078,1.294248189,103.8101338
287746,1.327956355,103.8086586
678870,1.371895801,103.7642581
650510,1.352751596,103.7548236
596711,1.339583575,103.7689436
110007,1.28665212,103.7761537
127978,1.315750075,103.7572608
119699,1.279234923,103.7883153
642656,1.335913149,103.6994258
609189,1.308609753,103.7381427
642653,1.336073093,103.6967154
600220,1.341071094,103.73747
659088,1.359756033,103.7522855
680489,1.375595813,103.7409322
276561,1.323796162,103.7923913
629660,1.315619198,103.6723934
640550,1.352804913,103.7167405
668493,1.360564962,103.7613374
267257,1.322907069,103.7968608
598924,1.335683824,103.7661053
628634,1.323656695,103.6891421
278632,1.319379314,103.7813996
650219,1.347207298,103.7549997
650124,1.351182049,103.7472099
286739,1.328939371,103.8056108
279046,1.313833588,103.7834021
658062,1.370347723,103.7532305
648708,1.351656977,103.6982985
629843,1.318834233,103.681332
669175,1.353743339,103.7594239
688742,1.389873626,103.7514114
649492,1.349909791,103.7018011
638598,1.33549332,103.6357705
287255,1.328149237,103.8079975
650374,1.357982911,103.7507364
267419,1.324365106,103.7991622
129748,1.29367803,103.7685516
637157,1.316743701,103.6341929
589859,1.34181164,103.7872551
628323,1.296825163,103.6667609
118197,1.277868842,103.7891263
719901,1.444491275,103.7066214
598642,1.343598919,103.7702904
128127,1.308474057,103.762574
668881,1.359109944,103.7604578
128255,1.310301324,103.7549909
588039,1.337656542,103.7835162
679440,1.38580988851704,103.766765619078
619855,1.334747203,103.7116071
127733,1.312577554,103.7579395
650252,1.350467684,103.7572385
277418,1.319600889,103.7879024
638261,1.337959287,103.6911493
588309,1.33949689,103.7855289
587775,1.346194685,103.7767446
268017,1.317367985,103.8028788
599740,1.343237816,103.7751151
596588,1.337072074,103.7648072
641854,1.347746702,103.6964936
122311,1.319446691,103.7656494
637500,1.313678096,103.6276248
688729,1.389701084,103.7521689
596111,1.340229328,103.7677604
129420,1.319765511,103.7562865
277112,1.317311231,103.7810234
266317,1.321948299,103.7977596
637041,1.320620172,103.6318832
658211,1.369695459,103.7535251
659445,1.356974175,103.7495403
659444,1.357389551,103.7494463
670145,1.376007407,103.7668841
619801,1.32252897185532,103.725183771618
658790,1.340672047,103.7610759
267700,1.325680243,103.793674
619203,1.328574254,103.7151219
637337,1.31883639,103.6373695
670612,1.384021046,103.7610342
266175,1.321920187,103.8026822
266165,1.322084134,103.8031436
677772,1.373513029,103.7715346
599330,1.333309626,103.7682784
276851,1.315464118,103.7840155
598308,1.333416433,103.7784765
117747,1.276879055,103.7922007
739515,1.436324064,103.7545563
266275,1.321056996,103.7918039
266276,1.32105395,103.7918595
266277,1.321051227,103.7919128
266278,1.321048338,103.791968
268897,1.322462397,103.8115759
709153,1.389294208,103.6955325
610321,1.337271661,103.7243555
277227,1.318942194,103.7813766
117404,1.273665351,103.7927127
618802,1.330256842,103.7106216
693415,1.37121886023769,103.742681762947
127182,1.294939631,103.7664694
599320,1.333978166,103.7703942
278429,1.309465888,103.7995638
269465,1.321101899,103.8045041
650144,1.350043387,103.7442374
129236,1.322384529,103.7550566
289034,1.334525558,103.8081298
629041,1.323397344,103.6753059
629143,1.320819416,103.7089451
629428,1.313683422,103.6624961
267190,1.323445248,103.7971612
289315,1.332822068,103.8070632
118079,1.278079362,103.790182
118750,1.292220139,103.7697832
288001,1.341667761,103.7926596
650120,1.351059427,103.7477123
668665,1.357976439,103.7608695
266373,1.319187222,103.8066558
596877,1.340762909,103.7703216
649406,1.347186269,103.7226872
287296,1.329085123,103.8083533
288255,1.333987903,103.8034288
669957,1.357555552,103.7580908
597497,1.328501044,103.7683716
639486,1.320342661,103.6579964
628749,1.332482078,103.6915525
127885,1.312434201,103.7564526
288026,1.347462743,103.7901872
628983,1.325286047,103.6710886
118035,1.279118593,103.7911045
669004,1.359611349,103.7601121
286973,1.336193458,103.8055553
637692,1.291446275,103.6241412
650372,1.358669167,103.7512137
650360,1.361067048,103.7506254
598035,1.337179014,103.7683534
277008,1.316134039,103.7855051
657990,1.3564172,103.7409275
128986,1.322985424,103.7551535
638725,1.317695494,103.6405266
597928,1.34282505,103.7738247
287414,1.327179185,103.8077448
637513,1.313885819,103.6272814
636986,1.29752702,103.6361075
638927,1.319268573,103.6412384
739452,1.435205982,103.7482362
598794,1.339941423,103.7659635
289508,1.332235269,103.8065655
678083,1.360423141,103.7675075
677852,1.372705484,103.7720088
269451,1.321981834,103.8080096
637852,1.309168372,103.630494
119167,1.280537498,103.7885341
658230,1.368059565,103.7526913
278456,1.308583112,103.7984702
268147,1.317112663,103.805696
268148,1.317053064,103.8057244
118546,1.276135459,103.7931402
288596,1.335391262,103.8024967
128688,1.307712445,103.7629202
619903,1.336403619,103.7144912
267490,1.32363964,103.7953958
678084,1.360464339,103.7674996
588612,1.337609404,103.7887735
589695,1.346670367,103.7877582
279364,1.319728364,103.7869496
276664,1.317970593,103.7882825
279226,1.322173555,103.7831681
279227,1.322173555,103.7831681
277576,1.330900267,103.7923515
278582,1.312508813,103.7961716
637489,1.299424822,103.6243504
648454,1.351020217,103.6982936
278078,1.308953824,103.7989358
739464,1.435400817,103.7556815
678708,1.368140677,103.7702995
679373,1.371583477,103.7705368
648886,1.339452004,103.706685
688317,1.390729043,103.7511446
638928,1.32003635,103.6410724
268103,1.320451456,103.8077771
689417,1.377385884,103.7582485
278301,1.31475009,103.7795678
129309,1.319195358,103.7584488
610332,1.338820697,103.7236905
688596,1.391780602,103.750629
127860,1.313950395,103.7557583
279831,1.330843698,103.7916151
268212,1.318088573,103.8032926
289535,1.333748224,103.7987314
598860,1.341106586,103.7659179
266144,1.322687818,103.8037082
680808,1.375438714,103.7460973
124208,1.322810689,103.7621684
123208,1.321930512,103.7622044
268672,1.330054847,103.7970156
691411,1.3702062237084,103.744691644955
692411,1.37011711457814,103.74384568554
637802,1.295544005,103.6245868
637801,1.295104842,103.6244203
119310,1.2780902,103.7912457
637519,1.317914424,103.6328504
599745,1.343569992,103.7750469
648155,1.345362278,103.7253739
117310,1.281095406,103.7905589
118170,1.280692611,103.7910113
637163,1.316711412,103.634061
587857,1.34581899,103.7760264
267811,1.32353847,103.793492
627760,1.261632534,103.6745863
627761,1.261592692,103.6745317
639527,1.328316783,103.6551406
278629,1.317726231,103.7854772
126855,1.30803061,103.7650533
642663,1.338132418,103.701603
266240,1.321258059,103.7925961
690137,1.35416852649267,103.729814518507
739665,1.417261723,103.7597918
597710,1.343857758,103.7719544
598734,1.356013065,103.766973
650643,1.348982752,103.752021
597308,1.326604821,103.7672596
597245,1.329138451,103.7688687
597466,1.325223212,103.767819
638171,1.338716602,103.6911109
268757,1.326905992,103.7994986
127193,1.294544875,103.7664974
648362,1.350595905,103.6963663
649414,1.345093006,103.7274293
649809,1.350484832,103.7134591
628193,1.309634969,103.6969239
699879,1.36634689098717,103.730063135994
269100,1.323767854,103.8064517
658418,1.369138515,103.7514061
278464,1.308781225,103.7982011
719921,1.438922904,103.7017847
669471,1.355324419,103.7591558
278038,1.309103971,103.7986828
629241,1.318124653,103.6659439
628737,1.332537193,103.6918706
651451,1.353048994,103.7429326
680804,1.373968798,103.7421038
119718,1.279638535,103.7878041
118085,1.277978165,103.7904917
729347,1.412094364,103.7538891
139742,1.30439407816407,103.789298243056
278467,1.308283323,103.7990684
629601,1.319385626,103.6684565
267969,1.319593383,103.8050775
627820,1.283479587,103.6745603
118605,1.281050223,103.7850463
276491,1.32853983,103.7949096
278633,1.319098713,103.7813259
596924,1.337763162,103.7652557
637189,1.315687283,103.6344885
278836,1.314049763,103.7815742
279258,1.322011897,103.784423
266219,1.314248416,103.8021314
691120,1.358360096,103.7368366
691228,1.36111096,103.7336371
637512,1.31375721,103.6272423
117297,1.280931698,103.7909498
129009,1.320898526,103.7561598
128276,1.310394349,103.7546571
589514,1.336771311,103.7859859
277468,1.32012696,103.7885003
693302,1.360192671,103.738147
739867,1.414647883,103.7588683
139457,1.306808235,103.7752531
658798,1.340417026,103.7614599
119982,1.2756168,103.7981448
269523,1.322998647,103.8028798
599569,1.323080821,103.7727173
729922,1.406063352,103.7579699
729921,1.405957722,103.7579905
120606,1.304853536,103.7679903
688999,1.377892986,103.7468757
279943,1.330077237,103.7861858
650289,1.344489809,103.7605172
117749,1.276893596,103.7926189
627713,1.223058115,103.6722466
627630,1.24278512,103.6899748
589390,1.348557338,103.7879174
672030,1.3831498020891,103.75745798911
128464,1.304991478,103.758504
618361,1.339365985,103.7167786
689715,1.397128863,103.7473297
118633,1.286880288,103.7804241
637115,1.27687631,103.6307274
639497,1.32135614,103.6602443
638361,1.332350268,103.6873903
679846,1.371063854,103.7698995
590013,1.33874588,103.7724386
692412,1.37095515377804,103.74372311841
627563,1.311125691,103.6997426
279667,1.327606298,103.7915631
639068,1.319541294,103.648183
639461,1.327084472,103.6567707
596754,1.339049888,103.7643738
658443,1.369526553,103.7522227
149867,1.290564965,103.8052094
739631,1.416290902,103.7585474
729143,1.415952358,103.7473487
278518,1.309631456,103.7970173
602288,1.338936352,103.7428809
639816,1.343200171,103.6826577
267574,1.326416066,103.7966255
287386,1.328733536,103.8088516
596942,1.337905611,103.7659949
128956,1.322156227,103.754966
129234,1.322914503,103.7555053
598167,1.336422169,103.7662673
277869,1.329020089,103.7927614
650115,1.349183197,103.7465668
637433,1.29831592,103.6290667
127601,1.313459388,103.7591907
637016,1.335886977,103.6404538
672488,1.389926937,103.771585
651447,1.352417773,103.7398942
651449,1.352348619,103.7415102
648175,1.35511238,103.7071751
739824,1.415417288,103.7575686
267337,1.32493493,103.7971968
648658,1.352784443,103.6983591
638599,1.336389093,103.6362937
673030,1.38269483337075,103.757875755584
141169,1.290233563,103.8029728
142057,1.292703399,103.810959
637837,1.292986971,103.6240915
130023,1.307436465,103.7836295
139474,1.304158972,103.7770961
139468,1.30480184,103.7763425
139467,1.305269326,103.7763579
149061,1.291252056,103.801093
588662,1.334985999,103.7880744
279547,1.32245918,103.7856436
677833,1.371908371,103.7741811
719768,1.442162098,103.719338
640532,1.34914511,103.7160154
627754,1.318475433,103.6940654
627718,1.271106295,103.7209665
286784,1.329102057,103.806031
678866,1.371863097,103.7641414
668325,1.376102028,103.759874
279808,1.312106549,103.7907707
644667,1.341877297,103.7022037
650305,1.357861008,103.7479345
266509,1.319919616,103.8034386
678874,1.371935851,103.7643741
269832,1.319204085,103.7982507
737655,1.430626761,103.7546098
126897,1.312571802,103.7558222
599552,1.323171475,103.7734861
650292,1.344471363,103.7553946
668720,1.35933766,103.7586622
637069,1.309604542,103.6479112
679822,1.369905655,103.7687684
140099,1.307434129,103.8011438
677724,1.389492547,103.7706839
619613,1.33578824239071,103.725593746553
119476,1.28674116675747,103.780149097748
128419,1.314530046,103.7507095
629176,1.328760983,103.6863409
289362,1.336676936,103.8076449
648380,1.35232081,103.7000084
599974,1.33054825,103.7673631
599980,1.329662095,103.7690981
599982,1.329391856,103.7698437
598492,1.344915293,103.7669059
637399,1.274016003,103.6359665
139406,1.301953639,103.7887875
139398,1.301128782,103.7882199
126751,1.320031287,103.7540103
599550,1.323230007,103.7735167
269547,1.32208826987412,103.811887412141
129759,1.293368224,103.7691088
678033,1.398082399,103.7543926
599900,1.33635254,103.7729715
636932,1.27656936,103.6334691
640648,1.339019592,103.6973522
670529,1.38592297,103.7646135
276578,1.322550887,103.7915791
629626,1.316822198,103.6761302
690223,1.357273792,103.7305077
637219,1.316147537,103.6347567
658758,1.339781937,103.7603518
628128,1.308452093,103.6970652
677778,1.373608304,103.7723995
629925,1.312758645,103.6794483
117581,1.299580606,103.771482
128643,1.308629639,103.7620309
276658,1.318597883,103.7887083
739502,1.43594536,103.7540084
598251,1.335904108,103.7734127
598206,1.335383995,103.7718361
268066,1.322491076,103.8100995
269415,1.322817159,103.8101091
117353,1.274030678,103.7924318
117352,1.275601667,103.7900573
277882,1.328255859,103.791965
737871,1.430631477,103.7538509
288691,1.331695162,103.8019637
638104,1.30968073,103.6315336
619607,1.31855859635579,103.716895620857
636896,1.271749127,103.6305444
117502,1.282012626,103.7793094
128641,1.308661535,103.7621359
289093,1.33401027,103.8054622
266261,1.321130693,103.7930737
118692,1.290342546,103.7759205
627720,1.27026639,103.6822511
119369,1.278771036,103.789507
599027,1.336654063,103.7706147
602289,1.3406991,103.7453939
739922,1.414172483,103.7584118
128060,1.298206159,103.7649371
128058,1.29815354,103.7648247
268608,1.321428275,103.7943861
679195,1.366599825,103.7683915
267953,1.314421655,103.803913
636964,1.278074571,103.6340767
658199,1.370384682,103.7535212
642667,1.340974795,103.7016029
640627,1.341967748,103.6988897
640629,1.342517568,103.6996678
278897,1.313584922,103.7793635
739793,1.417035318,103.7594671
598240,1.336436193,103.7734561
279714,1.332482878,103.7913232
126775,1.298647239,103.7644892
126765,1.298946468,103.7647228
637490,1.299277046,103.624746
269171,1.324395329,103.8003393
267673,1.325618459,103.7947985
598893,1.334828066,103.7665271
640601,1.339661774,103.7001378
287854,1.332551259,103.8003393
610347,1.34050041,103.7202
688796,1.385573672,103.7518866
679673,1.372527002,103.7698701
118743,1.292032244,103.7697768
688552,1.391494291,103.7518909
139656,1.301060879,103.7813102
276445,1.326209214,103.7921208
597139,1.327103254,103.7653691
288716,1.337146846,103.8018431
288220,1.336793334,103.7914516
287682,1.328763765,103.8073415
129805,1.291904622,103.7669827
276438,1.32572003,103.7920341
658492,1.3721131,103.7526485
596360,1.344176198,103.7740794
128138,1.308164444,103.7626792
119754,1.279846226,103.7887526
597959,1.343381428,103.7734295
286640,1.328425458,103.8089761
669049,1.361071446,103.759049
598247,1.335757913,103.7732727
628781,1.329603986,103.6920129
277685,1.311662438,103.7948277
668986,1.359269976,103.7606378
149959,1.291026732,103.8051795
287181,1.33122426,103.8091511
596142,1.336993369,103.7683842
266579,1.329379155,103.798121
692228,1.360874286,103.7341683
691229,1.360413333,103.7333661
670524,1.386135496,103.7658635
737636,1.430747028,103.7540986
737646,1.430719642,103.7543312
637184,1.315847143,103.634056
277725,1.310679761,103.7952609
729486,1.414323909,103.7429061
729138,1.416921978,103.7491661
729051,1.420570165,103.7484848
670502,1.383717213,103.7667508
670534,1.384420245,103.7642164
639936,1.333531276,103.6511057
118531,1.275049766,103.7947803
118539,1.276031421,103.7934354
278650,1.322878036,103.7855326
287567,1.330475377,103.809558
287570,1.330475377,103.809558
129410,1.320645109,103.7567031
119046,1.293002199,103.7690767
120426,1.311580406,103.7642113
120443,1.314210516,103.7640104
289627,1.330856215,103.7994358
287778,1.331888924,103.7987719
278043,1.308937397,103.7984033
658203,1.370167256,103.753521
689450,1.377436306,103.747379
680754,1.392298412,103.7466031
127573,1.314150996,103.7580447
650223,1.348015545,103.7533973
651290,1.344411499,103.7574615
637022,1.302772209,103.6326253
629036,1.32444636,103.6761127
650313,1.360250272,103.747783
688439,1.390721385,103.7502225
650373,1.358924571,103.7503972
627535,1.272931002,103.6747752
650125,1.351534849,103.7471585
266263,1.321822407,103.7943089
268360,1.321823753,103.7943636
636783,1.269919778,103.6289689
146053,1.293106975,103.8089943
267273,1.325762434,103.7991839
267332,1.324488039,103.7976879
596162,1.355239035,103.7661505
640765,1.350082252,103.6983946
668297,1.37645618,103.7595346
268536,1.323456943,103.7947837
269979,1.3230835,103.7932485
658417,1.369497283,103.7514471
639660,1.35214244,103.6874913
642677,1.34542751,103.7045027
139161,1.304878323,103.7753526
269386,1.321908028,103.8009599
277105,1.317064147,103.7813328
118663,1.288964952,103.7769177
648486,1.350792688,103.6988458
689019,1.377571365,103.7456132
267461,1.324278734,103.7950304
269125,1.323603427,103.8034612
637527,1.3181272,103.632275
127628,1.316043676,103.7552358
668715,1.358966143,103.7584278
596114,1.341034989,103.7691177
128579,1.306256781,103.7667515
629349,1.296347268,103.6696251
641274,1.352265053,103.703604
640449,1.352347996,103.7184384
650425,1.36183235,103.7452259
139157,1.304102207,103.7757211
737644,1.430575345,103.7543606
599486,1.330338247,103.7773282
267352,1.324511544,103.7958056
276731,1.331800029,103.7906892
598130,1.341324637,103.7728449
599458,1.345693601,103.7698626
599459,1.345451157,103.7698315
129039,1.321289582,103.7571618
279811,1.311930366,103.7912969
127253,1.313696576,103.7581038
266266,1.321813393,103.7941463
266265,1.321817216,103.7942012
288931,1.329963388,103.8078366
119045,1.292951715,103.7690512
129012,1.32059648,103.7556292
638522,1.337800706,103.6387957
669514,1.354809401,103.7606435
596832,1.338806803,103.7652717
629152,1.322500047,103.7110567
650525,1.357105166,103.7522046
650508,1.352558393,103.7544284
287543,1.328045381,103.8094314
650302,1.357117254,103.7484232
268916,1.322291518,103.811907
268898,1.322346269,103.8119554
266635,1.322104343,103.8120928
689979,1.37922755842935,103.740022320403
689960,1.38542828886778,103.744401032989
639059,1.28571042390011,103.62841559663
637221,1.316085388,103.6349248
637220,1.316116389,103.634841
637464,1.305894874,103.6267669
643990,1.335597279,103.6944863
643987,1.336619865,103.6950912
640978,1.340536279,103.6940774
289547,1.334673291,103.7990207
118281,1.28401461,103.7988641
269878,1.317424769,103.8001385
729674,1.408617488,103.7476099
267794,1.322936609,103.7931474
588035,1.337371543,103.7838495
288753,1.335253959,103.7898059
118042,1.278649352,103.7913065
287306,1.329345924,103.8086154
636944,1.27477745,103.6339533
636913,1.278062188,103.6352293
288841,1.331141153,103.7994688
129103,1.32005055,103.7601715
267212,1.324025628,103.7967866
628007,1.325978518,103.6902009
118451,1.277104428,103.7953412
629525,1.308934497,103.6656325
669628,1.353433545,103.7609512
267157,1.323173793,103.7984295
638339,1.336172199,103.6918916
637937,1.336431011,103.6916043
650241,1.350895236,103.7545445
650245,1.349648127,103.7573328
599422,1.335677546,103.7692294
640518,1.345086814,103.7179785
276490,1.328464438,103.7951248
119043,1.292709302,103.7693215
677708,1.371155797,103.7733994
677716,1.370651311,103.7736814
270016,1.309408105,103.7880856
289285,1.334194985,103.8049396
691306,1.360684432,103.7355829
670031,1.38354404101081,103.757151703488
658734,1.33902823,103.7607912
286744,1.329116384,103.8053445
729920,1.405840296,103.7579906
640921,1.339546948,103.6889051
248429,1.30626561,103.8027001
627693,1.333974281,103.7031873
268470,1.321187304,103.7919197
269794,1.320067371,103.7975776
138691,1.295867993,103.7963066
138693,1.29647333,103.79619
669630,1.356363564,103.7617615
679681,1.37270468,103.7698785
267566,1.326750729,103.7941446
139156,1.30466659,103.7756064
139473,1.304559156,103.7770507
139466,1.305310947,103.7760972
658775,1.33976961,103.7613506
643678,1.344806186,103.7038386
600228,1.342574721,103.7362904
658253,1.368391169,103.7520902
658235,1.368413534,103.7525738
658255,1.368386885,103.7519976
277812,1.330010797,103.7943934
279572,1.322436838,103.7836113
117382,1.290046697,103.7776991
127419,1.311821381,103.7570454
289368,1.336184015,103.8066701
628109,1.327169793,103.6829451
728774,1.406864646,103.7516687
287724,1.327102854,103.8091928
276866,1.314160236,103.7848537
119598,1.291011871,103.7732693
729153,1.41607909,103.7444156
619940,1.333232127,103.711109
668197,1.375949686,103.7561581
590004,1.338512067,103.7745698
639728,1.347192231,103.6843011
650151,1.348747035,103.7442115
650162,1.34768075,103.7418877
587888,1.343942938,103.7880447
681471,1.378816727,103.7375612
129632,1.30755639835754,103.767613229026
598007,1.338378059,103.77075
286749,1.329263304,103.805122
269645,1.314760658,103.8004885
289695,1.334039419,103.8029241
640677,1.345423631,103.7052475
642273,1.351556337,103.7036275
641273,1.351450362,103.7034853
642682,1.343622212,103.7056661
119640,1.291452238,103.7731189
587889,1.343942938,103.7880447
638679,1.322694569,103.6587708
278695,1.33030255,103.7902155
719922,1.438841296,103.7005377
638272,1.338201573,103.6921395
278771,1.314866413,103.7821497
658356,1.36972131,103.7517207
286691,1.328647954,103.8054064
596710,1.339908539,103.7675232
118172,1.281050306,103.7902503
117321,1.281281242,103.7901761
268058,1.322382093,103.8104553
278007,1.3109516,103.7970419
588642,1.343800141,103.7879507
737960,1.416456062,103.7556679
718903,1.444801485,103.7291997
266375,1.319233908,103.8066984
127249,1.313470216,103.7577658
128615,1.308454528,103.7616751
688846,1.382341394,103.7507769
668761,1.359114842,103.7620662
596657,1.338507075,103.7692164
638855,1.323623235,103.6373682
266176,1.32229213,103.8033063
266178,1.322272144,103.8032396
266180,1.322236732,103.8031259
677621,1.365383181,103.773182
678933,1.372209123,103.7663099
648158,1.346024346,103.7242809
599449,1.345015876,103.7697711
119371,1.278719781,103.789526
608526,1.330151721,103.7445746
248435,1.304749711,103.8027848
653450,1.352041423,103.7438448
629522,1.310808653,103.6662094
619135,1.309589128,103.7119129
129633,1.30755639835754,103.767613229026
118922,1.292272746,103.7707908
276312,1.315948757,103.7886153
266795,1.316307653,103.7898568
278233,1.310872775,103.7979124
129406,1.320696638,103.7567617
598619,1.341988306,103.771239
286738,1.328908097,103.8056535
648503,1.353080362,103.6999425
287950,1.335140959,103.8013119
287954,1.335212184,103.8013643
739513,1.436431627,103.7545412
278300,1.314271065,103.7797723
637195,1.315958978,103.6345923
739889,1.415729746,103.7597652
278416,1.310406491,103.7991758
128764,1.308410928,103.7648435
598866,1.341115147,103.7662681
638194,1.338324711,103.6905163
127409,1.311812366,103.7575478
678717,1.368016141,103.7708746
267955,1.316280597,103.8045198
596507,1.337361348,103.7721132
688286,1.390888008,103.7520107
598582,1.340561927,103.7741215
127221,1.314793655,103.7569014
596926,1.338018477,103.7647049
276893,1.315576112,103.780039
129458,1.318981431,103.7574454
669379,1.354353211,103.7596131
598810,1.339892615,103.7654435
637658,1.352253349,103.6814743
608605,1.336662693,103.7564332
659879,1.34322449,103.7583551
652230,1.347183637,103.7556514
659087,1.367377381,103.7487062
596346,1.343249028,103.7745111
618681,1.331296186,103.7170429
588811,1.336836252,103.786617
276604,1.320287649,103.7892465
268412,1.32198886,103.7926822
278573,1.312577306,103.7983563
129024,1.321079837,103.7551412
276972,1.315591555,103.781804
649485,1.349704145,103.7030727
599090,1.33711159,103.7680616
269559,1.321859873,103.8055909
599023,1.336573081,103.7702289
598236,1.336307819,103.7732848
677773,1.373586232,103.771691
289932,1.332088635,103.8129271
670235,1.378194277,103.7712486
609161,1.305385573,103.7299189
288657,1.33656687,103.8045394
288919,1.329425853,103.8074259
588328,1.340788148,103.7859181
110015,1.284606521,103.7786381
278452,1.308521021,103.798573
140159,1.293236244,103.8029039
679250,1.369045401,103.7682516
609194,1.308688302,103.7329783
739439,1.437044709,103.7450429
126812,1.292953316,103.7671388
127301,1.292920369,103.7671818
641830,1.345257887,103.694214
598312,1.333362219,103.7794618
689471,1.376648123,103.7442064
658431,1.369518194,103.7518634
288122,1.340280512,103.7904083
266220,1.314076782,103.8026364
267936,1.313796408,103.8024269
278519,1.309679909,103.7969795
599736,1.342892845,103.7751699
588180,1.344099097,103.7746763
608597,1.336515314,103.7511843
129800,1.302176173,103.7700498
129801,1.302601882,103.7703016
658201,1.370275754,103.7535211
658206,1.370001369,103.7535234
277815,1.330083097,103.7942252
638833,1.27345337,103.6280951
279183,1.313255679,103.785239
126998,1.315735915,103.7555421
119512,1.277927903,103.7915501
588317,1.339933252,103.7855057
279410,1.324821823,103.7856331
596139,1.335747139,103.7792433
648230,1.352097618,103.6981464
670112,1.378555604,103.7687488
670230,1.376166612,103.7722071
288121,1.340157395,103.7900534
120709,1.305330462,103.7620036
648354,1.342722163,103.7018915
629668,1.315400346,103.6688421
628846,1.329982718,103.690952
598134,1.34147393,103.772197
649923,1.344934942,103.7132942
668967,1.359303595,103.7613932
671625,1.386337352,103.7607845
138991,1.287502808,103.7973917
638352,1.329988313,103.6767998
628878,1.33393535,103.6915414
670521,1.387357109,103.765995
688361,1.390225855,103.752418
668798,1.360099403,103.7613822
739506,1.436417399,103.7540415
643650,1.338421577,103.6963857
279753,1.323686446,103.7840631
637124,1.346045676,103.687948
268603,1.32155312,103.7946574
618689,1.332593948,103.7156033
279112,1.31219116,103.7849563
739864,1.414747002,103.7582035
598976,1.336751008,103.7685074
658874,1.339004765,103.7614335
668783,1.359542638,103.7614916
120518,1.308217599,103.7589432
587890,1.343942938,103.7880447
119029,1.29249259,103.7686663
268386,1.321613219,103.7927374
267348,1.324524607,103.7960407
691212,1.35702217527053,103.727385108061
670139,1.375348223,103.7696578
600206,1.337803821,103.7419978
603288,1.33952465,103.7434766
640524,1.347197626,103.7172467
266826,1.317803099,103.7906363
619479,1.314765971,103.7056218
619832,1.332658868,103.7124149
619097,1.317303292,103.7190051
278271,1.31040953,103.7969415
597759,1.342916537,103.7726062
139010,1.288161189,103.7985236
139008,1.287864484,103.7984628
599810,1.334243651,103.7709916
266984,1.322667584,103.8082199
279657,1.328474042,103.7915881
729678,1.406573336,103.7557782
683818,1.37672184,103.7481501
658322,1.368976387,103.7524822
658324,1.368979335,103.7525336
637388,1.33666663,103.6725454
729471,1.415865994,103.7434724
128239,1.310015672,103.75528
130028,1.304460927,103.7817797
596118,1.339811971,103.7683029
596116,1.340342055,103.7691685
118528,1.278391261,103.795714
659401,1.364119485,103.7492519
638220,1.33839122,103.6900809
287698,1.329282073,103.8077008
600232,1.339826001,103.7408222
129857,1.316528629,103.7676823
597775,1.31971103411894,103.775102771247
588374,1.337661617,103.7816837
279896,1.332764796,103.7909112
266476,1.324354773,103.8029516
599398,1.335261493,103.7683645
266934,1.323069144,103.80766
267499,1.324226457,103.7943866
599350,1.332935188,103.768039
129781,1.299694944,103.7682622
638998,1.324160091,103.6380405
698949,1.385317625,103.7253737
278053,1.3091398,103.7981733
637704,1.291089129,103.6237402
127016,1.318153466,103.7560197
644989,1.335775995,103.6954323
601289,1.340174118,103.7452333
288370,1.325988289,103.8128005
269268,1.320147312,103.7944092
288353,1.325808254,103.8125169
669907,1.357541334,103.7603486
276856,1.314877388,103.7842727
637484,1.300809544,103.6242523
277699,1.312106322,103.7943069
670435,1.386039755,103.7701963
670431,1.386025012,103.7708477
588631,1.348093108,103.7870286
127417,1.311734895,103.7569774
127370,1.302733362,103.7658408
681306,1.385150035,103.7429682
670617,1.385652595,103.7628257
266459,1.32030156,103.8069777
128592,1.306213319,103.7664159
598217,1.334997481,103.7721622
638183,1.338934472,103.6905607
637944,1.337909072,103.6917097
117381,1.289568368,103.7773815
638700,1.280874761,103.6431058
279810,1.311949322,103.7906155
279306,1.322629456,103.7871927
269503,1.323226922,103.8042646
691230,1.359912482,103.7329052
669735,1.360674134,103.7621522
129492,1.319842878,103.7568372
279666,1.327313227,103.7914379
679359,1.370934975,103.7706957
650359,1.361343704,103.7512307
609604,1.340156049,103.7398946
640849,1.345838738,103.6916523
278656,1.323505849,103.785496
597850,1.342342928,103.7724773
266668,1.327301164,103.799242
139395,1.301697107,103.7880756
699004,1.386471096,103.732201
268989,1.32412693,103.8080001
669174,1.35409396,103.7594946
266282,1.320890529,103.7919454
266281,1.320887001,103.7920009
692235,1.360258461,103.7319106
692120,1.357881105,103.7371525
669958,1.35754053,103.7579705
128359,1.308992408,103.7552428
650187,1.346513441,103.7446144
288839,1.331104964,103.7992956
648151,1.352171066,103.6968814
599056,1.336265976,103.7678415
278584,1.31264956890401,103.794954718033
689003,1.377846434,103.7466303
689020,1.377307244,103.7460557
126794,1.298086662,103.7643193
286806,1.335548222,103.8076126
129516,1.317835876,103.7579174
129529,1.317238845,103.7584399
643658,1.33685328,103.7004773
589681,1.35502264316802,103.768680287307
668291,1.376325847,103.7596338
637506,1.314100858,103.6282182
598172,1.33597716,103.7661249
628132,1.300742982,103.6913062
679944,1.383949362,103.773632
138552,1.292218431,103.7918856
121311,1.319116568,103.7654922
596356,1.343812851,103.7743543
288997,1.33438445,103.8076817
286910,1.337862657,103.8055888
286909,1.337853241,103.8055414
287099,1.337862625,103.8054075
287098,1.337909798,103.8053985
287097,1.337960537,103.8053917
127650,1.317090369,103.7550958
266457,1.320254664,103.8069351
629360,1.29979769,103.6688855
286623,1.336935475,103.8054523
286864,1.336926031,103.8061264
128660,1.309388311,103.7619337
268153,1.317097916,103.8052421
688452,1.390811681,103.7498333
588373,1.337188214,103.7817365
267980,1.321009572,103.805342
119150,1.280692685,103.7880321
589371,1.347808276,103.788407
628495,1.315856806,103.6934647
278544,1.310668866,103.8015549
289974,1.336552355,103.8135465
640502,1.350437758,103.7181138
719454,1.419618443,103.7017412
127435,1.311610267,103.7574873
669010,1.360265283,103.7596433
619931,1.333446969,103.7149525
599734,1.342768302,103.7752108
289893,1.327505129,103.8131537
652210,1.345943615,103.7508879
680546,1.393012829,103.7432624
288804,1.332975301,103.8008943
279133,1.311885774,103.785171
278400,1.31676727,103.7869109
670126,1.376361936,103.7699188
268597,1.321758465,103.7950003
689386,1.378291029,103.7587442
739820,1.415274191,103.7577324
628970,1.326384611,103.6752325
640730,1.346108864,103.698427
279796,1.313857788,103.7902666
596367,1.344916459,103.7731688
279919,1.320657794,103.7851273
118591,1.279876057,103.7845864
637620,1.300656374,103.6268382
279978,1.330632946,103.7944813
117676,1.285835667,103.7800984
587955,1.344503461,103.7884026
128081,1.314092122,103.7570485
597574,1.34622193,103.7649643
267750,1.321157971,103.8111111
680556,1.395772164,103.7437892
678564,1.360841399,103.7689862
279160,1.312850698,103.7837737
277204,1.315500967,103.7793772
276627,1.319340075,103.7885904
276450,1.326309863,103.7925317
287341,1.329089741,103.8089909
599402,1.335276007,103.7685822
596394,1.34536613,103.7715346
638834,1.27289878639426,103.629153812902
651469,1.355445832,103.7420785
599888,1.335952881,103.7723041
596654,1.338430169,103.7690431
266138,1.322693915,103.8034404
599308,1.333632701,103.7675063
668911,1.359615087,103.7595252
266901,1.324606241,103.8087916
668213,1.374952678,103.7585474
598925,1.334077903,103.7663587
648481,1.351065731,103.6988534
637191,1.315631393,103.6346405
140092,1.305731753,103.8002537
691308,1.361414068,103.7380891
692307,1.359909535,103.7364475
691309,1.361870773,103.7374526
693308,1.361494279,103.7372004
693307,1.360426233,103.7370834
669054,1.359686727,103.7584615
120302,1.321738637,103.7649102
120373,1.319490182,103.7673379
640413,1.353275791,103.7251115
278387,1.3158105,103.787352
628277,1.268610177,103.7164555
692243,1.359962957,103.7285102
640626,1.341847393,103.6985167
640634,1.34309421,103.6988661
587917,1.344213673,103.7882792
659164,1.352015176,103.7478223
588643,1.343800141,103.7879507
636758,1.265702233,103.6284301
689435,1.376860072,103.7577954
688621,1.392066127,103.7519807
599347,1.333083545,103.7689607
658007,1.368843456,103.7535228
266333,1.323965265,103.7993072
668976,1.359077466,103.7609237
588905,1.340749889,103.7797546
636996,1.314257729,103.6320196
119031,1.292281295,103.7689919
640919,1.339926551,103.6873543
128270,1.310586698,103.75492
608541,1.317650701,103.7324489
658328,1.368982485,103.7526431
589632,1.334908896,103.7834521
650207,1.346248662,103.7493822
709831,1.4038511,103.7035831
650309,1.358283281,103.7487716
128981,1.323320498,103.7553039
278422,1.309947898,103.7994487
596893,1.341835005,103.7701982
287467,1.329399996,103.8095173
638386,1.331375416,103.6407044
698822,1.374886542,103.7172201
287187,1.331232562,103.8093406
597306,1.326434858,103.7671653
279836,1.331279676,103.7914828
648716,1.351920702,103.700587
587980,1.337673397,103.7837407
276489,1.328799809,103.7952827
681450,1.37935087,103.7356887
597428,1.328991308,103.7692425
287743,1.32771177,103.8082343
589631,1.334702657,103.7844142
588965,1.340510901,103.7809649
671544,1.381660403,103.7639967
286799,1.329539658,103.8053607
739638,1.415500382,103.7595041
268024,1.317869129,103.802443
670132,1.374273802,103.7706886
671133,1.374673459,103.7703452
637241,1.31868565,103.6293553
637242,1.318658984,103.6294266
269790,1.3184365,103.7964666
637628,1.300165915,103.6270327
597328,1.328171772,103.7673773
648504,1.352640137,103.6999727
269181,1.324048938,103.8003947
729941,1.407102291,103.7582616
266488,1.317624158,103.8046008
127238,1.315065556,103.7573657
640513,1.347457598,103.719968
128538,1.305282504,103.7653815
266634,1.321008205,103.8111894
589652,1.334172818,103.7867842
728778,1.40638485,103.7485074
126873,1.307554285,103.7642489
658782,1.340447176,103.7607042
678949,1.372757335,103.7653866
596650,1.338693168,103.7689505
669954,1.35792923,103.7573621
279313,1.322296701,103.7875882
649369,1.352958069,103.7239718
639654,1.352281485,103.6882102
287448,1.331066259,103.8084227
269911,1.313669217,103.7981121
278345,1.315188617,103.7872561
268275,1.315727665,103.7934517
650410,1.364458638,103.7449916
288690,1.331465454,103.8022117
643667,1.341148421,103.7022957
641672,1.343724747,103.7009391
658862,1.338867899,103.7609966
588781,1.335888719,103.7884214
619800,1.32070408848586,103.723257155995
651465,1.357308757,103.742673
718896,1.437901474,103.7279287
651471,1.358249002,103.7435086
654470,1.358137807,103.7443985
279088,1.312547189,103.7830004
628164,1.326027994,103.691447
729328,1.409234661,103.7491709
669242,1.35382543,103.7578185
648466,1.350746798,103.6986204
118921,1.29198749,103.7710002
600304,1.345144688,103.7347505
650535,1.354970757,103.7503995
596113,1.340999555,103.7683367
729570,1.404914474,103.7527651
127648,1.317290072,103.755
640533,1.348911526,103.7164588
600218,1.340332412,103.737928
639549,1.347814091,103.68616
277266,1.318099297,103.7821145
138649,1.300785712,103.7897439
277509,1.319340113,103.7858166
289673,1.33426884,103.7895076
637635,1.353106921,103.6828654
268708,1.313950811,103.7960941
649883,1.347758549,103.7111799
668792,1.359986298,103.7615234
289398,1.332551028,103.8075218
589164,1.341328592,103.7850671
680628,1.39718471886057,103.745921602155
588052,1.338693864,103.7829664
588051,1.338970226,103.7826559
678909,1.371935362,103.7655125
640204,1.344390406,103.7150977
277089,1.316825002,103.7810052
610165,1.330933106,103.7214348
599534,1.323397266,103.7740314
289294,1.334789412,103.8053325
670167,1.377687073,103.7651024
126759,1.298213804,103.7631157
269271,1.320257967,103.7945552
656289,1.345042603,103.7587841
654289,1.344210302,103.7592055
266098,1.321746912,103.8020627
266439,1.31969923,103.8063734
278026,1.308892028,103.7990406
278344,1.315522598,103.787336
737647,1.430791885,103.7543165
637463,1.304822355,103.626391
608532,1.334025296,103.742586
640746,1.347438273,103.6979363
277686,1.311494293,103.7944895
668890,1.358952393,103.7599422
272023,1.308470781,103.7864935
636761,1.268063175,103.6286483
141156,1.2926597,103.8042508
670176,1.379245299,103.7658816
120305,1.322061089,103.766014
120320,1.316901344,103.7653107
120371,1.320574657,103.7682119
599015,1.336457181,103.7698451
588084,1.339260906,103.781112
588460,1.339424406,103.7809199
276631,1.319099141,103.7884433
638173,1.338528088,103.6908706
628166,1.325612857,103.6910712
279413,1.324547087,103.7862367
627552,1.312546813,103.699531
279802,1.312879548,103.7902199
658004,1.368450594,103.7530532
719031,1.438310796,103.72935
596649,1.338744625,103.7689261
140074,1.30052480912242,103.796332727375
141075,1.30127044769539,103.795866674247
142074,1.30033462726648,103.795788206884
267125,1.325838096,103.7948094
279278,1.322277538,103.7854685
588216,1.341825168,103.7759238
650364,1.360664911,103.749321
597249,1.330447812,103.7672132
269261,1.318042661,103.7926302
266204,1.317646862,103.7925134
597425,1.328267802,103.76978
639143,1.333012731,103.6484433
650225,1.348496075,103.7526077
588304,1.339460586,103.7860516
658765,1.34015295,103.7611864
286984,1.335535646,103.8060105
659547,1.340924605,103.7564705
128703,1.307564322,103.7631102
278994,1.311816675,103.7952133
609027,1.304931805,103.7366432
276151,1.326537768,103.7841421
289035,1.335532225,103.8075315
588966,1.34061046,103.7810332
117447,1.288266903,103.7770673
288927,1.329939388,103.807633
287174,1.330792351,103.8093872
638323,1.339877163,103.6916657
658541,1.371874615,103.7534843
599525,1.323818432,103.7742477
597930,1.343025313,103.7737856
668896,1.359055398,103.7597344
670480,1.389692486,103.7723788
739775,1.416265386,103.7575624
692415,1.37130344833347,103.742247355252
289062,1.336550234,103.8081291
138523,1.299862514,103.788101
138493,1.303446025,103.7890681
589170,1.342188723,103.7849029
269543,1.322722269,103.8094196
681659,1.401070316,103.7490642
268201,1.318040766,103.8027199
266413,1.319780239,103.8067758
278459,1.30850364,103.7991928
628347,1.307025403,103.6594188
597802,1.344468129,103.7724347
266141,1.322018909,103.8041595
678726,1.367535973,103.770599
277278,1.317911281,103.781431
117488,1.278710816,103.7883276
119700,1.279208538,103.7882512
598617,1.341898024,103.7713317
637977,1.337530287,103.6911316
638227,1.338299672,103.6896387
117626,1.28154273,103.784391
677789,1.373013463,103.7733932
129270,1.319241111,103.7575677
266388,1.318464837,103.8057472
739563,1.435931328,103.756208
279670,1.327181364,103.7916237
277820,1.329798286,103.7939572
677770,1.373333562,103.7712097
638298,1.338699315,103.6923905
618775,1.333028251,103.715011
629614,1.319060155,103.6741631
118455,1.28023458,103.7929432
276723,1.331780981,103.7918541
682683,1.403766711,103.7462579
270046,1.308789494,103.7926956
138820,1.293570884,103.7973228
269963,1.322952206,103.7945271
609082,1.330841916,103.7382088
117468,1.288883467,103.7772644
289716,1.336068623,103.8034014
268052,1.322967806,103.8105115
719838,1.418704229,103.7247597
679628,1.36640128944575,103.772610828237
689434,1.37689496,103.757845
610119,1.335299059,103.724713
692241,1.360049405,103.7295789
692116,1.356437163,103.7357342
691119,1.356484926,103.7362886
691118,1.355578807,103.7357269
636764,1.265846639,103.6238671
627835,1.254396428,103.6983482
276732,1.331983439,103.7912417
599918,1.337057,103.7738614
596684,1.338641361,103.7693787
126885,1.307052167,103.7633086
638748,1.26939284322102,103.641029429765
678182,1.375394617,103.7628464
267374,1.325036194,103.7946919
139407,1.301553227,103.7882396
629194,1.314480737,103.6714419
680659,1.401242739,103.7493942
683686,1.404683696,103.749002
680668,1.401740738,103.7494962
268237,1.322193991,103.7967541
269380,1.322435692,103.8006963
127163,1.310460941,103.7620344
287565,1.330475377,103.809558
288091,1.335405741,103.7911398
658244,1.368042181,103.7523155
679625,1.36640128944575,103.772610828237
679626,1.36640128944575,103.772610828237
679627,1.36640128944575,103.772610828237
286981,1.335708854,103.8059517
266139,1.32196953,103.8041362
589471,1.336280791,103.7840921
699868,1.34913844106138,103.73704975386
699869,1.34913844106138,103.73704975386
699870,1.34913844106138,103.73704975386
699871,1.34913844106138,103.73704975386
699873,1.34913844106138,103.73704975386
668200,1.375889619,103.7559698
681689,1.402989014,103.7503201
669647,1.370130732,103.7625113
588136,1.34636026,103.7710464
598503,1.345319204,103.7659394
138647,1.299689535,103.7874128
608571,1.338377217,103.7527246
276184,1.312024177,103.7829221
267935,1.313321358,103.8022988
679650,1.371879242,103.767412
668888,1.358919206,103.7599911
266137,1.321867485,103.8040814
639735,1.346805965,103.6843067
267116,1.326093472,103.794299
599309,1.333606918,103.767443
118861,1.282984649,103.7856697
277111,1.317267134,103.7810737
289972,1.336047483,103.8136773
637385,1.297194276,103.6272573
638153,1.339174287,103.6906318
688479,1.39223987,103.7500727
690134,1.35526035114428,103.730278245807
650159,1.34857538,103.7427086
641664,1.339206416,103.7033975
651285,1.346743057,103.7577828
268126,1.31946373,103.8077897
629321,1.317891187,103.6694764
650304,1.357471521,103.7479488
638595,1.335205798,103.6374075
640829,1.344977424,103.6938822
640828,1.345156894,103.6931141
587970,1.346767801,103.7731967
269834,1.318717625,103.7977063
288608,1.332609065,103.8028738
138705,1.29793542,103.7946257
610166,1.331210444,103.7214264
289853,1.335800575,103.8083594
658440,1.36916786,103.7520444
138996,1.287248408,103.7981063
126798,1.298861038,103.7645395
640759,1.350144909,103.6997042
638344,1.336425421,103.692088
688786,1.377590715,103.7502103
117293,1.280823976,103.7907287
739690,1.414927701,103.7580302
587985,1.338339571,103.7834135
659086,1.367738184,103.7495523
608565,1.317086659,103.7314185
639443,1.322329906,103.6502271
268677,1.330109162,103.7964269
608534,1.336169885,103.7420533
588689,1.335798219,103.7869351
639778,1.345225469,103.6853807
658880,1.341668459,103.7607621
598901,1.334725436,103.7662776
680165,1.382922324,103.753939
650107,1.347810885,103.7466088
650134,1.35159087,103.7445096
269961,1.323030317,103.7945889
691123,1.35906095,103.7345077
693126,1.358420844,103.7350754
110017,1.283984582,103.7781792
688457,1.391087039,103.7498336
658490,1.372110718,103.7525975
640950,1.343426295,103.6909242
289605,1.32445505,103.8114101
650413,1.363565727,103.746597
650411,1.36411809,103.74602
674547,1.388901126,103.7690032
288301,1.337363494,103.8140718
129534,1.318461065,103.7591149
269725,1.32452647,103.8091454
270048,1.31192385719647,103.790081278007
600056,1.322201642,103.7377517
627538,1.274023594,103.6734813
278635,1.318907006,103.7809991
277244,1.318471435,103.7810141
149149,1.291782563,103.8069594
266812,1.319723137,103.7899749
659674,1.349504489,103.741889
276471,1.331160542,103.7951159
637307,1.319593473,103.631541
658542,1.371822924,103.7534857
658543,1.371765975,103.7534871
658544,1.371714427,103.7534891
658546,1.37160628,103.7534914
658547,1.371549136,103.7534932
599256,1.334540664,103.7697442
276971,1.315554764,103.7818554
679571,1.371431241,103.7654449
627889,1.259657668,103.6975699
596581,1.337408695,103.7645407
680449,1.379171422,103.7362511
680465,1.377296018,103.7365388
680454,1.378986387,103.734822
658052,1.369570396,103.7531201
287663,1.328781684,103.8077858
138814,1.293433332,103.7980244
650419,1.361947382,103.7461964
138589,1.305667179,103.7917096
266415,1.319711558,103.806703
588375,1.337543818,103.7814587
658702,1.371464394,103.7528619
688761,1.390106392,103.7503806
641561,1.35429411,103.7197551
267643,1.325254365,103.7971321
276950,1.316653079,103.7809459
658073,1.373458498,103.7528986
118653,1.288457428,103.7773443
268049,1.322784931,103.8108406
268050,1.322734959,103.8107954
279132,1.311303996,103.7852384
679786,1.370760148,103.7694186
739870,1.414906404,103.7585268
599809,1.334796076,103.7719169
600031,1.320308144,103.7389677
589900,1.34885048132721,103.789609264242
653113,1.349367502,103.7453474
138665,1.302173852,103.7935452
268155,1.318045456,103.8055932
268779,1.328953121,103.7960578
269519,1.323089016,103.8032716
659918,1.346973644,103.7590586
688508,1.392213688,103.7515739
278577,1.31267842,103.7978998
129629,1.30996603048518,103.757829956665
597882,1.343412676,103.7713153
639138,1.329769568,103.647319
277946,1.316860692,103.7874671
597657,1.334149443,103.7587948
130020,1.306722574,103.7835241
739716,1.416261824,103.7582188
688287,1.390535853,103.7520081
689905,1.377758901,103.7418329
679522,1.371209107,103.7768547
120331,1.314137854,103.7679422
648296,1.351487848,103.6980769
641844,1.345901681,103.6924559
642658,1.336489677,103.7007574
640611,1.338906189,103.7007513
648195,1.351291491,103.7095778
127873,1.31356236,103.7563055
287519,1.326498999,103.8098818
598588,1.339144633,103.7734784
598264,1.337472696,103.7741549
588477,1.340841417,103.7820593
596421,1.345454927,103.7710608
678561,1.360573331,103.7689841
639647,1.352624806,103.6882055
118178,1.280807938,103.7864923
658354,1.369718007,103.7516694
269279,1.320751637,103.7951292
650118,1.350009516,103.7464996
289450,1.333384231,103.8066626
269383,1.321956575,103.800634
588648,1.343800141,103.7879507
287584,1.331017141,103.8104148
698936,1.388021389,103.7269661
692122,1.358364747,103.736243
693123,1.360028145,103.7347962
119800,1.280798269,103.796683
117567,1.297245636,103.7704501
287177,1.330799271,103.8094538
671035,1.38553147302441,103.755969931106
673036,1.38789004335416,103.754262416752
596160,1.355070065,103.7662687
627606,1.333783073,103.6972379
640714,1.34312003,103.696675
640414,1.352819988,103.7260349
599461,1.345227398,103.7699562
599460,1.345507049,103.7700922
275932,1.326477015,103.7910334
275933,1.326477015,103.7910334
278061,1.309346726,103.7979609
278504,1.309806986,103.7972528
278460,1.30864674,103.7983665
650230,1.347715409,103.7549948
128626,1.308337269,103.7618983
648260,1.351803435,103.6976563
637718,1.342514135,103.6802495
639336,1.32076006,103.6554911
118697,1.289539904,103.7748874
587933,1.344213673,103.7882792
587935,1.344503461,103.7884026
672548,1.389420736,103.7685737
689032,1.377188658,103.7454408
596110,1.339908562,103.7678555
596714,1.341074878,103.7687846
693122,1.358703599,103.7363771
692121,1.357260362,103.7361378
277472,1.32042456,103.7886423
719767,1.443029948,103.7181984
599093,1.336955344,103.7682244
680344,1.383282625,103.7451103
689462,1.377116123,103.746137
739688,1.414826385,103.7578374
278773,1.314901789,103.7818232
267588,1.326269256,103.7983501
640705,1.340912429,103.694651
277550,1.330036445,103.7922493
267957,1.318562298,103.8043852
598636,1.343129874,103.7704793
588681,1.335681377,103.7873099
599644,1.343239627,103.7710228
677754,1.372313196,103.7731396
639133,1.330659783,103.6459427
628426,1.304445126,103.655951
640444,1.351953808,103.7193967
277684,1.311462315,103.7945352
737656,1.430554384,103.7546245
648653,1.352608478,103.698004
638594,1.334907987,103.6377065
650407,1.364851719,103.7458146
650123,1.3514197,103.7474994
650409,1.364488996,103.7458164
598804,1.33990898,103.7656179
608559,1.316301816,103.7319954
287820,1.332410085,103.7991825
638223,1.338240551,103.6901967
277862,1.329635898,103.7929895
119694,1.279376025,103.7884337
119689,1.27951732,103.7885516
640928,1.340919078,103.6892449
640929,1.34129441,103.6892708
277536,1.321454485,103.7858513
670646,1.389629685,103.7637879
658438,1.36916564,103.7519931
640273,1.351994635,103.702827
679767,1.371549832,103.7683695
598039,1.337139426,103.7681926
628393,1.302856968,103.6591985
588964,1.340817876,103.7807063
268187,1.317122832,103.8040265
619166,1.309453228,103.7060529
599366,1.332898838,103.7676934
640850,1.346426807,103.6919365
669012,1.360287356,103.760195
678753,1.357752095,103.7688707
127241,1.313688145,103.7576225
279642,1.329681562,103.7902289
279648,1.329167184,103.7909023
287371,1.328292074,103.8097412
648227,1.352102391,103.6979858
658557,1.37096667,103.7535093
118306,1.28260158,103.7989192
279730,1.32593706,103.7830889
629101,1.327257327,103.6759225
289219,1.331542926,103.8067698
658415,1.369494743,103.7513927
277402,1.318805803,103.7869705
637081,1.272551081,103.6348493
279664,1.327528835,103.790824
681812,1.373383202,103.7467958
627711,1.22952877929098,103.682258114715
599353,1.333311606,103.7689137
669179,1.353743536,103.7595479
597115,1.32579952,103.7653768
279778,1.323469801,103.7829973
642198,1.344434645,103.7139759
641198,1.344255043,103.7140271
598816,1.339876253,103.765269
279293,1.322069881,103.7863872
659802,1.352401174,103.755987
650285,1.346176069,103.7578342
599198,1.336274311,103.7702594
640443,1.351802537,103.7203941
127520,1.315742139,103.7552592
599292,1.33420463,103.7697495
677919,1.382172425,103.7605217
266917,1.3238895,103.8082247
637033,1.346209056,103.6886647
278446,1.308423317,103.798736
608572,1.338114792,103.7524621
688400,1.39010333,103.7513519
588292,1.338801321,103.7860354
289790,1.332784999,103.8036658
669642,1.370130732,103.7625113
120103,1.322588548,103.7691762
642669,1.342849657,103.7028043
276147,1.32644798,103.7843488
288572,1.331313324,103.8117197
588231,1.336101025,103.7858574
640488,1.349081948,103.7261955
598929,1.334040864,103.7662469
640490,1.34958851,103.7272404
129960,1.307331756,103.7684791
670643,1.387905842,103.7630173
287862,1.333105646,103.8006835
637596,1.302267207,103.6269939
677782,1.373141745,103.7731997
668869,1.358879331,103.7607885
627880,1.271940496,103.7082101
118668,1.289548293,103.7770893
118669,1.290039227,103.7772778
658250,1.368032916,103.7521151
639512,1.329745684,103.6518959
653435,1.35830194,103.7397535
289346,1.334239023,103.8063202
739872,1.414960145,103.7585851
267477,1.322865683,103.7961178
670224,1.375922155,103.7730005
670122,1.377643751,103.7699751
267889,1.316918637,103.7965753
598293,1.336014685,103.7794045
640734,1.345363253,103.7004597
627532,1.311925654,103.7017225
642272,1.350520817,103.7048622
128380,1.312229393,103.753255
650363,1.361014444,103.7494473
588723,1.336045231,103.788065
268589,1.323237212,103.7952081
287131,1.330157448,103.8094449
588319,1.340053362,103.7855427
682803,1.373819271,103.7433672
627792,1.308751498,103.6745791
627791,1.308740342,103.6744892
278042,1.309215762,103.7985398
650220,1.34745649,103.7547104
117445,1.29159178,103.7726667
288259,1.335400556,103.8033227
289759,1.345964354,103.7904462
670523,1.386975028,103.7657009
596845,1.338775333,103.7659172
680503,1.388305174,103.7423227
287260,1.328278353,103.8077247
642661,1.335993391,103.7056175
637122,1.346455711,103.6879574
288929,1.329967362,103.8077669
688405,1.390501787,103.7511902
729236,1.412608031,103.7479376
148958,1.298475474,103.8009578
637144,1.35430497,103.6923539
637788,1.297959657,103.626272
267892,1.31678905,103.7974854
117480,1.28836579,103.7769717
266217,1.313216065,103.8020759
629994,1.24740057646819,103.66715297779
629959,1.24756856457433,103.675093307844
278976,1.31098228,103.7956338
278805,1.315853122,103.782872
278802,1.316398948,103.7829134
670503,1.384184146,103.7664346
268899,1.322364052,103.8114726
118708,1.290024873,103.7738753
127703,1.317072469,103.7557362
288915,1.329228062,103.8071838
658267,1.368372763,103.7516682
269770,1.329046362,103.8011462
269773,1.329046362,103.8011462
606288,1.339746473,103.7431777
269824,1.321682632,103.7997164
142075,1.30094445377692,103.795527012762
619558,1.31834029108056,103.723458649599
276309,1.332174549,103.7896023
688649,1.39297031,103.7524004
598992,1.335841814,103.7683356
650182,1.345564022,103.7438215
650184,1.346237747,103.7438242
600052,1.321009823,103.7374828
729243,1.415407283,103.7499431
637123,1.345721599,103.6883606
637031,1.345738557,103.6888601
598585,1.340565919,103.7739579
139152,1.303996623,103.7763454
598538,1.344114752,103.7667131
688530,1.392656407,103.751835
276560,1.323796162,103.7923913
598977,1.336408456,103.7687274
598981,1.336401112,103.7685663
269874,1.317433689,103.7992238
598332,1.336842175,103.7793138
277292,1.319126916,103.7819692
119505,1.278798301,103.792107
670121,1.377200478,103.7698528
655291,1.342738902,103.755262
126845,1.308249309,103.7649035
119602,1.29093522,103.7737122
127561,1.313147771,103.7577796
669841,1.359134432,103.7578672
599282,1.334092842,103.76859
269139,1.323700461,103.8026628
120354,1.313513864,103.7708611
120334,1.315185027,103.7684327
682801,1.375824719,103.7428234
279425,1.324909654,103.78632
286694,1.328734483,103.8052716
644662,1.336978387,103.7042794
637164,1.316742717,103.6339763
650312,1.359878751,103.7473357
618662,1.339359562,103.7272995
618663,1.340838283,103.7250981
266430,1.319696108,103.8058566
279193,1.312256164,103.7839165
117644,1.279395209,103.7894568
269185,1.323715669,103.8001596
636901,1.271159464,103.6288344
597920,1.342033205,103.7740109
279568,1.323242014,103.7873058
600252,1.343062176,103.7382335
268646,1.320664358,103.7938359
266235,1.321373685,103.7928505
599978,1.3300367,103.7685721
589968,1.336205836,103.7860813
277471,1.32037003,103.7886269
138992,1.287421454,103.7974744
670201,1.37184316,103.7752224
269357,1.322481857,103.7992787
279806,1.312273597,103.7910325
698989,1.399135245,103.7299705
650205,1.347121729,103.7500573
129353,1.318490856,103.7581206
668983,1.359599663,103.7609477
728664,1.411213832,103.7568802
119033,1.292568463,103.7687473
287625,1.331957135,103.8097904
287630,1.332020043,103.809438
287624,1.331891612,103.8097902
718803,1.429487411,103.7201667
288916,1.331926359,103.8046337
619032,1.327434807,103.7121252
277764,1.330191204,103.7945442
619861,1.335492471,103.7136619
267564,1.326718027,103.794234
287444,1.331426527,103.8086867
597429,1.328229771,103.7698803
729338,1.413812353,103.7512799
139165,1.305577289,103.7748242
288948,1.331535537,103.8075188
597536,1.324118417,103.7651943
678973,1.376560965,103.7659524
650204,1.347558656,103.7498872
729568,1.413656126,103.7452156
650108,1.347443853,103.7465021
637511,1.313626764,103.6272012
689476,1.37663107,103.7438792
117395,1.289532335,103.7776266
599977,1.330261615,103.7683059
599979,1.329812668,103.7688147
599976,1.330566939,103.768032
599975,1.330801508,103.7677621
289215,1.331491293,103.806809
289236,1.331832465,103.8064925
608612,1.31219457,103.7325932
688474,1.392152707,103.7498121
650227,1.348383998,103.7535203
639926,1.313322342,103.627917
670222,1.375213345,103.7740957
658424,1.36914576,103.7515657
128633,1.308422944,103.7621605
121340,1.31815768,103.7703139
638334,1.335869984,103.6916592
629588,1.317963188,103.6629834
275837,1.326765416,103.7902147
287030,1.335483676,103.8050139
639495,1.320783223,103.6602255
627557,1.31292954,103.7000224
159964,1.288598041,103.7999739
126863,1.308339052,103.7652089
119214,1.294553129,103.779694
640859,1.349230323,103.6961006
658467,1.369560097,103.7529047
658749,1.340053464,103.7607471
641648,1.338327809,103.6976379
278373,1.317217141,103.7859578
118427,1.290478089,103.7813852
119081,1.297950514,103.7759508
140033,1.298322139,103.8047011
129233,1.323032527,103.7555911
737645,1.430647561,103.7543459
609274,1.299753281,103.7518387
692123,1.359300828,103.7342622
138507,1.295558388,103.792222
640707,1.341783047,103.693952
640219,1.349395776,103.7108196
640218,1.350218608,103.7102557
668895,1.35936622,103.760009
277302,1.318265369,103.7829904
276393,1.310169246,103.7973423
658204,1.370114763,103.7535209
658205,1.370058745,103.7535211
627935,1.33044555,103.7050799
629709,1.326974148,103.6887266
679694,1.368947617,103.7653358
627806,1.245795211,103.6876012
683817,1.377566524,103.7489895
275753,1.312621609,103.7937047
275752,1.312102866,103.7937743
278861,1.314076576,103.7822376
596471,1.321646062,103.7787722
679747,1.372135563,103.7683489
269741,1.32887774,103.8016099
648153,1.351679791,103.696551
639924,1.34036102853547,103.681745138867
677943,1.396700856,103.7534324
629359,1.302636273,103.6667208
269822,1.322130415,103.7995828
596987,1.338576232,103.7665288
599365,1.333192615,103.7693008
277430,1.319074295,103.7875021
629293,1.318779492,103.6673631
269356,1.322409288,103.7990522
678068,1.359664959,103.7675946
596536,1.338550254,103.7711029
279292,1.32244408,103.7861626
680353,1.382137071,103.7433975
637531,1.318233392,103.6319861
128695,1.307298123,103.7630851
728658,1.435322766,103.751782
126871,1.308530555,103.7653443
689001,1.37787394,103.7467126
691243,1.359978962,103.7290287
120717,1.303234409,103.7624648
277064,1.315805432,103.7819921
627763,1.261513073,103.674422
268178,1.319605738,103.807407
269876,1.31724871,103.7999331
690319,1.362015889,103.7386817
637782,1.312120411,103.6271458
149604,1.302588425,103.7973019
277272,1.318098165,103.7815928
278055,1.30918062,103.7981356
680212,1.382469861,103.7473479
680234,1.380206956,103.7481376
628603,1.325807118,103.6975776
650213,1.346818455,103.7524969
650142,1.35000418,103.7428608
279508,1.313565452,103.7835171
279827,1.330742339,103.7919497
611120,1.335603234,103.7245347
638001,1.339217329,103.6901659
638230,1.338140488,103.6897614
288133,1.341549325,103.7902117
277319,1.316732526,103.7825812
128179,1.308550699,103.7639397
128376,1.30830055,103.7545391
269898,1.318176159,103.7989291
657288,1.345561547,103.7601381
656288,1.345013481,103.7595968
278923,1.314085865,103.7806429
119077,1.295467181,103.7797739
127232,1.314982652,103.7572021
127894,1.312425301,103.7560281
140036,1.297469003,103.8053799
289403,1.333285747,103.8076465
637912,1.337005043,103.6906351
637957,1.337167175,103.6919097
637963,1.336769388,103.6917264
609924,1.325687049,103.7469892
619815,1.319705929,103.7296113
588684,1.335357172,103.7871303
650231,1.34908255,103.7545182
627616,1.316772834,103.6970629
287601,1.332312036,103.8106191
600230,1.341535833,103.737488
289979,1.336278604,103.8139538
600227,1.341820669,103.7360878
277680,1.311417159,103.7946557
658304,1.368949989,103.7519582
658850,1.339330279,103.7617068
279414,1.324855512,103.785835
639489,1.320064947,103.6591006
277229,1.318855585,103.781316
120520,1.307147744,103.7596284
658237,1.368411094,103.752521
140072,1.300023369,103.7969569
619487,1.314796751,103.7149069
648232,1.351902071,103.698142
602057,1.322617734,103.7379728
600057,1.322542265,103.7375607
600055,1.321891973,103.7375516
117324,1.281210078,103.7903144
597565,1.34666669,103.7644594
640831,1.344849056,103.6948142
599858,1.334701371,103.7727129
658444,1.369179266,103.7522007
658446,1.369181784,103.7522568
658475,1.3710968,103.7512064
688532,1.392683338,103.7519405
138643,1.301733345,103.7900009
288609,1.333787015,103.8025212
652469,1.355154035,103.7416974
670215,1.375106557,103.7743118
638283,1.337293945,103.6921833
268599,1.321684677,103.794815
678908,1.37231773,103.7654956
588790,1.336585903,103.7881733
671513,1.387966622,103.7674378
627861,1.270393483,103.7064053
129549,1.318469427,103.7596808
692118,1.356217474,103.736187
127635,1.316371555,103.7549195
628990,1.325966803,103.6681133
598227,1.335236038,103.7725528
636741,1.353338446,103.691587
658419,1.369500291,103.7514991
658461,1.369552359,103.7527439
643660,1.336660552,103.7037303
658434,1.369160681,103.7518854
599064,1.334789833,103.7680502
638345,1.336521393,103.6921655
268194,1.317220793,103.8035347
140090,1.30542326,103.7996746
138677,1.311391537,103.7786564
670119,1.376537545,103.7690422
670116,1.37717209,103.7686168
729226,1.413377957,103.7510327
598386,1.344934982,103.7677023
127247,1.31353247,103.7577109
642666,1.339614224,103.7019586
640845,1.344860533,103.6916842
126865,1.308372019,103.7652547
627571,1.259646134,103.6756673
659760,1.347626724,103.7648885
269111,1.323783457,103.8051718
679049,1.364749047,103.7710054
640915,1.34108919,103.6878703
670526,1.385458629,103.7652187
670528,1.384790718,103.765617
288021,1.348338708,103.7906402
597923,1.342313437,103.7739407
277369,1.317758243,103.7875303
650237,1.349490802,103.7553055
650243,1.349620134,103.7564321
650185,1.347081585,103.744924
247674,1.294763196,103.8150733
739501,1.43594536,103.7540084
637185,1.315815252,103.6341401
120612,1.303442199,103.7686334
278070,1.309613862,103.7977114
590005,1.338202368,103.7745226
600282,1.33960583,103.7471113
648671,1.352245506,103.698523
118878,1.282089155,103.7849457
132028,1.305443973,103.781869
130017,1.307654538,103.7828912
276536,1.32660976,103.7936209
127015,1.318025481,103.7562895
599634,1.341792123,103.7720683
121427,1.312123221,103.7638921
277467,1.321243791,103.7892023
699872,1.34913844106138,103.73704975386
658295,1.368600021,103.7518118
637994,1.339529031,103.6905618
659322,1.364717427,103.7503961
276480,1.330654007,103.7948835
266780,1.3214787,103.8098425
650222,1.347848541,103.7540349
120102,1.322285572,103.7692019
587972,1.347260291,103.7733208
679576,1.371195418,103.7662809
287809,1.33405805,103.8012337
658009,1.369003297,103.7530021
658335,1.368998747,103.7528947
289713,1.334852586,103.804078
629097,1.32817035,103.6760194
729908,1.408602535,103.759759
278046,1.309298438,103.7984491
680806,1.372834938,103.7441556
640907,1.341140173,103.6859308
678600,1.367715166,103.7693728
658549,1.371400492,103.7534975
627521,1.256902125,103.6848767
678718,1.368110215,103.770679
637421,1.296114778,103.629504
689385,1.37851192,103.7593485
598604,1.340873701,103.77246
598603,1.340873701,103.77246
680411,1.381059802,103.7412602
670655,1.3872799,103.7643011
600102,1.336096579,103.7382192
658558,1.370914533,103.7535104
288692,1.331998662,103.8021046
729470,1.41580837,103.7421673
639705,1.346639635,103.6851427
269419,1.322701894,103.8100003
276610,1.320131352,103.789162
268867,1.317249927,103.8059789
628072,1.32831981,103.7022041
643685,1.342554595,103.7041676
600133,1.334159496,103.7393185
596225,1.331431141,103.7586756
640660,1.335323816,103.7041309
141096,1.296278147,103.812545
278619,1.317262833,103.7872182
629263,1.319162406,103.6661466
689463,1.377053776,103.7458141
689466,1.376881161,103.7452235
669433,1.353482801,103.7595297
638819,1.328760351,103.6392672
627551,1.312483037,103.6994404
600043,1.321102559,103.741674
639619,1.351542576,103.6872142
639620,1.351605351,103.6871753
678496,1.368081876,103.7699602
609386,1.301370345,103.7493377
668174,1.376751521,103.7575233
127368,1.301227734,103.7648896
638123,1.311279585,103.6308475
688241,1.394711366,103.7534509
629826,1.332918793,103.7058828
680768,1.394126528,103.7499616
278585,1.312897352,103.7948899
123440,1.316633716,103.7639341
609960,1.330348028,103.7490126
677670,1.365728514,103.7714133
629085,1.328042762,103.6743268
619824,1.330180346,103.7136355
289722,1.33687992,103.8032367
652443,1.356123275,103.7378312
652441,1.356003272,103.7385491
598652,1.344764753,103.7702802
598234,1.336256536,103.7732173
599544,1.322973793,103.7738259
278072,1.309972523,103.7978486
278168,1.309493128,103.7986053
599142,1.335179452,103.7665371
679176,1.367253156,103.7683688
287951,1.33501754,103.8016614
658813,1.338290996,103.7610062
279191,1.312358193,103.7839046
628751,1.331651031,103.6923497
128336,1.308793373,103.7557983
679396,1.372986257,103.771464
677696,1.370219811,103.7732217
267620,1.326425929,103.7982612
267525,1.326747529,103.7969507
278796,1.317702364,103.7836107
597324,1.327802679,103.7673832
679183,1.366913029,103.7681929
118505,1.272943115,103.7966476
149555,1.305325737,103.7976735
739687,1.414840381,103.7577204
738051,1.41682494,103.7576365
738052,1.416969946,103.7573158
599821,1.334826715,103.7723899
587868,1.344803346,103.7884882
628143,1.308543918,103.6836196
648808,1.352273837,103.7004562
650169,1.346607336,103.7409093
650166,1.34715255,103.7428248
619265,1.326023046,103.7143436
682804,1.373114037,103.7418888
648515,1.35328507,103.6996478
670234,1.378533377,103.7717891
671537,1.384116279,103.7628642
668189,1.376187631,103.7566597
276959,1.314256909,103.7784488
640644,1.339591891,103.6963576
658426,1.36915056,103.7516701
642181,1.348793505,103.7084177
679972,1.378182252,103.7737067
277412,1.31971204,103.7875673
269387,1.322189682,103.801019
629045,1.324875185,103.6734433
276515,1.32777042,103.7926717
278704,1.313022029,103.7918732
609128,1.314979542,103.7313389
609040,1.302120167,103.7360463
658735,1.339482559,103.7608427
266496,1.319757716,103.8038819
277501,1.318695705,103.7865304
275784,1.324206346,103.7927914
739492,1.436013352,103.754439
739491,1.436027923,103.7545144
267018,1.316128907,103.7924192
658296,1.368940037,103.7517428
683161,1.3804997,103.7583526
139155,1.304615686,103.7758242
650299,1.344247089,103.747101
640521,1.346592544,103.7172476
728646,1.435487604,103.7459551
288904,1.3284563,103.8068029
650181,1.345659325,103.7434116
610183,1.333239677,103.7226839
117342,1.279646769,103.7845394
678715,1.3681852,103.7710376
269479,1.321786744,103.8047697
279024,1.313982937,103.7846656
266438,1.319951261,103.8060851
117999,1.28032202,103.7912605
268749,1.327871544,103.7998986
678186,1.375394617,103.7628464
738050,1.416889575,103.7572655
658713,1.350097148,103.7492139
628906,1.332951385,103.6930097
159955,1.289893751,103.8053264
670124,1.376999358,103.7711709
629649,1.316329198,103.6773526
650536,1.355518763,103.7511645
688547,1.391134417,103.7519019
669002,1.3595874,103.7601613
680132,1.381061992,103.750796
668317,1.376935248,103.7595116
268512,1.322188223,103.7955596
276607,1.320375506,103.7905076
266376,1.318421499,103.8061199
289367,1.336315869,103.8068726
669253,1.352564644,103.7572101
127436,1.311545778,103.7577139
692210,1.3573661426452,103.727209188805
719832,1.41998231077454,103.725102991561
679869,1.371773776,103.7687136
589925,1.341567969,103.7862429
589744,1.338790961,103.7867513
266500,1.32056932,103.8037203
629094,1.328370888,103.6756743
640855,1.346919494,103.6961882
683490,1.375750144,103.7417518
597976,1.34351861,103.7724171
618497,1.334413429,103.7222212
668202,1.376965026,103.7563651
668201,1.376476535,103.7561813
120445,1.313359326,103.7639026
638892,1.320868404,103.6392764
627575,1.320297475,103.7006977
627540,1.319989281,103.6991707
287373,1.328263962,103.8098377
637762,1.312959971,103.6316668
275961,1.326201153,103.7911207
639804,1.351726376,103.6861313
139658,1.309646033,103.7745868
637566,1.287053564,103.6315666
596544,1.337582837,103.771804
139000,1.287248408,103.7981063
269202,1.325014437,103.8034581
279495,1.323433289,103.7869199
629340,1.304722888,103.6648573
650539,1.354765183,103.7508851
638137,1.338987009,103.6913392
640206,1.344952407,103.7150399
650395,1.366316899,103.7522876
650131,1.35073333,103.7462613
669263,1.353323343,103.7581394
637431,1.297463383,103.6305908
140129,1.293055547,103.8144244
141062,1.294351674,103.8117356
141129,1.292490722,103.8143054
739494,1.435997194,103.7543304
739493,1.436005117,103.754386
276629,1.319153389,103.7884696
127997,1.315505543,103.7580569
680150,1.378203511,103.7564509
659206,1.352619624,103.7493759
588273,1.337201678,103.7859125
627570,1.25610853,103.6808092
650387,1.364865217,103.7524525
658741,1.339670169,103.7607767
277683,1.311599418,103.7949166
277738,1.310435347,103.7947857
644517,1.344924568,103.7194594
269156,1.32352761,103.8017596
688996,1.377649011,103.747214
739674,1.418027636,103.7589366
658452,1.369189659,103.7524157
658454,1.369191908,103.7524717
658445,1.369528523,103.752279
658447,1.369531641,103.7523304
637013,1.288302609,103.6239912
279106,1.312036591,103.7848518
609560,1.343418703,103.7438985
589447,1.334874699,103.7878681
669249,1.352547316,103.7572983
680791,1.395564355,103.7499871
678752,1.35774968,103.7688075
648265,1.351794544,103.6980324
681166,1.383293601,103.7530259
139214,1.304149736,103.7871228
267082,1.32541049,103.7981909
639075,1.3206533,103.6458811
636808,1.317435214,103.6312226
596499,1.337938635,103.7710033
679634,1.371678904,103.7671561
267692,1.325537186,103.7940711
275908,1.326879264,103.7910237
127328,1.294358647,103.7664752
127329,1.294358647,103.7664752
627700,1.259554975,103.6778835
670403,1.3811297,103.7677496
641828,1.345021981,103.6935261
639636,1.35316733,103.6872225
600202,1.336761278,103.7429663
276470,1.331246596,103.795069
117394,1.281120274,103.784782
269273,1.320383228,103.7947123
277767,1.330287385,103.7943092
640986,1.337012951,103.694529
588190,1.34914222,103.7706882
149312,1.299517208,103.8028069
119707,1.280379911,103.7878211
640958,1.34096044368838,103.690819152729
639305,1.327707804,103.6516953
277864,1.329462959,103.7929101
289821,1.335104469,103.7899094
658448,1.369184177,103.7523082
268166,1.317318596,103.8048235
119799,1.28416606,103.7974792
140171,1.290732462,103.8038469
267435,1.323877158,103.7978827
587786,1.346752631,103.7771458
642655,1.33550104,103.697514
289411,1.333442727,103.8068317
680488,1.376723796,103.7386961
129216,1.322330905,103.756061
128263,1.310557349,103.7553382
619747,1.312753228,103.7213985
597764,1.343285287,103.7724625
589898,1.34885048132721,103.789609264242
589899,1.34885048132721,103.789609264242
275909,1.326879264,103.7910237
588804,1.337400864,103.7869392
628192,1.308218953,103.692923
597427,1.328784436,103.7699731
266764,1.31912827,103.807745
126755,1.320049382,103.7521613
128738,1.307814599,103.7641248
288109,1.337928333,103.7910903
128556,1.306048543,103.7659561
279447,1.325184643,103.7879468
640430,1.351954311,103.7256226
640425,1.350850806,103.7244373
670113,1.378381818,103.7693595
670227,1.374959633,103.7714665
670129,1.375724234,103.770322
149311,1.294696518,103.8132997
680672,1.402151665,103.7474959
266394,1.318659709,103.8059225
599161,1.333879851,103.7666944
117558,1.295467181,103.779774
597101,1.324620529,103.7662017
640625,1.341520117,103.698797
288626,1.332270257,103.8034867
648677,1.35211167,103.6987184
628901,1.331632269,103.6927557
628900,1.331477543,103.6930086
589147,1.340273608,103.7847942
278354,1.316210501,103.7868656
279583,1.324314227,103.7860878
267560,1.326607846,103.7944252
679502,1.369866246,103.7725804
598958,1.33299845,103.7666419
598441,1.3192902788082,103.77629774838
589159,1.341576633,103.7845457
589221,1.342507398,103.7847529
681675,1.401271391,103.7467215
288614,1.331845812,103.802749
636827,1.318212173,103.6311314
266311,1.324363388,103.8009303
266310,1.324524112,103.8015204
640632,1.343957088,103.6998156
640607,1.337974917,103.6996976
599117,1.334511841,103.7675319
589642,1.332672699,103.787027
277199,1.315211781,103.7795703
669178,1.354094133,103.7596186
688483,1.392290535,103.7501844
596151,1.343881324,103.7698368
269544,1.322252823,103.8085733
138889,1.299567366,103.7935275
138891,1.299169141,103.7937607
649370,1.352040845,103.7266579
648674,1.352458232,103.698836
276297,1.331348557,103.7892935
278506,1.309847737,103.7972232
679520,1.370187902,103.7767219
693216,1.35570647618118,103.729248955178
268795,1.327199901,103.7956261
277435,1.320648043,103.7891384
276433,1.325881809,103.7926871
117887,1.278871054,103.786492
650393,1.366493281,103.7531126
597418,1.328666619,103.7687941
596968,1.338452929,103.7661935
128762,1.308379598,103.7647983
266665,1.328280157,103.7988552
641663,1.338531459,103.7015451
658441,1.369524253,103.75217
640866,1.350573648,103.6954658
640836,1.342708363,103.6935766
279200,1.312702265,103.784774
669834,1.358601179,103.758054
628905,1.332787854,103.6930104
128971,1.321766021,103.7550986
648691,1.352001238,103.6983994
629468,1.318014163,103.6716137
266213,1.317203005,103.7923317
651288,1.346006231,103.7605059
650375,1.358322868,103.7501296
650307,1.358170334,103.7481187
678790,1.35843046,103.7679837
287230,1.327072196,103.8088808
640431,1.352303065,103.7246322
641601,1.339454544,103.6998492
118057,1.278559609,103.7908483
286721,1.328354973,103.8061101
267946,1.315510406,103.8020444
699880,1.37814823644608,103.724029969187
278658,1.324418199,103.784694
279774,1.324902402,103.7824628
599092,1.336944635,103.7681665
648269,1.351598502,103.6980801
691325,1.363462799,103.7328146
670543,1.38249521,103.764046
266945,1.322411147,103.8072186
668995,1.359910082,103.7604259
619267,1.32575802570113,103.717264730672
644669,1.343430833,103.7032581
691324,1.362738864,103.7325811
288918,1.329327021,103.8073554
139004,1.287597684,103.7983721
277671,1.311004475,103.7953139
279917,1.320331014,103.7850521
650357,1.361654964,103.7508747
680818,1.378026162,103.7488268
651450,1.352790912,103.744536
627797,1.30881703,103.6750952
690217,1.35563813661717,103.728742139404
599181,1.333711234,103.7670004
648238,1.351903658,103.6980875
648266,1.351793003,103.6980842
268259,1.322363501,103.7960839
680612,1.400008661,103.7443527
689460,1.377207778,103.7463886
648141,1.349807921,103.7083371
678374,1.35793985,103.7692472
639809,1.354296494,103.6864507
659003,1.366167116,103.7469517
737637,1.430674666,103.7541133
588333,1.340818858,103.7853827
269561,1.321966064,103.8056738
588859,1.341308363,103.7816142
288251,1.334329963,103.8030729
589848,1.339557018,103.7869545
689379,1.379269768,103.7592144
637608,1.290843086,103.6264433
138702,1.297592402,103.7952011
120502,1.311906957,103.759128
688539,1.391087351,103.7521124
142035,1.297044521,103.7987516
636802,1.26986346,103.6276051
636801,1.269722905,103.6275994
640610,1.338324541,103.7008562
266224,1.315910242,103.8037644
680505,1.389074186,103.7421409
121306,1.321238324,103.7657225
668910,1.359266777,103.7593621
638365,1.332593503,103.6789532
637120,1.27858217,103.6326852
636961,1.278472196,103.6334154
628776,1.329588524,103.6930042
279277,1.321916515,103.7855601
598674,1.341015289,103.7709773
128130,1.308025253,103.7623076
266401,1.320151145,103.8071405
597406,1.327180565,103.7683389
637966,1.336924169,103.6916001
279710,1.332406009,103.7915317
729492,1.410954878,103.7439235
691236,1.360871724,103.7318499
618365,1.339423044,103.7168716
642675,1.345753081,103.7036418
738057,1.417028772,103.7577545
738058,1.417148953,103.7574295
260004,1.318832253,103.808062
639043,1.334755455,103.6448839
641607,1.338276521,103.6999348
668908,1.359220551,103.7594123
637958,1.337111377,103.6919526
627607,1.333843182,103.6988563
266835,1.318901988,103.7922023
629700,1.325296881,103.6875097
117473,1.288671618,103.7770937
657995,1.353879049,103.7406777
129049,1.321482906,103.7568347
648126,1.347878239,103.7052878
689784,1.38144490542812,103.752662653864
275892,1.327524514,103.7904484
689008,1.377491302,103.7466892
640711,1.343040859,103.6956408
117992,1.280630734,103.7917581
739798,1.417050487,103.759779
589460,1.335436099,103.7861944
688555,1.391191107,103.7516566
286855,1.336441101,103.8061987
648271,1.351601688,103.6979741
688428,1.390278019,103.7505805
609253,1.305570824,103.7515705
278198,1.31172922,103.7987117
688798,1.379407425,103.7536456
278641,1.322537908,103.7835897
650623,1.350831589,103.7493725
650228,1.348659458,103.7537946
127135,1.309056577,103.7613023
275834,1.326765416,103.7902147
640522,1.346453964,103.7166577
266121,1.321711022,103.8034776
690211,1.35725823488245,103.726234397412
691210,1.35764009240542,103.727632041993
269759,1.331021879,103.7962645
267641,1.325372276,103.7972022
278448,1.308458876,103.7986794
288831,1.331223328,103.7989887
277246,1.318169373,103.7807774
117522,1.285978575,103.7799676
648438,1.353440172,103.6978688
658071,1.338305435,103.7558832
658213,1.369586952,103.753525
658208,1.369859608,103.7535252
266534,1.319031211,103.8038267
658297,1.368602461,103.7518646
677733,1.371874971,103.7690506
596465,1.336739774,103.7687153
637021,1.303718415,103.6261975
275835,1.326765416,103.7902147
139744,1.3029725583648,103.790246164455
289416,1.333979205,103.8073605
589866,1.339993013,103.7885084
288517,1.327648233,103.8110931
128436,1.312199961,103.7497534
640761,1.349040312,103.6994598
668668,1.35788953,103.7610052
600333,1.351241584,103.7309614
288118,1.33882409,103.7897372
277506,1.319507891,103.786444
266475,1.324354773,103.8029516
670625,1.385634061,103.7603611
596167,1.355205025,103.7649246
120118,1.324917987,103.7718911
669812,1.358208319,103.7594465
640534,1.348967719,103.717106
276479,1.330674297,103.7949699
680156,1.378838254,103.7566354
648166,1.35287454,103.7093005
587907,1.344213673,103.7882792
658715,1.339682237,103.7617481
599783,1.33461685,103.7709561
599850,1.334458727,103.7724663
588393,1.344691176,103.779738
120211,1.323782471,103.7627215
670481,1.389456481,103.7722259
627590,1.28211671,103.6792444
120447,1.312870398,103.7648217
638132,1.338866578,103.6918414
691235,1.360362452,103.7313687
277520,1.320818707,103.7863421
658815,1.33830549,103.7610545
610114,1.333789443,103.7241113
287238,1.327051412,103.8082845
637616,1.350543749,103.6785705
129101,1.320197301,103.760311
739627,1.416637965,103.7583067
679773,1.371388572,103.768383
278514,1.309440969,103.7971675
278513,1.309343531,103.7972434
739697,1.415372442,103.7586241
269825,1.321448625,103.7998564
728870,1.427486897,103.7500801
277143,1.315463639,103.7822189
638742,1.314239613,103.6446421
598294,1.336249694,103.7790237
275882,1.327524514,103.7904484
119888,1.281314329,103.7980695
628381,1.305448249,103.6594901
640816,1.345313966,103.6964185
679089,1.367296071,103.7703175
728677,1.436309366,103.7462628
641660,1.335691638,103.7043017
640918,1.340579375,103.6871707
639756,1.353576569,103.6872421
279378,1.324167618,103.787844
117839,1.277697185,103.7904635
682166,1.383159893,103.7534009
140162,1.292254671,103.802857
141161,1.292063408,103.803531
140145,1.293813729,103.8050279
598397,1.345720635,103.7664757
139531,1.290115405,103.7962825
267272,1.325578599,103.7987955
118199,1.277824057,103.7892273
287626,1.332054936,103.8097907
597201,1.325933812,103.7685792
279205,1.312482267,103.7845711
639224,1.327610927,103.6470378
618300,1.322801933,103.7133155
640618,1.34155375,103.7005028
127398,1.312026607,103.7582398
128097,1.313633681,103.7573371
669430,1.353131057,103.7595204
638563,1.335147345,103.638599
596706,1.341004078,103.7695059
588586,1.334795936,103.7886372
269837,1.318597601,103.7975573
668966,1.358901657,103.7611684
598916,1.335703368,103.7663546
598638,1.343246232,103.770403
672550,1.389591186,103.767447
276909,1.31568708,103.7784034
118980,1.292331966,103.7726177
275919,1.326879264,103.7910237
267158,1.32315319,103.7983799
640418,1.351144544,103.7264731
117299,1.28088,103.7910403
277553,1.330559455,103.7924452
276577,1.322125197,103.7917318
597567,1.346699247,103.7645007
678784,1.358258737,103.7680999
642654,1.336161152,103.6979399
641656,1.335368575,103.699358
658212,1.36964267,103.7535252
128991,1.323205576,103.7540146
670101,1.379164316,103.7674393
650472,1.359189808,103.7439543
641671,1.344046608,103.7023611
266274,1.321059868,103.7917503
127214,1.314500731,103.7571107
138943,1.294765382,103.7965194
629131,1.304464298,103.6977436
609031,1.301058026,103.7386882
276698,1.317407578,103.7777207
270030,1.307747891,103.7966272
677775,1.373828489,103.7719646
619735,1.311290996,103.7249954
589191,1.342755276,103.7858621
128020,1.316413219,103.7574513
288945,1.331497926,103.80744
277943,1.316523519,103.7873781
691238,1.361854703,103.7322431
692238,1.361696769,103.7328649
692237,1.361270289,103.7327298
658306,1.368952622,103.7520145
609969,1.329112923,103.7527396
629034,1.3250955,103.6774494
639808,1.350728276,103.6862131
596838,1.338660286,103.7652025
597074,1.323865928,103.7678914
608827,1.33274428,103.7499944
679854,1.371634995,103.7695865
127248,1.315240017,103.7576127
637647,1.291552741,103.625459
698913,1.389790164,103.7264439
728666,1.435067625,103.7450424
728665,1.435169016,103.7449749
277681,1.311567768,103.7949647
658202,1.370223233,103.753521
589199,1.342451848,103.7857387
120304,1.320934209,103.7649865
120315,1.318470366,103.7654195
627527,1.268059769,103.7205863
599197,1.336451324,103.7707957
629662,1.315657591,103.6699935
629488,1.317153922,103.6672259
267965,1.319252447,103.8048
118509,1.274824039,103.7954035
275838,1.326765416,103.7902147
275839,1.326765416,103.7902147
649491,1.349227391,103.7016281
691219,1.358987082,103.7305288
691231,1.359518574,103.7320359
690128,1.35791089,103.7333107
596707,1.340979218,103.7694484
729359,1.418364563,103.7518936
289882,1.325130614,103.8126699
729341,1.40997011,103.7540597
679687,1.372957897,103.7700887
129295,1.320017803,103.7586481
597277,1.324701223,103.7665828
279206,1.312378763,103.784532
668875,1.359006111,103.7606084
275942,1.325998605,103.7917117
267539,1.326869875,103.7959171
729139,1.417822711,103.7496904
679827,1.370063954,103.769051
286783,1.329069242,103.8060729
650130,1.35106126,103.7458574
642650,1.337998306,103.6963201
601225,1.3420865,103.7368257
690416,1.37149731223182,103.743412332614
639368,1.325816119,103.6511923
279428,1.324668692,103.7871028
268145,1.317234644,103.8056292
641560,1.353357993,103.7198291
640562,1.353891982,103.7199464
640726,1.345943057,103.6971346
640826,1.346045295,103.6944236
658807,1.338218783,103.760767
688198,1.374021338,103.7391936
650513,1.354054852,103.7523202
268422,1.321770995,103.7920194
117869,1.289850542,103.7701016
640854,1.347316253,103.6960614
598317,1.332117495,103.7791597
278554,1.310815783,103.8005801
619259,1.326827986,103.7124699
588314,1.340100919,103.7860404
636928,1.29911132,103.621501
143042,1.296795415,103.807326
279671,1.326949351,103.7916237
596183,1.344581725,103.7693172
642684,1.343839994,103.7042166
138593,1.306798122,103.7730623
729577,1.412863865,103.7460157
692212,1.35650703415819,103.728145521256
649488,1.34860795,103.7029711
266661,1.328234457,103.7995336
599025,1.336585052,103.7703198
640637,1.341566764,103.6979704
128401,1.311656548,103.7512914
639729,1.346641785,103.6840459
651278,1.348108792,103.7576566
277072,1.316072023,103.7816723
288100,1.335608254,103.7900895
267033,1.314038798,103.7934074
597072,1.323815514,103.7681327
118973,1.292318084,103.7723132
668872,1.358596369,103.7604803
289936,1.330610985,103.8141886
138689,1.295430031,103.7972552
279623,1.312048408,103.7858784
629937,1.312289166,103.6804506
668996,1.359481483,103.7603608
277188,1.315347889,103.780031
127627,1.316948674,103.7549395
639128,1.327851673,103.6461574
277327,1.317449313,103.7824906
728645,1.4338573,103.7458846
640605,1.338457974,103.6995644
640920,1.339810297,103.6883187
668766,1.359509837,103.7621974
680108,1.378324137,103.7529508
680219,1.382515248,103.7453669
680209,1.382826626,103.7480145
680674,1.401553764,103.7469941
129291,1.320341202,103.7583154
669594,1.35694494,103.7615548
598956,1.332961656,103.7665277
599367,1.333128965,103.7693096
739874,1.415064242,103.758663
599761,1.336178651,103.7741873
269175,1.324368367,103.8000908
658793,1.340736619,103.7612658
658772,1.340246727,103.7603806
658796,1.340561828,103.7614204
658797,1.34051078,103.7614448
658851,1.339416243,103.7617572
589834,1.337094425,103.7871742
588269,1.336231424,103.7865098
278672,1.330584239,103.7885893
278450,1.308486713,103.79863
270006,1.31228409,103.7884039
119698,1.279281767,103.7883552
119690,1.279470185,103.7885124
139005,1.287474857,103.7983165
278854,1.315057449,103.7824088
278916,1.314964836,103.7823952
658488,1.372143774,103.7524702
627827,1.26115075,103.6751742
269430,1.322135997,103.809418
619928,1.333826163,103.7152571
648125,1.348517658,103.7049844
597100,1.32456493,103.7662701
670477,1.389239397,103.7730648
636971,1.274454145,103.6107386
668199,1.375908272,103.7560287
286773,1.328734646,103.8061794
685296,1.37691702,103.7430471
670647,1.388974562,103.7640403
127663,1.317922836,103.755117
269296,1.321963004,103.7967908
628976,1.325483991,103.6740331
629414,1.313063508,103.6593914
668276,1.376454608,103.7582247
637158,1.316715003,103.634274
637159,1.316652274,103.6343472
688379,1.390342153,103.7519057
276323,1.3147462,103.7877448
128646,1.308700554,103.7617726
739827,1.415702191,103.7578793
597654,1.332493105,103.7585127
119336,1.279727017,103.7904426
638186,1.338781983,103.6901564
129282,1.320247135,103.7573022
268649,1.321875113,103.7951265
728859,1.428409169,103.7502496
668674,1.35820217,103.7605972
640551,1.352377701,103.7169212
589640,1.333232525,103.7876616
650139,1.3511032,103.7441699
737638,1.430602584,103.754128
639742,1.347192231,103.6843011
618819,1.334999865,103.7110727
619266,1.326245278,103.7097914
278690,1.332951335,103.7906832
641200,1.343069422,103.7150141
640613,1.339782505,103.7006677
658868,1.338940756,103.7612376
640469,1.348494412,103.7212452
640457,1.350698225,103.7209051
266550,1.318792748,103.8031976
637468,1.291803631,103.6324419
287585,1.330813317,103.8107411
599538,1.323178967,103.7739326
671616,1.384834086,103.7615082
671478,1.389896094,103.7729816
266497,1.320501945,103.8045021
637976,1.337483606,103.691168
637915,1.337041736,103.6911383
739862,1.414684213,103.7581502
589512,1.336877672,103.7858123
610345,1.340207482,103.7215343
289961,1.33541509,103.8166045
268713,1.314199002,103.794817
627544,1.317161795,103.7029335
648150,1.352544125,103.6971009
640640,1.340129827,103.6966483
643656,1.335989551,103.6999742
266749,1.320865289,103.8093085
129477,1.319478363,103.7570215
289036,1.334600505,103.8081139
289434,1.334971281,103.8069805
639937,1.349424055,103.6361279
599794,1.334661412,103.7712818
680345,1.382808783,103.7447902
680680,1.403336108,103.7451317
680657,1.400445995,103.7498724
276292,1.331052472,103.7883291
679539,1.37043828,103.7653063
670275,1.376835521,103.7748258
680540,1.392874012,103.7438125
637909,1.33719225,103.6910094
612138,1.32841511,103.7243041
118812,1.292549761,103.7702935
643677,1.345352692,103.70496
641650,1.338018677,103.6969043
268280,1.315352686,103.7941947
288221,1.336351969,103.7915627
268789,1.327517635,103.7960626
629269,1.317655221,103.6664882
689236,1.390595593,103.7480241
596463,1.33685056,103.7686869
288140,1.34299617,103.7907829
684687,1.403685808,103.7515813
287562,1.330475377,103.809558
118430,1.291239332,103.7797101
650512,1.353980851,103.7527782
628287,1.262343129,103.7200767
637206,1.316312575,103.6336304
637205,1.316281455,103.6337149
658054,1.369574698,103.7532271
669955,1.357526966,103.75827
278207,1.31143348,103.7985318
269076,1.323236169,103.8067789
628471,1.330467331,103.696999
596361,1.344806007,103.7734885
638568,1.338371253,103.6369297
128554,1.305501818,103.7660131
668170,1.377038739,103.7574465
639930,1.291008415,103.6322903
117289,1.300777097,103.7760206
117291,1.300777097,103.7760206
636811,1.317617372,103.6307332
652470,1.357935437,103.7440476
275766,1.311591342,103.7840164
650377,1.359420582,103.75029
671453,1.384898759,103.771735
122441,1.314576215,103.7641589
680815,1.37658125,103.7466894
648167,1.357919108,103.7072949
278116,1.311921954,103.796844
140069,1.299257847,103.7961574
597714,1.344290837,103.7720602
650119,1.350421977,103.7468036
678725,1.367556085,103.770558
267708,1.326364684,103.7974224
278602,1.314449946,103.7889262
598050,1.335847329,103.7677069
599087,1.335801426,103.7679165
128264,1.308289033,103.7563086
288456,1.327817908,103.8102332
729919,1.405738429,103.7580097
276791,1.318088034,103.7807013
629970,1.320345393,103.6900183
118038,1.2787054,103.7912018
671457,1.387972969,103.770753
248452,1.302573059,103.8032
650240,1.35048816,103.7541778
688793,1.385573825,103.7518865
739892,1.415737809,103.759281
279505,1.32387325,103.7873606
679684,1.372869363,103.7698659
642676,1.346002188,103.7041892
668893,1.359318878,103.7600985
640941,1.343880688,103.6887953
640933,1.342103693,103.6898088
267428,1.323962548,103.7982552
267159,1.323683187,103.7984296
289257,1.332669439,103.8056406
640454,1.350928569,103.7175979
596224,1.330549303,103.7571081
638246,1.338612389,103.691963
688527,1.392553703,103.7516872
641675,1.34542577,103.7034646
138816,1.293744138,103.7976067
128983,1.323220006,103.7552927
139841,1.305898655,103.7767313
277765,1.33022384,103.7944831
277763,1.330172702,103.7946045
277762,1.330139058,103.7946649
618289,1.316177718,103.7225913
650311,1.360082515,103.7483417
650336,1.364928925,103.7483655
129169,1.322941666,103.7562557
276877,1.313948212,103.7854782
627834,1.273428702,103.7383542
289762,1.345964354,103.7904462
729038,1.419099396,103.7471266
729065,1.418375,103.7469634
278718,1.313207887,103.7924201
680508,1.388366024,103.7416431
641677,1.345630476,103.705038
599377,1.333462405,103.7694972
141164,1.291701837,103.8022788
605285,1.337578145,103.7468681
629689,1.31436498793702,103.672951275525
118198,1.278194339,103.7893802
118442,1.276511088,103.7934051
268995,1.323966328,103.8078919
648285,1.351504801,103.6974373
287374,1.328586489,103.8100592
277691,1.311788068,103.7946451
287686,1.328892946,103.8074423
640939,1.342952328,103.6890288
588533,1.340729748,103.7826715
637711,1.292112721,103.6233393
144061,1.294236426,103.8120352
739514,1.436375484,103.7545489
266378,1.31832213,103.8060295
739508,1.436535408,103.7542933
639560,1.327873645,103.6325725
638161,1.339018111,103.6908781
650426,1.361679744,103.7448974
650421,1.362517529,103.7449467
118843,1.282197016,103.7862456
688540,1.391422849,103.7522069
126851,1.308119532,103.7649943
629561,1.311558143,103.676134
139837,1.306180049,103.7761743
599140,1.335366324,103.7670362
644271,1.350035071,103.7049079
639365,1.324363626,103.6504545
277066,1.315893727,103.7818941
275829,1.319258259,103.7813345
641483,1.347313367,103.7258589
129126,1.319648283,103.7599289
669727,1.360557476,103.7626423
148946,1.29204676,103.8065976
599341,1.333041452,103.7687818
608833,1.338116586,103.7495069
609125,1.318935223,103.7346537
268679,1.329314593,103.7968513
600317,1.346679835,103.7311419
270020,1.310996632,103.7882303
689809,1.382242434,103.7383612
588103,1.338721056,103.7820034
118307,1.282297221,103.7977006
600222,1.340817221,103.7357556
119696,1.279328867,103.7883945
128693,1.30738627,103.7628322
599628,1.342126629,103.7724609
628799,1.329553581,103.6884237
650408,1.364819778,103.7449898
650416,1.363233345,103.7459885
658533,1.372305007,103.753244
690139,1.35384485427988,103.729851641852
640633,1.343260813,103.6993343
643663,1.338045317,103.7024297
288846,1.330936432,103.7998687
288865,1.331149357,103.8007135
652439,1.357214949,103.739343
609213,1.308508149,103.7284932
638338,1.336115762,103.6918499
138595,1.306755117,103.7734517
680166,1.382948702,103.7528651
277275,1.31778608,103.7818639
728696,1.410027172,103.744451
651644,1.348634338,103.7513915
637807,1.297002349,103.6250876
637609,1.307628334,103.6356092
650371,1.359259409,103.7506946
650306,1.358287839,103.7475204
650355,1.361779969,103.7505282
288097,1.334742755,103.7903513
668952,1.358676968,103.7615005
268686,1.313029132,103.7943755
149599,1.303519574,103.7982557
279563,1.322831276,103.7870476
680543,1.393709631,103.7442892
639464,1.328496111,103.6562653
639529,1.322749976,103.6614332
278746,1.309851999,103.7998896
658360,1.369726027,103.7518284
658362,1.369728269,103.7518848
638675,1.321946003,103.6583067
679769,1.371496785,103.7683745
629058,1.322997618,103.6683908
658528,1.37243856,103.7530092
589969,1.336585216,103.7860713
680534,1.392242406,103.743191
648149,1.352706612,103.696891
269183,1.323797535,103.8002955
596441,1.345694952,103.7719617
279692,1.332037293,103.7925699
266205,1.318450241,103.7925316
288497,1.327191224,103.8101025
596554,1.337334479,103.7712917
289928,1.330056936,103.8132452
266238,1.321302688,103.7926943
127429,1.31525699,103.7531057
650350,1.361438585,103.7491525
121331,1.314558572,103.7682327
651188,1.346432573,103.745354
279947,1.330659459,103.7862294
266978,1.32292495,103.8083945
588640,1.343800141,103.7879507
140169,1.290434865,103.8031059
126877,1.307414828,103.7640272
597833,1.342625221,103.7731091
119039,1.292735613,103.7688754
669726,1.360546991,103.7627226
678378,1.359310665,103.7690463
628899,1.331313336,103.6930092
619929,1.333729285,103.7151142
149456,1.294746118,103.8068303
639941,1.348242462,103.6387128
629372,1.314415735,103.6618006
628565,1.312182617,103.6898137
128574,1.306070875,103.7664718
129097,1.320550541,103.7600025
619329,1.309360819,103.7207054
279509,1.313553662,103.7835676
287629,1.332388288,103.809794
596112,1.340632738,103.768102
596712,1.340232783,103.7682553
596716,1.340629527,103.7686608
596117,1.340137318,103.768787
678543,1.36016979,103.7686173
266131,1.321692874,103.8038547
266129,1.321710577,103.8037646
266127,1.321711048,103.8037103
278637,1.319876647,103.7811304
268785,1.328699979,103.7955132
610353,1.339636047,103.7205282
668898,1.359086965,103.7596843
669095,1.35978016,103.7573851
669102,1.359512111,103.7573331
279446,1.325166989,103.7878568
670131,1.37457987,103.7708718
678604,1.367570877,103.7696782
639537,1.323528087,103.6612653
677735,1.372668387,103.7693058
277945,1.316623753,103.7872797
288059,1.348079496,103.7911726
278369,1.316702777,103.7861105
142090,1.295401639,103.8121856
640750,1.347937116,103.6991919
640543,1.351863252,103.7157986
275836,1.326765416,103.7902147
680809,1.374980797,103.7445501
680807,1.375707103,103.7444116
599169,1.333437008,103.7667856
738054,1.41701916,103.7573468
738055,1.416951618,103.7577079
738056,1.417101019,103.7573983
589958,1.336733726,103.7856056
287157,1.330576987,103.8090042
279126,1.311411138,103.785043
269275,1.320507932,103.7948539
669816,1.358192816,103.7589802
128036,1.29873864,103.7663686
279075,1.312888497,103.7832616
127878,1.312869507,103.7561709
269385,1.321910286,103.8008563
637032,1.346095541,103.6893289
640905,1.340470467,103.6852343
641493,1.349363388,103.7246591
737640,1.430457993,103.7541575
737657,1.430481906,103.7546393
684803,1.372896983,103.7443476
248440,1.302573059,103.8032
658854,1.338780485,103.7607075
658261,1.368379463,103.7518371
739518,1.436520631,103.7541845
643664,1.338211253,103.7031556
289207,1.331355408,103.8069249
129130,1.320293636,103.7593737
119245,1.292522229,103.7741334
138887,1.299415752,103.7931287
688398,1.390090886,103.7514085
288932,1.330170739,103.8071728
669638,1.36923537,103.7603972
117438,1.274915422,103.7991449
699969,1.37723333873432,103.731364442158
588797,1.336344368,103.787758
277151,1.315274639,103.7808456
118974,1.292318084,103.7723132
278604,1.315120573,103.7895231
597116,1.325783315,103.765236
288144,1.339579142,103.7896368
587797,1.340400295,103.7891084
277679,1.311482342,103.7951378
278882,1.313551146,103.7803737
118672,1.288644571,103.7763393
640435,1.352110113,103.7236879
640946,1.344200099,103.6904518
640451,1.351878748,103.7185016
640422,1.350254379,103.7263906
287639,1.327562123,103.8064643
267636,1.325950213,103.7970825
639695,1.346159283,103.6842653
277852,1.329768932,103.7934988
118411,1.29311862,103.7766902
266800,1.317297319,103.7895222
119363,1.279087807,103.7895556
650333,1.364182056,103.7477973
140018,1.30005817218833,103.798353981634
639233,1.328419849,103.649167
636953,1.272224348,103.6305622
658239,1.368408554,103.7524661
688430,1.390289204,103.7505318
637686,1.291483061,103.6249138
267917,1.317526693,103.7979503
618654,1.342006358,103.7208987
279265,1.321741497,103.7849546
597151,1.328466382,103.7659388
689458,1.377212243,103.7466608
597086,1.32381984,103.7668784
650392,1.365866084,103.7533233
637680,1.29165099,103.6245232
276197,1.312776881,103.7823919
680205,1.380926802,103.7485596
267450,1.323940654,103.7957406
279829,1.330760852,103.7917906
597123,1.325456638,103.7660086
678643,1.367849018,103.7699181
287949,1.334785481,103.8015374
690301,1.358515246,103.7378284
278621,1.317426405,103.7869757
286712,1.328811157,103.8053858
599684,1.343427319,103.7705662
271002,1.309344983,103.7955594
272009,1.307555926,103.7944436
589047,1.337664758,103.7848713
677721,1.389345886,103.7702948
289551,1.334691863,103.8000768
596153,1.344644783,103.7702654
627495,1.282000599,103.7208689
609142,1.302178167,103.7328764
636917,1.284342765,103.63156
641510,1.34808489,103.7192048
126867,1.308403526,103.7652952
650113,1.34883638,103.7451734
269791,1.319540816,103.7972206
609209,1.306819528,103.7284417
639080,1.321696187,103.6461586
269783,1.326189433,103.8010346
588685,1.335735794,103.7871185
718901,1.442564796,103.7284201
268288,1.317961711,103.7942192
118052,1.278535995,103.7910454
117275,1.298001547,103.7714668
289703,1.333880556,103.8036738
267129,1.326250458,103.7947574
269414,1.323285601,103.8098875
119279,1.302720756,103.772897
117376,1.302172474,103.7729469
139471,1.305088143,103.7770393
658540,1.371930953,103.7534831
641268,1.347980012,103.7075473
670447,1.383180217,103.7716038
288496,1.32716771,103.8101558
275975,1.326477015,103.7910334
672549,1.389737286,103.7678402
276244,1.312722981,103.7812981
641189,1.34461796,103.7111377
680514,1.390305083,103.7430879
120336,1.316679432,103.7692312
640429,1.351925131,103.7244968
597777,1.31971103411894,103.775102771247
597776,1.31971103411894,103.775102771247
597774,1.31971103411894,103.775102771247
588376,1.338222486,103.781376
658822,1.338021961,103.7613419
739641,1.417202579,103.7581033
588722,1.33564709,103.7880161
598188,1.334863818,103.7708593
690212,1.35670387082185,103.726866036855
690213,1.35686420091009,103.728055537128
680623,1.398321345,103.7473449
267647,1.325073379,103.7970215
119509,1.278952692,103.7921879
643669,1.343507819,103.7028158
659251,1.354991193,103.7515598
277164,1.31704783,103.7823095
650346,1.362471404,103.7505611
658750,1.339500359,103.7604698
266949,1.322042878,103.8069661
679175,1.3671604,103.7680995
140156,1.292985243,103.8044094
118177,1.293851711,103.7844275
128635,1.308441355,103.7622787
278997,1.310563515,103.7961072
268622,1.321322357,103.794118
286989,1.335025068,103.8056972
628903,1.332395087,103.6927581
627871,1.27258412,103.6861364
627870,1.273774505,103.6949312
267951,1.314893209,103.8023151
269589,1.323125399,103.8049043
637224,1.317718324,103.6330184
279013,1.314762528,103.7838334
637222,1.316345383,103.6349626
637207,1.316532665,103.6337091
287589,1.330649837,103.8109923
627566,1.313109258,103.7007925
650621,1.350229165,103.7483407
597901,1.344204608,103.771459
266192,1.321949081,103.8023407
598625,1.342292135,103.7709776
679639,1.370243484,103.7677503
637520,1.317941719,103.632774
679779,1.371218892,103.7683962
596491,1.337333048,103.7705846
692216,1.35618302898096,103.729775286492
691217,1.3554557916777,103.728232941984
138822,1.2932661,103.7975938
637110,1.276598378,103.6339397
640923,1.339536503,103.6897999
679048,1.365305467,103.7707078
287995,1.336627502,103.7929288
628502,1.310529135,103.6774797
670418,1.384319661,103.7688659
670405,1.381253665,103.7672571
119601,1.29093522,103.7737122
289343,1.33324452,103.8065619
279798,1.313640768,103.7900655
640752,1.348527627,103.6994288
639147,1.331541101,103.6495019
269361,1.322609435,103.7997355
637129,1.312585897,103.6330924
640561,1.354504835,103.7195528
649188,1.347710965,103.7004675
640688,1.34110458,103.7053529
638175,1.338591597,103.6908515
121502,1.312162717,103.7593526
589658,1.333438749,103.7872033
275873,1.327230389,103.7905974
642671,1.343959799,103.7018955
678140,1.37349863800841,103.764142243891
678139,1.373492394,103.7644855
588173,1.34074585,103.7762842
619614,1.33655229104357,103.725596902172
648343,1.340053987,103.7057557
670156,1.37416056471364,103.768191795152
671156,1.37472527321707,103.768051234713
648518,1.352885672,103.6996333
692211,1.35698084200593,103.72652648567
693212,1.3561594565423,103.727493125131
627749,1.259113048,103.7083263
692229,1.360444308,103.733725
691415,1.37086579260834,103.742335538107
691413,1.37086617627441,103.745257188077
649408,1.349392107,103.7201218
127569,1.314039196,103.7581099
587998,1.341478906,103.7839642
737634,1.430418668,103.7539148
598513,1.343559309,103.7675381
650186,1.346580767,103.7440854
640841,1.344551834,103.6928373
670225,1.375540494,103.7725452
627600,1.236338449,103.670849
679310,1.37094437,103.7709478
268110,1.319827857,103.8077546
117597,1.295989111,103.7817842
288015,1.348263789,103.7904736
128415,1.31466434,103.749193
698998,1.379485497,103.7288484
267198,1.323426731,103.7969302
596969,1.337966167,103.76619
629339,1.307547238,103.6660205
266431,1.319446218,103.8061421
658778,1.340371713,103.7605828
693120,1.357604318,103.7369027
279549,1.322585703,103.7858653
279673,1.326487445,103.7919357
275859,1.326904716,103.7903339
600225,1.34178121,103.7372515
678295,1.376256831,103.7708359
120607,1.304235925,103.7678534
588776,1.33543534,103.7883948
110024,1.285542596,103.7756894
127022,1.317251727,103.7562604
670226,1.375236556,103.7723684
670231,1.376029069,103.7727843
641212,1.348875496,103.7133339
640209,1.346257972,103.7151547
640259,1.345514362,103.7086356
640205,1.344854156,103.7157162
267540,1.326043149,103.7953469
267637,1.3255572,103.7973238
289297,1.334878424,103.8049899
117939,1.278804339,103.7902813
670639,1.389078278,103.761223
650173,1.346104993,103.7408255
638292,1.338352089,103.6925679
628077,1.328329436,103.7000104
589415,1.347028912,103.7884586
628516,1.24869285343284,103.669815526773
289329,1.334580547,103.8063139
126879,1.307352637,103.763886
279571,1.322858471,103.7853973
630992,1.336046572,103.6927597
267878,1.314771124,103.7972681
670250,1.380655025,103.7736987
268560,1.32464425,103.7937875
610357,1.336828968,103.7211176
598113,1.335751734,103.767722
277095,1.317171675,103.7805847
267470,1.324569814,103.7944393
289599,1.32443999,103.8118363
267977,1.319849163,103.8054946
680613,1.400639248,103.7444058
680602,1.397244183,103.7445013
680616,1.399592394,103.7447117
139234,1.307234615,103.7871976
640715,1.34374461,103.6964188
288786,1.33291084,103.8018267
288791,1.333258974,103.8017572
596743,1.342926724,103.7694944
599973,1.331029365,103.7675199
658422,1.369143531,103.7515138
658428,1.369153134,103.7517214
628842,1.330205298,103.6914955
277273,1.317836098,103.7819061
637806,1.296796558,103.6250564
641518,1.345138286,103.7188576
640515,1.346423972,103.7208981
127212,1.314559241,103.7570808
599364,1.332921353,103.7677516
126986,1.314224012,103.7552114
596141,1.336980922,103.7683308
729232,1.411367051,103.7494396
128636,1.3084332,103.762318
599981,1.329549285,103.7694247
599983,1.329273638,103.7701371
641739,1.345925681,103.7003809
128699,1.307643282,103.7630338
640840,1.344193454,103.6920911
670178,1.380233812,103.7648155
670180,1.378853657,103.7647756
640942,1.343720248,103.6893771
640944,1.344601587,103.689713
279343,1.321648615,103.7865009
600325,1.348803421,103.7289844
640609,1.337935868,103.7005865
689430,1.377008918,103.7580507
118749,1.29216421,103.7697655
679686,1.372882597,103.7700416
638488,1.312564519,103.6557163
618771,1.332064137,103.7148119
277002,1.31547116,103.7854734
659089,1.367386177,103.7511256
691122,1.358029417,103.7361948
693121,1.357744857,103.7356972
588377,1.33862752,103.7814508
588379,1.338528168,103.7821382
588378,1.338528392,103.7817708
588407,1.338194016,103.782134
677688,1.370988809,103.7728004
267575,1.326462353,103.7959271
739873,1.414916255,103.7590984
141017,1.29965100087736,103.798031741959
680767,1.393814035,103.7493987
690417,1.37138185887431,103.741461047251
269650,1.316215061,103.8000463
679087,1.367180429,103.7702631
679088,1.36724008,103.7702912
279066,1.313751113,103.7828333
277829,1.32283513967136,103.782634406923
279675,1.32685062,103.7920258
127513,1.316095623,103.754428
598072,1.33655771,103.7665231
129425,1.320370578,103.756387
691216,1.3564038458635,103.729115187414
627595,1.268176418,103.669044
639648,1.352593823,103.6882804
639607,1.32304903,103.6453488
149151,1.29172987,103.8071487
640517,1.345849591,103.7197243
668386,1.375397857,103.7579604
628385,1.298818328,103.6648572
684686,1.404117446,103.748355
289854,1.335471541,103.8089308
887327,1.433629497,103.7586479
692231,1.359454306,103.7327423
692221,1.357884298,103.7294494
692230,1.359943128,103.7332645
691221,1.358394652,103.7291088
691220,1.359003464,103.7297034
628460,1.329854457,103.6970215
692213,1.3576869654518,103.728367271312
693213,1.35692598472149,103.72856180374
650137,1.350512224,103.7449485
627798,1.30882803,103.6751847
588670,1.335137632,103.7877321
589142,1.340129174,103.785203
278899,1.313589042,103.7792809
139458,1.306629521,103.7757387
139459,1.306261244,103.7755904
286697,1.328822701,103.8051386
128631,1.308379503,103.7620685
269596,1.323184944,103.8059235
670614,1.384548503,103.7608659
668683,1.358155259,103.7599001
643698,1.340280167,103.707599
288034,1.347723645,103.7903857
670182,1.37984404,103.7634092
670212,1.374503146,103.7757604
670138,1.374570355,103.7698258
640756,1.349326757,103.7007218
619418,1.325294925,103.730882
589185,1.342623022,103.7855938
691222,1.357615659,103.730113
629958,1.24991343442103,103.673952039648
589182,1.343081193,103.7860614
640810,1.346886273,103.6954714
640818,1.345125754,103.6952141
638192,1.338473396,103.6903958
649149,1.348689824,103.6987263
127357,1.29521191,103.7664116
129675,1.29524862504034,103.766403186296
129676,1.29522771761071,103.766352041926
639798,1.343822609,103.6827738
588096,1.338900698,103.7818024
288538,1.336046434,103.8027752
287782,1.33250852,103.7993598
266077,1.312351144,103.8028635
128573,1.305836451,103.767009
275981,1.326524064,103.7906861
275945,1.32601843,103.7915363
138564,1.295057318,103.7928145
638029,1.303306116,103.6286078
680346,1.383589987,103.7449011
681673,1.401014168,103.7475242
637006,1.287100546,103.6235513
268292,1.317725509,103.7946629
598991,1.336408502,103.7682706
629107,1.327903771,103.6764473
658764,1.339971947,103.7602817
637798,1.29429036,103.6241211
683485,1.37479886,103.7389699
269253,1.318864903,103.7935288
599488,1.330674885,103.7770283
276134,1.325524587,103.7843873
690209,1.35800295170728,103.72749953356
267573,1.326399812,103.7957523
128754,1.30816573,103.7644831
688642,1.392845859,103.7520717
636902,1.274049135,103.6282634
276397,1.310158269,103.7970322
636786,1.269691866,103.6284543
637882,1.297951034,103.6313745
600322,1.348037932,103.7291655
289561,1.336055209,103.8003559
118753,1.292488338,103.769444
629118,1.325617678,103.6784097
652471,1.358597221,103.7430547
638187,1.338735127,103.6901927
632992,1.335797616,103.6936409
630991,1.335708596,103.6923843
279662,1.327783413,103.7911295
669938,1.357964568,103.7581937
597279,1.324798749,103.7663894
689453,1.37742094,103.7471526
689448,1.377516869,103.7475041
277142,1.315638798,103.7824031
637377,1.298983437,103.6398644
669443,1.353833599,103.7590669
649518,1.350764007,103.721626
658483,1.371235641,103.7513722
681671,1.402098627,103.7478974
598309,1.333392153,103.7790921
287307,1.328926136,103.8086117
648655,1.352577449,103.6980481
640472,1.348123833,103.7224939
737658,1.430430301,103.7546945
658425,1.369510261,103.7517042
129352,1.318844391,103.7590361
129486,1.319165815,103.7568107
276632,1.319762361,103.7893505
670151,1.377129628,103.7661712
670207,1.373707036,103.7748513
641517,1.345317617,103.7212543
640528,1.348321604,103.7169558
682805,1.372747704,103.7431574
597539,1.323958643,103.7655839
120412,1.310908639,103.7706643
266424,1.319518278,103.8056965
739512,1.436483433,103.7545338
287540,1.328070722,103.8096024
587954,1.344503461,103.7884026
682485,1.374299366,103.7388073
129754,1.293082922,103.768811
637701,1.290933648,103.624143
598913,1.334410144,103.7662075
127745,1.312957788,103.7580931
652288,1.346100328,103.7597547
287407,1.32665421,103.8084924
110003,1.286478583,103.7778286
138893,1.298784873,103.7937509
266515,1.321263291,103.8026889
628071,1.328729009,103.7027093
266834,1.319345964,103.7916449
588783,1.336065771,103.7884422
267777,1.322632439,103.792019
128369,1.309444173,103.75584
689016,1.37738434,103.7462569
270021,1.310103026,103.788546
119296,1.277341678,103.7910949
637536,1.318418902,103.6323816
689874,1.383401954,103.748374
677827,1.372065613,103.7740972
638552,1.336231262,103.6395908
270044,1.3081178,103.7927738
275971,1.326477015,103.7910334
275972,1.326477015,103.7910334
275973,1.326477015,103.7910334
671634,1.385798092,103.7576147
279281,1.321860563,103.7857591
629671,1.314341043,103.6683408
628742,1.331620857,103.6942533
269715,1.324344228,103.8094014
640908,1.340521584,103.6863745
639459,1.325875865,103.6555601
117963,1.27969795,103.7914396
640258,1.346187129,103.7084253
640200,1.343003962,103.7147006
654292,1.345116444,103.754845
670549,1.389932953,103.768853
268305,1.317247523,103.7929313
628434,1.301757882,103.6575021
138601,1.304736011,103.7739918
268624,1.321322357,103.794118
278880,1.313532019,103.7806073
588963,1.340457498,103.7809196
120519,1.307664096,103.7593649
690412,1.37032556183285,103.744150895467
587936,1.344503461,103.7884026
289059,1.336019158,103.8069499
683802,1.374793802,103.7426071
269499,1.322202346,103.8047256
598539,1.343741773,103.7662686
268282,1.315806812,103.7943948
640509,1.348823135,103.7192388
597646,1.328916124,103.7563982
279352,1.321898119,103.7868528
598641,1.343530608,103.770311
608575,1.335111834,103.7575037
142095,1.296089006,103.811943
278496,1.309639613,103.7974153
278484,1.309329144,103.7976593
599562,1.323309151,103.7731366
588054,1.338943558,103.7824385
739497,1.435974065,103.7541701
650403,1.365140402,103.7448651
643275,1.353124598,103.7027717
277223,1.319122407,103.7815296
680403,1.379494093,103.7388875
279910,1.31919872,103.7850061
658809,1.338247379,103.7608617
139299,1.296890509,103.7919916
637424,1.292256618,103.6442225
128584,1.306008937,103.7674806
640189,1.344426686,103.7114628
737998,1.41759969,103.7571696
737999,1.417340729,103.7574972
643697,1.340472364,103.7083547
596429,1.345207262,103.7707154
669513,1.354981015,103.7605761
694216,1.35605306908924,103.728839561755
640932,1.341752015,103.6886642
640974,1.339647178,103.6932721
648361,1.350767246,103.6961287
276475,1.330878643,103.7950456
276476,1.330833417,103.7950011
269655,1.315539638,103.8016748
681276,1.380117377,103.74417
268181,1.319435177,103.8072089
668892,1.35899102,103.7598917
276441,1.325971941,103.7920656
640725,1.345453048,103.6977155
644273,1.352255026,103.7030813
718929,1.422443448,103.7249182
650114,1.348836629,103.7460217
739507,1.436527512,103.7542378
608538,1.318657284,103.7331521
267681,1.325793269,103.7943957
127751,1.313014538,103.7583218
596403,1.345744313,103.7715162
128634,1.308400923,103.762213
120366,1.312549536,103.7716764
680145,1.381505004,103.7524669
598681,1.341729902,103.7704771
638988,1.322299147,103.6401673
729497,1.410551582,103.7438009
598629,1.342649959,103.7707334
120605,1.305384901,103.7680203
120114,1.323915477,103.7706295
644272,1.351129349,103.7044448
588853,1.340862472,103.7812524
139840,1.305907162,103.7763814
139102,1.307012747,103.7749385
139103,1.307092293,103.7746838
268154,1.317158405,103.8052083
598023,1.337730024,103.7691918
678050,1.358131361,103.7678498
275018,1.309983984,103.7926014
287910,1.334072466,103.7993305
650149,1.349282227,103.7443419
670504,1.384732239,103.7669329
640865,1.349817216,103.6954447
691416,1.37162823452204,103.742874797145
690413,1.370586796237,103.745024024253
267209,1.323963044,103.7968089
637940,1.33619255,103.6912609
597525,1.324730349,103.7649604
139952,1.297317626,103.7868384
119622,1.291504775,103.77341
638136,1.338770392,103.6917367
266226,1.315463322,103.8029419
138762,1.300167837,103.794721
123312,1.319522679,103.7640251
129536,1.318516847,103.7591803
619529,1.328862581,103.7061887
127390,1.313835293,103.7544689
629364,1.30774058,103.6669137
619264,1.324804756,103.7114612
628590,1.326096181,103.7022978
266527,1.322072896,103.8014883
271030,1.307469053,103.7971867
272003,1.308722236,103.7967508
728858,1.428944991,103.7503032
640188,1.343810091,103.7109905
644664,1.338946411,103.7027844
588155,1.347194284,103.7702808
268320,1.316869964,103.7933844
638786,1.316700217,103.6515194
278501,1.308923101,103.7975776
269884,1.318219345,103.8006604
628914,1.328353563,103.6948208
269723,1.324461794,103.8092264
127861,1.313999828,103.7557216
598671,1.344403193,103.768395
649658,1.34618225434114,103.703002254271
269424,1.322767678,103.8094534
269494,1.322910655,103.8041831
589387,1.348480979,103.7885752
669736,1.36064742,103.7620966
268753,1.327361269,103.7996986
638248,1.338513261,103.6918531
629466,1.316760215,103.6729974
119165,1.280537498,103.7885341
598115,1.341208574,103.7736017
118954,1.2787762743658,103.793009839595
118996,1.27906106751298,103.793287665527
619601,1.33430821723407,103.725440627217
619602,1.33430821723407,103.725440627217
619603,1.33430821723407,103.725440627217
619604,1.33430821723407,103.725440627217
276269,1.313173671,103.7801761
679819,1.369839473,103.7686191
669515,1.354738513,103.7606369
138759,1.300494949,103.794886
277004,1.315542071,103.7855686
689989,1.375983208,103.7442262
648749,1.35166243,103.7002876
129904,1.315539129,103.7620206
278909,1.314931045,103.7828028
658358,1.369723372,103.751777
658043,1.369786747,103.7532182
658049,1.369561751,103.752961
658050,1.369565527,103.7530124
609915,1.324800204,103.7502709
609146,1.30129662200331,103.731793391597
648323,1.343078013,103.7195447
627751,1.318787654,103.6955588
268531,1.323080811,103.7955066
692236,1.360851639,103.7324483
289028,1.334295608,103.8081818
288724,1.337187826,103.8006944
287462,1.330393415,103.8078299
628907,1.333113555,103.6930085
279500,1.32347253,103.7872062
638217,1.338550797,103.6899576
609967,1.328074913,103.7544707
640824,1.346400047,103.6941394
289625,1.330716121,103.7997741
289626,1.330747019,103.7997008
599237,1.335104911,103.7692993
278418,1.310253827,103.7992567
629456,1.317756181,103.6757687
286678,1.32825222,103.806044
598084,1.336946113,103.7655184
658597,1.370900837,103.7529235
128729,1.308209114,103.7635828
277851,1.329670957,103.7936919
628641,1.325034857,103.6854993
677971,1.397386885,103.7533438
670525,1.386592759,103.7654066
670518,1.387032812,103.7669243
140034,1.298033875,103.8049453
668847,1.358458733,103.7613584
641659,1.336850142,103.7023136
598220,1.335703764,103.7724963
637666,1.300016803,103.6281403
678124,1.372542511,103.7633252
691237,1.361289983,103.7321828
619159,1.314867497,103.7091043
688528,1.39256215,103.7517404
128469,1.302869008,103.7586238
277375,1.31801879,103.787006
640655,1.335513937,103.6981114
677862,1.371852435,103.7723226
640467,1.349491164,103.7225451
628881,1.331477496,103.6896247
289238,1.331677652,103.8060998
638640,1.32297431,103.6566324
599357,1.333436395,103.7692602
678363,1.359111682,103.7686196
289224,1.331662373,103.8066527
266117,1.321713181,103.803334
729488,1.414794688,103.7424577
639817,1.343805136,103.6840052
269300,1.322004672,103.7969041
269242,1.316271816,103.7910905
120363,1.312820683,103.768917
619034,1.327332031,103.7117375
628636,1.323767143,103.686771
267624,1.326240556,103.7978958
123311,1.320105794,103.7655735
598255,1.336264531,103.7739908
680271,1.37869966,103.7425323
119497,1.277060546,103.7911787
597311,1.326919217,103.7674363
729510,1.409009193,103.743829
128955,1.322155688,103.7551217
118889,1.281371032,103.7859782
596539,1.338174359,103.7709891
638924,1.31998865,103.6422196
598928,1.335674356,103.7659782
118976,1.292157792,103.7725421
277839,1.329341641,103.7944701
277183,1.315034133,103.7803568
600020,1.32378355,103.7385184
260002,1.317786314,103.8072628
266246,1.321212636,103.7928046
266247,1.321230841,103.7928447
120374,1.319126186,103.7669837
126796,1.298803926,103.764417
640912,1.341358007,103.6872696
267356,1.324605224,103.7956059
278801,1.316893871,103.7829527
278800,1.316757182,103.7832391
278804,1.316089463,103.7825181
638954,1.319433337,103.6452193
679555,1.371156488,103.765604
268709,1.31463776,103.795117
279212,1.312105464,103.7842704
628597,1.325677988,103.7006751
678727,1.367496764,103.7706822
648464,1.350751173,103.6982835
642275,1.352883726,103.70248
651448,1.352865118,103.7404386
597261,1.324637452,103.767634
612338,1.338139429,103.7219138
679004,1.384573177,103.7708872
691213,1.35729209906651,103.727679969434
739878,1.415211787,103.7588024
680528,1.392412455,103.741549
648648,1.352981203,103.6980792
269916,1.31824643,103.8000429
589128,1.339344987,103.7852578
269123,1.323735344,103.803675
679524,1.370845691,103.775719
658234,1.368054584,103.7525836
609279,1.302155567,103.750266
669238,1.353817102,103.7580268
648646,1.353033044,103.6980055
599542,1.323025284,103.7738518
279025,1.313919062,103.7847176
668793,1.359760716,103.7612097
129750,1.293731951,103.7685932
140165,1.290764057,103.8019164
599203,1.336290369,103.7708378
639445,1.322566218,103.6514054
278479,1.309191124,103.7977597
641187,1.345651758,103.7099972
670114,1.377855585,103.7698404
598512,1.344799882,103.7669713
598490,1.344754862,103.7670118
641665,1.340093192,103.7031243
266474,1.324354773,103.8029516
589035,1.336632115,103.7846514
597465,1.324927272,103.7675524
670522,1.386335993,103.7661654
268362,1.321900538,103.7939469
597804,1.344127006,103.7722943
597715,1.344377473,103.7720826
694212,1.35636451322226,103.727180530162
600114,1.339231663,103.734632
126767,1.299003722,103.7648456
278561,1.311179194,103.7999433
278700,1.324576719,103.7851983
599202,1.336113486,103.7703025
598448,1.345881425,103.7655267
289334,1.33414382,103.805986
678776,1.358037319,103.7682587
650154,1.347735583,103.743984
267177,1.323497054,103.7974897
118751,1.292135255,103.7693708
628897,1.33102604,103.6927852
596487,1.337425057,103.7704544
597825,1.34262497,103.7733844
669840,1.35880716,103.7581257
275846,1.327028377,103.7897894
639436,1.339339913,103.6386366
619618,1.331913549,103.7202252
652463,1.357049368,103.742308
729460,1.418287258,103.7417062
117471,1.28874055,103.7771942
288936,1.330378677,103.807202
268439,1.322193633,103.7915135
588404,1.338790765,103.7810035
287676,1.328566348,103.8072268
688434,1.390312584,103.7504263
678373,1.358921716,103.7688044
689427,1.377126816,103.75826
609215,1.306816287,103.7292452
266712,1.320097406,103.8001611
270040,1.307175908,103.7935003
598487,1.344283724,103.7668728
640207,1.346586103,103.7135684
277219,1.319410982,103.7817682
650471,1.358386945,103.7437991
658427,1.369512748,103.7517557
658429,1.3695155,103.7518119
651505,1.351709987,103.7537029
637834,1.292986971,103.6240915
596563,1.336554024,103.771959
679598,1.371814972,103.7667619
670642,1.387126671,103.7619602
670627,1.385535022,103.7593783
670505,1.384162483,103.7674837
670127,1.376491643,103.7692827
119503,1.278708669,103.792119
288595,1.335578052,103.8029794
608926,1.325256034,103.7391222
287178,1.331179593,103.8090818
688385,1.390376624,103.7517517
597090,1.323687759,103.7662069
276641,1.318609706,103.7880874
668902,1.359142475,103.7595772
277125,1.31810472,103.7803257
640926,1.340523118,103.6891902
288787,1.333257376,103.8019736
277951,1.31695207,103.7868875
289206,1.331355408,103.8069249
669959,1.357525271,103.7579113
619869,1.336603572,103.7175409
627485,1.316686657,103.7014836
659586,1.343982266,103.7512535
638101,1.309793053,103.6312307
128158,1.30869549,103.7633148
128219,1.310347562,103.7557351
287169,1.331030706,103.8087431
128093,1.313742915,103.7572833
277610,1.329030928,103.7934714
672635,1.386602752,103.7577105
658051,1.369567002,103.7530687
637382,1.296336065,103.6242187
681810,1.374546441,103.7463042
141092,1.295120862,103.81115
142089,1.295463169,103.8117852
267978,1.32077447,103.8051492
600032,1.321843963,103.7398725
120319,1.317380237,103.764787
120318,1.31803746,103.7654134
276932,1.3158779,103.7789819
267864,1.316041419,103.7975287
267865,1.315902742,103.7978661
645517,1.344567771,103.7190189
601062,1.321555206,103.7393149
598074,1.336990304,103.7658316
277442,1.319097127,103.7877434
681771,1.394532978,103.7499643
658812,1.337919953,103.7610046
650117,1.349965559,103.7471421
680275,1.379275591,103.7422297
680278,1.380093062,103.7434654
680542,1.393605018,103.7447926
277149,1.315164068,103.781367
658762,1.339916399,103.7602867
119644,1.292041397,103.7733174
288432,1.327607174,103.8112747
651468,1.356495225,103.7427127
640436,1.352086895,103.722865
638120,1.310595608,103.6298503
600123,1.334566034,103.7369907
128413,1.313783637,103.7487629
643659,1.336398275,103.7018633
275847,1.327028377,103.7897894
680239,1.379448772,103.7475484
629198,1.309348059,103.6693983
643197,1.343403195,103.7136861
589831,1.336613787,103.7869748
650218,1.347295765,103.754196
598319,1.332812773,103.7793781
129334,1.318085646,103.7576788
140087,1.304656989,103.7993096
142083,1.304825696,103.8011373
277351,1.317596268,103.7826504
689007,1.377790871,103.7463936
277438,1.318851734,103.7875883
587968,1.346946582,103.7721588
600332,1.351591239,103.7301961
640692,1.342271841,103.706612
596303,1.328934101,103.7735528
729756,1.406745224,103.769456
267901,1.316596563,103.7951424
610184,1.333321401,103.7222886
599082,1.336977697,103.7676991
638343,1.336377322,103.6920509
637936,1.336342732,103.691145
619568,1.316062507,103.7262908
618293,1.315816078,103.7239404
269266,1.319434956,103.7956186
680137,1.38004753,103.7524838
680136,1.379906137,103.7516961
680142,1.380790496,103.7519544
126992,1.315381807,103.7555007
650385,1.363483533,103.7521714
269815,1.320066399,103.7981682
128759,1.308622037,103.7643785
143091,1.301126986,103.7992936
276910,1.31568708,103.7784034
276914,1.31568708,103.7784034
650208,1.345903105,103.7488118
140157,1.293111932,103.8037302
679797,1.370665027,103.7684289
269903,1.319281529,103.7993233
650325,1.362601611,103.7474249
739823,1.415562779,103.7580342
644661,1.336549399,103.7045829
269323,1.321021041,103.797202
128704,1.307976401,103.7628497
287609,1.332559019,103.8088893
739637,1.415537611,103.7594599
596683,1.339021377,103.7695234
599048,1.336721298,103.7681268
267430,1.324273321,103.7977086
278657,1.323861914,103.7851684
619612,1.32020231632813,103.715814520578
277825,1.330211027,103.7939212
288695,1.331854089,103.8015539
279765,1.324272274,103.7834017
118913,1.292061153,103.770814
658217,1.369337193,103.7535271
266468,1.318628852,103.806479
636981,1.312346674,103.6330144
670532,1.385021016,103.764558
142038,1.297425851,103.8047105
278689,1.332951335,103.7906832
277533,1.321041268,103.7862411
588102,1.338785965,103.7819505
597315,1.327245375,103.7676256
640839,1.34357907,103.6927717
640834,1.343089299,103.6940543
658768,1.340121489,103.760293
670424,1.385738669,103.7691731
269796,1.319158551,103.7966402
117346,1.282069337,103.7836807
278583,1.312649569,103.7949547
279661,1.327871875,103.7911775
279545,1.322559375,103.7854363
129751,1.292984469,103.7687301
670450,1.384528397,103.7724317
638296,1.338587118,103.6924495
599407,1.335616192,103.7686646
658779,1.339813337,103.7614951
640755,1.348403591,103.7008452
589466,1.335648162,103.7856608
658498,1.372105473,103.7529012
597819,1.34262239,103.773589
596145,1.336930407,103.768116
644659,1.336409713,103.7024789
600207,1.337890377,103.7424281
637379,1.299554844,103.6316616
289026,1.334221109,103.8082117
638645,1.323607138,103.6571605
638391,1.342206253,103.6390231
266103,1.321445102,103.8026027
268458,1.322174989,103.7911868
278375,1.315246226,103.7875879
599831,1.335056279,103.7726923
266231,1.321599738,103.7929142
269453,1.321931929,103.8079504
288850,1.330867171,103.8000501
277689,1.311564169,103.794389
278613,1.317459094,103.7879813
669745,1.360968987,103.761219
266252,1.32092002,103.7926098
275754,1.312362172,103.7933012
589967,1.336242692,103.785965
118154,1.280269207,103.7868215
619486,1.312744001,103.7080732
678769,1.357922031,103.7683341
120101,1.322089368,103.7689334
690218,1.359629992,103.7304105
589379,1.348294755,103.7883505
287672,1.328472849,103.8071587
671646,1.3892287,103.763849
680604,1.39817542,103.744674
658861,1.338511119,103.7610141
636803,1.270019269,103.6276142
610360,1.335803034,103.7209806
610359,1.336111403,103.721401
588230,1.335738057,103.7859078
629063,1.324850559,103.6676855
628048,1.308624479,103.7009802
127781,1.313251919,103.7593541
639103,1.32779349,103.6396393
138660,1.300429271,103.7872343
639696,1.346159283,103.6842653
738028,1.416130275,103.7567604
289965,1.336942962,103.8158479
276811,1.317317757,103.7813945
598921,1.334168477,103.7664693
638238,1.337684298,103.6901128
270045,1.308617903,103.7929359
639625,1.352281902,103.6871396
278370,1.316853858,103.7860087
680119,1.379215555,103.7503994
629617,1.32081122,103.6774125
279993,1.33114412,103.7941962
640529,1.348416729,103.7161916
589152,1.340670819,103.7851246
597213,1.327498798,103.7695508
680805,1.373306683,103.7432539
118807,1.291992671,103.7681606
608533,1.335557318,103.7424168
650110,1.347544439,103.7457968
650138,1.35044712,103.7444719
648148,1.352531815,103.6966894
588665,1.33542061,103.7880249
289556,1.335511035,103.8009189
649037,1.338876371,103.6878895
640217,1.349486238,103.7110184
689472,1.376635859,103.7440981
126990,1.315265066,103.7553622
739467,1.436484076,103.7552624
128361,1.309120869,103.755414
637662,1.34877755,103.6827838
679300,1.369845858,103.7693036
669460,1.355018737,103.7588632
289715,1.335107835,103.8040714
637843,1.310861547,103.6319717
597237,1.329329288,103.7680199
128767,1.308492696,103.7649863
127492,1.315678247,103.7544358
267921,1.316850308,103.7982731
129221,1.322620117,103.7563093
668845,1.358402559,103.7613945
588279,1.337579388,103.7858807
668707,1.359004386,103.7593059
598098,1.336796359,103.7646497
596622,1.33721822,103.7661097
278489,1.30863178,103.7978945
278505,1.309013654,103.7975053
688343,1.39089092,103.7504288
628168,1.326545729,103.692016
598649,1.344115351,103.7702973
277083,1.316616938,103.7812632
650339,1.363197986,103.7508046
650347,1.362270342,103.7511929
650348,1.362135303,103.7506174
276474,1.33123001,103.7947739
600320,1.34875786,103.7307087
275940,1.325998605,103.7917117
275941,1.325998605,103.7917117
278517,1.309583655,103.797055
629851,1.319356042,103.6859371
142040,1.296813236,103.806238
287904,1.333513201,103.7989431
118888,1.281371032,103.7859782
279186,1.312445155,103.7841005
718833,1.425839988,103.7138961
669962,1.35752725,103.7576083
677848,1.373025103,103.772079
648506,1.352674104,103.699932
669827,1.358186889,103.7583711
629411,1.311119202,103.6653069
689029,1.377409071,103.745199
266154,1.322538626,103.8040282
643679,1.343923157,103.7063956
678181,1.375394617,103.7628464
289269,1.333291145,103.8049997
689104,1.399027048,103.7514505
637423,1.293109868,103.6435517
637545,1.297903902,103.6315008
267724,1.318942847,103.7989436
688316,1.391072564,103.7511857
138672,1.302628277,103.7925843
128019,1.314967507,103.7591829
640442,1.351518475,103.7194965
127735,1.312606999,103.7579985
140082,1.304220501,103.8004002
638010,1.338817748,103.6896583
590017,1.33976904,103.7725561
271029,1.308492881,103.7845981
670654,1.387846928,103.7642493
670616,1.384822072,103.7611819
688417,1.390580411,103.7508398
637673,1.292226435,103.6243555
698919,1.374699711,103.7238276
587927,1.344213673,103.7882792
639737,1.346805965,103.6843067
627979,1.326842885,103.7064478
287685,1.328939966,103.8081795
278860,1.314297736,103.7822413
629893,1.304846894,103.6768785
118285,1.285374077,103.7960178
128229,1.310162862,103.7554819
638366,1.329425336,103.6828416
628600,1.327295939,103.6999528
679603,1.371549644,103.7669733
650523,1.35669994,103.7523064
596559,1.336554024,103.771959
288980,1.332851806,103.808303
677667,1.365012703,103.7715509
677666,1.365117414,103.7718732
637127,1.312648743,103.6326984
138636,1.299110491,103.7888406
650628,1.351467395,103.7498375
628915,1.328353563,103.6948208
587991,1.339199099,103.7828364
127004,1.316685381,103.7556049
639818,1.343671546,103.6831396
127629,1.317123902,103.7548331
639739,1.346894221,103.684592
679801,1.370553053,103.7684371
587861,1.345695116,103.7761048
117755,1.278095731,103.7934089
118992,1.27817119136105,103.793649076176
640743,1.347294456,103.6991953
289962,1.335613031,103.8161906
680307,1.385234284,103.7427049
629541,1.315566324,103.6607117
677813,1.372451906,103.7738909
269827,1.321008018,103.80005
268718,1.314714845,103.7958375
139257,1.304833809,103.7868811
639581,1.322398133,103.6467213
648458,1.350911814,103.6982892
289712,1.335557172,103.8035831
639745,1.346980113,103.6848933
629904,1.318074219,103.6802512
277601,1.330136773,103.7936053
628377,1.303175945,103.6621145
278034,1.308757784,103.7986497
609080,1.332139494,103.7377925
278262,1.310381045,103.7973072
640827,1.345637888,103.6931541
670536,1.384221831,103.7637669
650438,1.358091906,103.7399582
650439,1.357357581,103.739983
729353,1.416272136,103.7514795
678277,1.369083603,103.7772146
266695,1.320400525,103.8016013
598476,1.343765139,103.7673533
127138,1.309172689,103.7614152
628006,1.327029773,103.6893725
638853,1.323739947,103.638055
648667,1.352327783,103.698404
266162,1.32244328,103.8043015
589701,1.34765024,103.7875934
118779,1.292400581,103.7683835
268673,1.330340733,103.7972455
268660,1.329712565,103.7969961
658042,1.370137367,103.7531139
287791,1.333263437,103.7996214
689418,1.377326658,103.7581436
129121,1.320216438,103.7609495
600340,1.350126617,103.7306879
670601,1.38191601,103.7624999
670624,1.386243403,103.7618376
609030,1.301739535,103.7386465
600238,1.340719307,103.7405629
739718,1.416365487,103.7581066
677710,1.371029654,103.7734699
738030,1.416175189,103.7567965
738020,1.415887103,103.7565782
273008,1.307181326,103.7941549
272012,1.309352847,103.7948733
271008,1.306514064,103.794223
629470,1.316749264,103.6720637
629659,1.316139672,103.6728355
648652,1.352898324,103.6981972
279346,1.323836686,103.7860473
138892,1.299169142,103.7937607
636819,1.317960163,103.6309428
279775,1.324457134,103.7825634
117727,1.284228452,103.7980126
266084,1.321473816,103.8018054
289923,1.330637085,103.8126231
599625,1.34174206,103.7727169
650178,1.346054606,103.7426059
589388,1.34840241,103.787967
288188,1.337086586,103.7913295
637823,1.293768135,103.6246913
598680,1.341433492,103.7706265
738044,1.416714379,103.7571602
589616,1.333029568,103.7904533
681661,1.400700937,103.7502287
648317,1.343092597,103.7178651
648320,1.342802487,103.718602
648315,1.342657402,103.7181748
650203,1.347332586,103.7489904
588224,1.335844027,103.7856373
279210,1.31220104,103.7843563
669942,1.357966044,103.7580073
648356,1.351069231,103.6965264
691417,1.37184837489565,103.741860121394
640744,1.346658893,103.6990999
659581,1.344295707,103.7481529
266306,1.322589487,103.810824
268252,1.322385902,103.7972363
688193,1.374863948,103.7399652
681691,1.401157798,103.7514717
681474,1.378638884,103.7379059
650622,1.350716438,103.7484964
609159,1.319650618,103.7368061
670035,1.38681959460687,103.755629382383
672035,1.38591914953436,103.755888275631
671036,1.38677862203083,103.755108610385
672036,1.38731727421387,103.754663277078
670036,1.38766084308552,103.755025506751
673035,1.38620611164781,103.755691125423
667968,1.364843897,103.7637276
678510,1.368734479,103.7698047
267436,1.324164796,103.7972183
269328,1.321061977,103.7973501
639741,1.346894221,103.684592
596494,1.338026912,103.7708201
277296,1.318774489,103.7823287
278885,1.313580306,103.7799387
688471,1.391919006,103.7498343
637651,1.298537695,103.6240796
636951,1.271198527,103.6318251
121420,1.309733312,103.7686373
120357,1.314082796,103.7692027
648105,1.35829443,103.7023022
688944,1.381223139,103.755585
679356,1.370295483,103.7705378
639294,1.325925548,103.6486192
628780,1.329609291,103.6921764
589697,1.34723029,103.7877881
278394,1.316458173,103.787222
278162,1.309374543,103.7987352
141074,1.30089348696434,103.796320588541
276509,1.327726304,103.7929622
278759,1.314056617,103.7813702
650217,1.346733922,103.7547278
266110,1.322397225,103.8024682
589920,1.340311051,103.7867176
668906,1.35920599,103.7594743
644274,1.352198918,103.7043799
640623,1.340327579,103.6982473
140057,1.297842217,103.796608
269504,1.323277326,103.8042793
269522,1.323029692,103.8030006
275928,1.326477015,103.7910334
627799,1.26988659,103.6817052
627811,1.253823296,103.6964963
658801,1.340229693,103.7615149
600350,1.344049419,103.7312556
643686,1.342266095,103.7043093
138568,1.300785497,103.7912633
277354,1.317604557,103.782221
286852,1.336275841,103.8062271
268751,1.32764715,103.7998004
289892,1.326976156,103.8133133
670157,1.37520303522363,103.767763344969
119225,1.296991778,103.7737579
637381,1.292601908,103.6252259
288627,1.333087014,103.8041767
670255,1.379586635,103.7730532
688395,1.390444319,103.7514497
658436,1.369163083,103.7519368
140146,1.293914777,103.8044543
140152,1.293831576,103.8026251
669511,1.355014646,103.760717
637187,1.315752734,103.6343102
637188,1.315722398,103.6343937
138640,1.305507461,103.787763
127184,1.294907809,103.7663644
128184,1.308933536,103.7641018
127018,1.318126788,103.7554064
127017,1.318282913,103.7557539
680490,1.375215182,103.7411932
117441,1.292051949,103.7699962
117442,1.292051949,103.7699962
119937,1.277664591,103.797743
629459,1.318128863,103.6741143
278512,1.309296529,103.7972812
637047,1.280752619,103.6215084
636780,1.270248326,103.6290036
277073,1.316166348,103.782179
619327,1.311166799,103.7211771
678174,1.375105625,103.7623664
118230,1.28918448,103.7889421
600341,1.349207558,103.7312561
600329,1.350139886,103.7299366
600331,1.350826504,103.7304201
119215,1.294647424,103.7789604
640701,1.342315475,103.6952811
640544,1.352393583,103.7157595
117650,1.279933717,103.7892953
597205,1.326094926,103.7690142
267180,1.323498597,103.7973216
266736,1.322624763,103.811412
680143,1.380236513,103.7532177
287650,1.327816868,103.8066975
682685,1.403637377,103.7481769
658654,1.370635882,103.7517529
688524,1.392280298,103.7520003
596428,1.345245989,103.7707669
589090,1.337601967,103.7856917
276806,1.317091172,103.7815649
629129,1.302869476,103.6973546
648594,1.353854384,103.6979829
138703,1.297387636,103.7948128
588858,1.341210423,103.7815489
669363,1.354354087,103.7601637
139006,1.287597684,103.7983721
287545,1.33015756,103.8098633
629706,1.32653746,103.6873515
278580,1.312363682,103.7971688
739696,1.415276267,103.758543
659289,1.344859637,103.7601245
276272,1.312877154,103.7803086
640710,1.342882765,103.6948548
640709,1.342549525,103.6944383
640708,1.342075242,103.6943064
640704,1.34079663,103.6951834
638497,1.307348708,103.651087
628921,1.332905507,103.6939412
139654,1.303020173,103.7751605
639490,1.321009229,103.658722
680526,1.391354054,103.7418933
601215,1.339541081,103.7383261
603287,1.337868794,103.7448742
266152,1.322562608,103.8039791
277949,1.316821711,103.7870381
596656,1.338461852,103.7691506
629575,1.314409527,103.664694
680810,1.374054618,103.7461609
627628,1.304416915,103.7124008
689674,1.386747097,103.7453201
268313,1.32430061951339,103.808993792025
688499,1.392423567,103.7506427
288977,1.333716179,103.8080208
267011,1.315318656,103.7911252
126827,1.294934284,103.7671444
627896,1.294734713,103.6665671
638347,1.336628463,103.6922427
678202,1.376779874,103.761704
640636,1.342251668,103.6978706
641682,1.343994515,103.7053963
276659,1.318519374,103.7886699
129747,1.292884738,103.7686541
279180,1.312572788,103.7842171
278259,1.310704023,103.7970203
668998,1.35949626,103.7603006
739879,1.415151896,103.7592885
126772,1.298732716,103.7646726
289975,1.336215378,103.8125212
598997,1.336181775,103.7682718
669099,1.359674316,103.7572835
637186,1.315784716,103.6342254
680548,1.393393099,103.7419377
599678,1.344978738,103.7718697
636839,1.273024621,103.6280444
278265,1.310752331,103.7968342
278037,1.308791494,103.7985937
698985,1.388923875,103.7323769
627529,1.263228051,103.7257857
277505,1.319032088,103.7863079
277525,1.320970935,103.7857521
628102,1.32566119,103.6847666
638232,1.338037519,103.6898406
637946,1.337771664,103.6914424
738656,1.419032232,103.7573078
642679,1.343908209,103.7060553
641683,1.342609031,103.7048478
268352,1.322000038,103.795637
609081,1.332671723,103.7356956
279466,1.321457908,103.7871625
143035,1.297781324,103.804948
658432,1.36915814,103.7518291
287367,1.328373982,103.8094783
140031,1.298250973,103.8039615
739791,1.417041248,103.7592329
588546,1.34139964,103.7830534
619491,1.315788939,103.7167351
278556,1.310897668,103.800245
268302,1.316379767,103.7927468
278803,1.316927863,103.7832212
658245,1.368401117,103.7523056
659205,1.362653438,103.7441203
642196,1.34278861,103.7143014
596185,1.335697332,103.7677356
639453,1.324462222,103.654808
688519,1.392512015,103.7513806
589746,1.339012078,103.786643
636816,1.318060874,103.6306728
117647,1.279762434,103.7894771
598959,1.333006371,103.7667084
598917,1.33445933,103.7663332
120708,1.305718723,103.7621678
669027,1.360887825,103.7593754
597444,1.325608229,103.7651332
120609,1.304092426,103.7655221
587937,1.344503461,103.7884026
267096,1.325295889,103.798179
677656,1.372730816,103.7693099
719862,1.422206191,103.723796
642651,1.337071716,103.6982607
118871,1.282409567,103.784531
128408,1.311315059,103.7487508
287454,1.330919429,103.8078861
691209,1.35828309501129,103.727638528735
692217,1.35504787950375,103.728635539401
596561,1.336554024,103.771959
269731,1.324575517,103.8090586
618404,1.339591347,103.7182313
639116,1.324436358,103.6433317
639117,1.324436358,103.6433317
636858,1.324436358,103.6433317
268559,1.324584374,103.7937989
269468,1.321400008,103.8052686
658508,1.371903765,103.7519394
266145,1.322149078,103.8042234
266143,1.322099699,103.8042001
674635,1.387071668,103.7576353
619027,1.327564337,103.7126162
269045,1.324258433,103.8023819
638406,1.32674771,103.6325078
670219,1.374165048,103.7727123
670144,1.375815937,103.7675635
288455,1.326597305,103.8113329
679834,1.370291451,103.7694183
669951,1.357548287,103.7584497
637522,1.317995534,103.6326304
648501,1.353048658,103.6999884
268786,1.327907018,103.7957285
128607,1.308564492,103.7614739
269966,1.323026098,103.7940981
650414,1.363576106,103.7459774
138687,1.306093948,103.7843457
275827,1.317454746,103.7869201
117672,1.289736486,103.7743575
277225,1.319027303,103.7814744
599730,1.342489115,103.7752374
589699,1.347440113,103.7877216
268030,1.317367472,103.8021775
277473,1.320486178,103.7886594
289430,1.334767916,103.8070537
629233,1.319456801,103.6658906
289302,1.335009638,103.805346
679691,1.373081243,103.7703718
637683,1.29196451,103.6250257
127657,1.318458115,103.7552205
682812,1.372980728,103.7462493
681813,1.37397667,103.7450199
637705,1.291149752,103.6236092
739886,1.415528413,103.7590812
129392,1.320845684,103.7582687
287172,1.331128011,103.8088696
636739,1.352365363,103.6915536
678759,1.357768143,103.7692798
599901,1.336779279,103.7728652
598614,1.341724494,103.7715239
599547,1.323352947,103.7735671
268620,1.321322357,103.794118
279590,1.323980581,103.7866528
680295,1.378166439,103.740968
680291,1.37870362,103.7397957
119720,1.279590981,103.7877653
668607,1.360180507,103.7624012
288501,1.326811293,103.8100762
739904,1.416455275,103.7598177
588050,1.338684894,103.7827606
668891,1.359290894,103.7601555
599842,1.334090221,103.7718788
270036,1.309174198,103.7926926
679406,1.371400483,103.7723201
287850,1.332587881,103.7997878
684488,1.376422216,103.7405047
689459,1.377222593,103.7464905
637703,1.291038683,103.623875
278974,1.310708177,103.7955771
599922,1.337187052,103.7740262
679795,1.370715865,103.7684246
637007,1.287281594,103.6236176
638322,1.339599973,103.6913061
637975,1.337427536,103.6912119
678731,1.367516737,103.7706406
642652,1.336642207,103.6979897
658368,1.369735975,103.7520448
658366,1.369733912,103.7519924
658814,1.337937235,103.7610542
678876,1.371955408,103.7644315
598892,1.335085221,103.766231
739654,1.417232718,103.7585097
739461,1.434409262,103.756015
289576,1.336072297,103.7991592
289560,1.336042445,103.8007068
268758,1.327119389,103.8002706
627572,1.255893763,103.6783891
138839,1.293849318,103.7963418
279534,1.322266837,103.7844801
688995,1.377964921,103.7471159
266705,1.320786007,103.801312
688510,1.392222366,103.7516311
266454,1.320411247,103.8066082
588014,1.339522769,103.7820517
669892,1.358018777,103.7601235
278679,1.330820906,103.7894765
276937,1.316265467,103.7795464
729499,1.413224906,103.7444745
269267,1.320044244,103.7943975
277152,1.315568407,103.782332
678728,1.367481115,103.7707254
599530,1.323547039,103.7741191
639598,1.330649206,103.6403603
637934,1.336399022,103.6911017
638163,1.338972188,103.6909136
278303,1.314272529,103.7796927
129380,1.321387396,103.7582227
599349,1.333093812,103.7690218
599697,1.34442284,103.7706259
277268,1.318275417,103.7817266
629731,1.326929592,103.694501
629046,1.323689057,103.6737848
267745,1.321113537,103.8101873
689475,1.37663279,103.7439393
648295,1.351489387,103.698025
648294,1.351490966,103.6979709
267858,1.314861362,103.8011493
609433,1.334526661,103.7354501
640271,1.350530188,103.7038874
266919,1.323808062,103.8081464
680510,1.387947563,103.7413782
268255,1.322872735,103.7971346
679685,1.372930775,103.7698765
266374,1.318519162,103.8062085
629754,1.326102985,103.6853297
678711,1.368362908,103.7703088
287563,1.330475377,103.809558
129428,1.320106539,103.7561414
638094,1.310183935,103.630177
279538,1.323136447,103.7860861
689579,1.39729776,103.746525
138664,1.303803388,103.790048
638349,1.336734436,103.692318
636824,1.317796882,103.631379
627553,1.312605807,103.6996171
627565,1.313202678,103.7010074
287940,1.334205482,103.8007054
587950,1.344503461,103.7884026
120419,1.310218352,103.7695898
138547,1.302918032,103.7919357
289964,1.336398028,103.8159618
289557,1.335642469,103.8011519
588646,1.343800141,103.7879507
138642,1.302204401,103.7899075
649882,1.348323233,103.7113802
669920,1.357940772,103.7589839
278166,1.309456186,103.7986468
139167,1.305861554,103.7750122
269582,1.322654579,103.806346
618305,1.324948773,103.7100401
128168,1.308782937,103.7636302
643652,1.336642549,103.6972028
266429,1.319288584,103.8063133
598244,1.336572131,103.7736366
597367,1.326951416,103.7684611
127818,1.314822872,103.7558071
127828,1.314566487,103.7560605
127821,1.314313132,103.7555836
269249,1.318214594,103.7931358
138542,1.299254682,103.7896077
129180,1.323000394,103.7570223
678368,1.357985423,103.7690421
600321,1.348358186,103.7300922
600326,1.349021824,103.7296093
639824,1.351831413,103.6928172
629636,1.32093432,103.6757293
597494,1.32865321,103.7680156
640913,1.34189152,103.6875769
640902,1.339116457,103.6866098
608542,1.317389153,103.7324001
680228,1.380947507,103.7464958
278610,1.316401081,103.7881662
739896,1.416092476,103.7595002
589229,1.343068572,103.7855667
639767,1.32702979064737,103.651093899319
276850,1.315000949,103.7838888
588641,1.343800141,103.7879507
688440,1.390359486,103.7502159
678757,1.357762535,103.7691446
266511,1.31985831,103.8029479
680444,1.381617545,103.7374518
600119,1.336083677,103.7355703
638028,1.304035891,103.6282934
288101,1.335819317,103.7900849
639444,1.320759006,103.650979
276999,1.315366001,103.785226
589633,1.334379835,103.783201
599264,1.334513918,103.7693033
599065,1.334731703,103.7680556
642180,1.347835999,103.7090708
128105,1.313421689,103.7574794
589855,1.338717246,103.7881408
640757,1.349677081,103.7007741
650102,1.347458339,103.7474733
267529,1.326899246,103.7967804
589084,1.337207895,103.7856971
639382,1.32296721,103.648227
653292,1.344975788,103.7536147
278495,1.308753989,103.7977636
269474,1.322467974,103.8051697
648170,1.360423421,103.7062189
598724,1.354153255,103.7687055
266803,1.317844173,103.7884127
276564,1.323327911,103.7920456
612341,1.33985207038761,103.721849220775
289399,1.333083814,103.8077313
118005,1.280381389,103.7910904
599543,1.32340519,103.7736095
117356,1.296859536,103.7703325
118175,1.281781811,103.7895956
118846,1.282458145,103.7860884
118729,1.290771122,103.7710582
643668,1.341332844,103.703404
596497,1.337967526,103.770943
637523,1.318021786,103.6325601
650233,1.348825265,103.7551276
650128,1.351682724,103.7456046
276340,1.310927219,103.7992768
276337,1.311282883,103.7994499
597806,1.321611859,103.7775389
609605,1.341272188,103.7384104
141087,1.295730427,103.8097599
640437,1.351571341,103.7239646
640825,1.346190091,103.6932285
627626,1.284455532,103.7249255
119670,1.281550044,103.8003034
269505,1.322364585,103.8046171
739902,1.416395728,103.7597656
688482,1.392045885,103.7504724
119887,1.281167917,103.7993892
269502,1.322252324,103.8046848
279527,1.322173506,103.7840727
279525,1.322146625,103.7839875
288526,1.325161702,103.8122935
688845,1.383190293,103.7518783
596796,1.339092399,103.7645777
637048,1.276605298,103.6204033
641218,1.349968587,103.7105396
598493,1.344819201,103.7664022
658308,1.368955126,103.7520659
641681,1.344408627,103.7051952
289341,1.333146301,103.8066741
640766,1.349804977,103.6977619
659633,1.345733055,103.7522266
276472,1.33109924,103.7951146
588482,1.340807463,103.7815389
689474,1.376633832,103.7439887
587928,1.344213673,103.7882792
126740,1.316875995,103.7592885
639519,1.330569431,103.6509764
118186,1.280469887,103.7907902
117294,1.280992711,103.7908075
268203,1.318123247,103.8025078
128990,1.323058187,103.7543667
639730,1.347192231,103.6843011
266096,1.321699107,103.8020863
278071,1.309930784,103.7978852
278067,1.309835783,103.797959
266225,1.315928046,103.802914
279330,1.320240425,103.7868277
678634,1.367301726,103.7698623
600406,1.318821473,103.7492264
129218,1.322456057,103.7559959
129183,1.323162633,103.7565469
629941,1.315954185,103.6808275
636954,1.272728712,103.6335052
609028,1.302379206,103.7390905
658499,1.371570998,103.7517091
688556,1.391525273,103.751751
689887,1.383039173,103.749185
739555,1.436046521,103.7575644
599532,1.323550717,103.7739884
143060,1.292938642,103.8117
279349,1.324278493,103.7854344
266244,1.321168156,103.7927064
629633,1.312119116,103.6778496
680341,1.38435517,103.746146
640419,1.350933871,103.7271727
629099,1.327487904,103.6752003
117487,1.285332611,103.7804617
678942,1.372331871,103.7666561
681146,1.381066804,103.7531407
128394,1.312143045,103.7520471
650318,1.360945938,103.7472824
650316,1.360576605,103.746834
598042,1.337039262,103.7674903
128820,1.317595922,103.7594447
128815,1.317334346,103.7591825
128817,1.317469858,103.7593146
289188,1.330628386,103.807055
640548,1.353665356,103.7161015
278311,1.314467483,103.7790904
640203,1.34413571,103.7156575
690216,1.35598489426627,103.729538554324
669028,1.359863975,103.7595628
118876,1.2821662,103.7848459
650214,1.347299983,103.7528944
718876,1.444795225,103.7138551
268290,1.317841939,103.7944304
278264,1.310373239,103.7972419
588857,1.341145114,103.7814995
120335,1.316994112,103.7685066
279841,1.331122072,103.7908487
638564,1.3369677,103.6363543
670136,1.374610561,103.7687536
598765,1.340553113,103.7667013
639011,1.27664991382335,103.617847309772
288618,1.331970463,103.8028948
639665,1.351612343,103.6875308
289205,1.331251815,103.8070225
680523,1.391559178,103.740845
680529,1.392192181,103.7421435
637613,1.299250313,103.6283011
638714,1.316525651,103.6451913
680213,1.382172954,103.747212
678713,1.368547091,103.7704763
641967,1.340801628,103.6933032
596173,1.353726745,103.7651238
690244,1.361249368,103.728968
269443,1.321951681,103.8086397
277445,1.320922096,103.7893081
139530,1.290212179,103.7966654
138688,1.294832138,103.7971483
648675,1.352163967,103.6986414
668990,1.359403741,103.7605221
596624,1.337005067,103.7661385
597366,1.326598023,103.7687468
658743,1.339760546,103.7607361
128639,1.30877115,103.7622209
637419,1.307974039,103.625625
610342,1.34066134779164,103.72194945252
644648,1.33943037,103.697684
618403,1.300740874,103.7194478
143030,1.298688206,103.8042166
637086,1.273200003,103.6324386
278343,1.315043141,103.7874059
688498,1.392178145,103.7512573
289552,1.334532434,103.8003599
693134,1.35477345250043,103.730397349065
277383,1.318706479,103.7879311
729465,1.416788946,103.7420087
266823,1.319168687,103.7912255
267218,1.324156577,103.7968011
287194,1.331036319,103.8101023
138885,1.299019059,103.7929698
628473,1.331172211,103.6969801
679586,1.371335955,103.7666005
589218,1.341468802,103.7845564
644697,1.341372277,103.7082792
671225,1.375003274,103.7730752
679594,1.371702792,103.7663248
260001,1.317266295,103.8067829
636785,1.269702959,103.628938
289789,1.332732554,103.8031124
588957,1.340573033,103.7804896
587987,1.3386944,103.7831723
117370,1.279305768,103.7852526
278164,1.309409593,103.7986965
677806,1.372387322,103.7735799
683812,1.372760983,103.7459178
287535,1.3277184,103.8094957
278054,1.309466039,103.7982767
139003,1.287474857,103.7983165
636885,1.268863551,103.6286862
680406,1.380373895,103.7402096
680401,1.379692642,103.7397607
680413,1.381327922,103.7425685
650452,1.352486375,103.7420746
598175,1.335686229,103.765282
286986,1.335272657,103.8060461
267860,1.314366653,103.800921
277608,1.329129094,103.7935093
140118,1.306751329,103.8006934
267382,1.32523107,103.7942935
680524,1.391578626,103.7411579
680515,1.390181172,103.7435706
680274,1.37936988,103.7428687
688643,1.393123316,103.7523236
279749,1.323015847,103.7835094
596312,1.342095385,103.7748003
279360,1.324073621,103.7858572
597538,1.324084332,103.7652829
118579,1.279486701,103.7857562
670209,1.374161767,103.7758404
119220,1.297008879,103.7754244
719845,1.370445173,103.6938259
267009,1.314684645,103.7910604
118187,1.280443283,103.7908347
117296,1.28095342,103.7909027
643180,1.348429168,103.7087206
277233,1.318650773,103.7811736
276521,1.327484508,103.7939584
619625,1.33119597,103.7119043
596660,1.338039344,103.7690572
269604,1.323373741,103.8050593
127584,1.313331165,103.758545
651233,1.34904853,103.7558286
670213,1.374402605,103.7754674
599012,1.336221869,103.7688322
681485,1.374618108,103.738365
289331,1.33468204,103.8064516
289553,1.334766315,103.8004827
268461,1.321459319,103.7922486
627449,1.245588133,103.6827537
739818,1.415215995,103.7578023
688993,1.377985153,103.7471989
117398,1.281345693,103.7847123
670638,1.388930502,103.760831
638218,1.338494051,103.6900014
619970,1.32923863,103.7172301
117703,1.280892647,103.7838599
598952,1.334923878,103.7657444
636938,1.270718339,103.6330975
279669,1.327387018,103.7917465
279107,1.31185058,103.7840741
275769,1.322474085,103.783495
126862,1.307774295,103.7644911
679782,1.37066829,103.7692636
638360,1.332350268,103.6873903
267639,1.325419673,103.7972581
599415,1.335256791,103.7692953
279207,1.31230846,103.7845086
269431,1.322108343,103.8093731
678926,1.372516048,103.7660845
668332,1.376517801,103.759775
130018,1.308083436,103.7830572
628372,1.301630228,103.662902
275969,1.326477015,103.7910334
641653,1.336891377,103.6966388
640646,1.339461143,103.6971106
276570,1.322912932,103.7918851
275888,1.327524514,103.7904484
275889,1.327524514,103.7904484
278425,1.309990317,103.7990189
718871,1.441895529,103.7210655
270002,1.31237873,103.7869715
598238,1.33639229,103.7733991
650260,1.350912592,103.7590211
128017,1.314416812,103.7591641
671170,1.378904492,103.7655672
729231,1.412713218,103.7495136
138810,1.294097079,103.7975379
268443,1.322339755,103.7915344
688531,1.392674814,103.7518868
119112,1.280521207,103.787253
668188,1.376223479,103.7567256
266128,1.322594023,103.8031086
266134,1.322653764,103.8032958
266662,1.327965346,103.7992911
267168,1.323134713,103.7979697
608595,1.336228409,103.7518818
287550,1.330287345,103.8099011
269112,1.323844217,103.8050171
268627,1.320649612,103.7944742
609731,1.333323126,103.7401871
266597,1.327139545,103.7971491
719881,1.42122005,103.7181833
287631,1.332119124,103.8094385
599638,1.342260987,103.7717327
288807,1.33341088,103.8008912
680470,1.378177516,103.7371072
268182,1.319394144,103.807161
279151,1.313703983,103.7835575
117525,1.286551096,103.784086
671455,1.387567357,103.7712122
588731,1.335805848,103.7875334
739855,1.41525478,103.7574011
288654,1.337101787,103.8040607
267092,1.324263177,103.798148
688593,1.391496287,103.7506152
267439,1.323835843,103.7976946
596948,1.338175095,103.7655748
268796,1.327595377,103.7950071
608581,1.33600189,103.7539475
268172,1.317782176,103.8053816
598133,1.341506522,103.7727358
648683,1.351997888,103.6988828
278507,1.309060879,103.7974679
117549,1.295387264,103.78051
669231,1.352991321,103.758798
618692,1.333933847,103.7158599
279859,1.332203392,103.7926248
597033,1.342789441,103.7740473
279285,1.321976231,103.785976
279069,1.313092857,103.7831266
737870,1.430703974,103.7538328
277068,1.315963197,103.7818739
277466,1.320082265,103.788468
118196,1.278206964,103.7892566
118194,1.278233792,103.789181
668791,1.359698215,103.7613053
671446,1.383777987,103.7713507
640546,1.352700205,103.7152171
637432,1.29926136,103.6294189
118523,1.277314778,103.7965279
688192,1.374937891,103.7397398
637576,1.299826146,103.6260043
267402,1.324867583,103.7942405
598723,1.354304743,103.768281
639597,1.331891047,103.6390474
729032,1.420027077,103.7495961
688267,1.376684679,103.7537122
618691,1.333714416,103.7161741
639691,1.345705221,103.6841747
639692,1.345705221,103.6841747
279700,1.332200544,103.7921053
279865,1.332458673,103.79191
279157,1.313005537,103.7836479
120424,1.309540132,103.7705008
120418,1.310175719,103.7700032
629986,1.321970093,103.6880684
668298,1.37733213,103.7591085
269772,1.329046362,103.8011462
639633,1.35288391,103.6871889
127314,1.293736394,103.7665983
658817,1.338334647,103.7611508
278520,1.309727454,103.796943
598159,1.336212611,103.765181
619570,1.31682814,103.7278555
648226,1.352103939,103.697934
648242,1.351910027,103.6978751
650212,1.347192811,103.7522173
638672,1.322738644,103.6571708
629084,1.328286753,103.6741489
266078,1.312868828,103.802964
597906,1.344724432,103.7716189
276808,1.317277295,103.7815618
269716,1.324373542,103.8093578
269722,1.324461794,103.8092264
609036,1.30536153,103.7377058
640716,1.344097604,103.6967239
589166,1.341515194,103.7850571
628910,1.328362607,103.6948214
140067,1.298799808,103.7962589
140061,1.298329201,103.7966068
588532,1.340501016,103.7821732
596640,1.338580102,103.76839
275883,1.327524514,103.7904484
138896,1.298435728,103.7936458
598292,1.336842176,103.7793138
275840,1.326765416,103.7902147
275841,1.326765416,103.7902147
629854,1.318022417,103.6876946
288449,1.327012565,103.8109576
277205,1.315559085,103.7793254
276318,1.315404269,103.7880546
289022,1.334019773,103.8082642
589367,1.34756044,103.7884411
680236,1.379815812,103.7482096
680214,1.382760163,103.7467177
278630,1.319609562,103.7816626
589101,1.338004353,103.7856738
608511,1.334834493,103.7412661
588337,1.341043836,103.7853637
597049,1.343659677,103.7738639
596934,1.337881926,103.7657562
640650,1.338689378,103.6968474
118868,1.282545647,103.7843991
737652,1.430843301,103.7545656
118912,1.292065853,103.7707529
276867,1.315094313,103.7848346
269967,1.322850779,103.7940384
141202,1.288852488,103.8006292
638550,1.336422608,103.6401303
688478,1.392228495,103.7500143
268678,1.32975732,103.7966409
669945,1.357557755,103.7586984
289274,1.333607129,103.8052496
269634,1.313351097,103.7998113
739777,1.416454696,103.7576772
638434,1.331404797,103.6363367
648135,1.341900964,103.7002636
637804,1.296170717,103.6248205
128238,1.307842262,103.7568666
127504,1.316176823,103.7539917
650224,1.347722758,103.7525671
287091,1.337889854,103.8050646
140155,1.292978459,103.8047861
266465,1.319049805,103.8068051
642697,1.340679309,103.7084455
599790,1.33438916,103.7706103
127876,1.312996052,103.7560891
279467,1.321042154,103.7872375
275974,1.326477015,103.7910334
648763,1.351304105,103.7009006
639273,1.334378513,103.6433908
648152,1.351926143,103.6967374
669739,1.360610952,103.7619205
289288,1.334424793,103.8049529
289235,1.331619068,103.8061429
289211,1.331090163,103.8066372
287126,1.329778548,103.8092065
269777,1.328877739,103.8016099
119419,1.274497188,103.7945195
126766,1.298975,103.764784
140130,1.292721267,103.8148357
268518,1.322281648,103.7954343
677749,1.372444524,103.7726707
279546,1.322490598,103.7855266
287697,1.329232697,103.8076695
598566,1.342996213,103.7671102
650238,1.349832265,103.7547382
636936,1.269554319,103.6329478
673634,1.385726106,103.7579755
641494,1.349557514,103.7243291
119614,1.290661309,103.7769816
678211,1.362448527,103.7671489
138543,1.298728991,103.7898333
668676,1.358277988,103.7604498
669013,1.35970634,103.7599532
288569,1.330451368,103.8112681
279420,1.324591956,103.786659
737961,1.415997375,103.7554882
655288,1.34525093,103.7583612
118977,1.292331966,103.7726177
275946,1.32601843,103.7915363
650263,1.350291537,103.7590904
668989,1.359702731,103.7608042
598998,1.335849402,103.7685176
288973,1.333738525,103.8078061
278992,1.311711469,103.7952632
278993,1.311778489,103.7952579
266113,1.321712047,103.8031634
678912,1.372355002,103.7656124
598215,1.335062295,103.7720856
117319,1.281322062,103.7900803
118168,1.280596876,103.79046
118167,1.280945772,103.7898661
117322,1.281262297,103.7902241
278005,1.310944328,103.7971623
269367,1.322105864,103.799984
640948,1.344408267,103.6909587
120364,1.312406419,103.7687523
267500,1.324424751,103.7941476
653470,1.358368234,103.7441042
690133,1.356010897,103.7311278
691412,1.37088894628853,103.744033973735
690411,1.37003982906835,103.744697897608
596695,1.339818263,103.7692976
279708,1.332375073,103.7916274
655289,1.34463617,103.7590468
598108,1.33667714,103.7675443
599912,1.336775946,103.7734907
269714,1.324344228,103.8094014
269718,1.324402789,103.8093143
629071,1.327848788,103.6713319
287473,1.329165772,103.810034
669623,1.354017399,103.760789
127414,1.311539251,103.7572816
597537,1.3240171,103.7656159
288057,1.348129621,103.7915153
596988,1.338639581,103.7665434
267211,1.324025628,103.7967866
269892,1.318033975,103.7991977
638039,1.30929797,103.6292853
688363,1.390239311,103.7523617
650141,1.350441718,103.743212
588237,1.335610272,103.7862844
598374,1.343828723,103.7680691
603289,1.340336624,103.7459139
650447,1.352696139,103.7398099
639637,1.353174678,103.6874979
139393,1.302078575,103.7874799
288457,1.326434502,103.810469
598918,1.335697705,103.7662945
269785,1.317989039,103.7975119
670106,1.377902,103.7674123
692132,1.357499181,103.7323524
599354,1.333182332,103.76811
269518,1.323230528,103.8033534
600413,1.319510102,103.7479472
600318,1.347508229,103.7305607
600372,1.348658234,103.7317895
659590,1.343765773,103.7496862
128243,1.309942741,103.7551801
688447,1.390438491,103.7499533
287244,1.327265274,103.8079843
276945,1.316265467,103.7795464
652431,1.36119834,103.7426306
268793,1.327854302,103.7951535
269587,1.323081982,103.8049717
670516,1.387351938,103.7670418
670531,1.385550676,103.7642364
127424,1.312040999,103.7572166
610157,1.328616336,103.7216514
278428,1.309885092,103.7990795
267036,1.314170944,103.7923027
118993,1.27840428200291,103.793978354564
267339,1.324767039,103.7970966
269641,1.313587324,103.8005858
118108,1.279533439,103.7907692
639638,1.353095785,103.6875298
639639,1.35296313,103.6874935
269525,1.322940303,103.8025947
268347,1.321429936,103.7954461
678034,1.398191172,103.7538996
277535,1.319349897,103.7871785
610348,1.340609942,103.7197823
729248,1.413532036,103.7469633
598547,1.343819594,103.7660198
279246,1.321498547,103.7839376
640470,1.348124567,103.7211591
640497,1.34942303,103.724281
288982,1.332938584,103.8083192
588274,1.336563643,103.7866486
279389,1.323092782,103.7876812
637938,1.336296041,103.691181
628839,1.331054183,103.6943003
678792,1.358644919,103.7679562
289293,1.334762327,103.8049797
117593,1.296763246,103.7810763
118953,1.2971493186602,103.781230865333
658477,1.371129702,103.7512456
598615,1.34178418,103.7714864
269184,1.3237288,103.8002212
279094,1.312268804,103.7832527
127732,1.312886636,103.75774
118183,1.280397104,103.7906084
659521,1.340284097,103.7570985
628614,1.3240057,103.7021027
684684,1.404678203,103.7468001
650121,1.351625571,103.7480114
267833,1.313328678,103.797418
128823,1.317024375,103.7603496
120201,1.32014419,103.7632535
601035,1.319620851,103.7422393
601041,1.321586496,103.7415689
287632,1.332182253,103.8094394
287627,1.332120635,103.8097909
639667,1.350494182,103.6879531
670210,1.374190776,103.7762562
670141,1.375871562,103.7681357
129539,1.317823587,103.7589499
277885,1.328874125,103.7922547
128946,1.322292089,103.7570228
119524,1.278232358,103.7916433
129056,1.321424397,103.7563737
268637,1.320312954,103.7942169
651467,1.3565186,103.7438625
718860,1.43675613,103.7104642
640659,1.33723219,103.7021345
588913,1.340956623,103.7799769
279603,1.32411836,103.7874023
670205,1.373430254,103.7739241
117569,1.294965513,103.7712216
680603,1.397878251,103.7443634
680605,1.398106117,103.7435559
680625,1.398630652,103.7460341
680601,1.396933631,103.7449217
668323,1.376176248,103.7600225
279016,1.313154793,103.7846656
129189,1.323581549,103.7560386
129258,1.318758017,103.7584821
668946,1.35857223,103.7616475
637614,1.300199646,103.6280464
588861,1.341446936,103.7817315
689762,1.38143124,103.7471537
269278,1.32069814,103.7950719
277405,1.319745684,103.7886401
640819,1.345783937,103.6949862
277878,1.328536734,103.7920733
689810,1.385672721,103.7441391
128728,1.307576319,103.7638994
610363,1.33658939,103.7201863
610362,1.336161553,103.7197834
729918,1.406145784,103.7585202
279845,1.331557326,103.7907381
275874,1.327230389,103.7905974
275875,1.327230389,103.7905974
275877,1.327197488,103.7902956
629264,1.319000687,103.6661391
596198,1.339692526,103.769845
599173,1.333873292,103.7675145
609757,1.32474124317482,103.743354276245
589858,1.339163316,103.7879384
597136,1.326945571,103.7657831
698897,1.372818017,103.6953364
670214,1.374941101,103.7748564
678617,1.367353229,103.7695018
276563,1.323327911,103.7920456
599036,1.337037615,103.7706622
739714,1.416187033,103.7582707
599914,1.336844465,103.7736036
277881,1.328328108,103.7920105
600216,1.339530845,103.7378094
288723,1.336742586,103.8010408
279985,1.330938663,103.7947738
640852,1.347446749,103.6928279
599619,1.342092694,103.7728478
117588,1.292938439,103.7744749
587930,1.344213673,103.7882792
599429,1.335783929,103.7698585
718930,1.423091181,103.7323829
277193,1.314996747,103.7797856
627608,1.333914708,103.7000418
639220,1.326691292,103.6467491
597021,1.342127861,103.7741804
268113,1.320047024,103.8075215
269464,1.321421746,103.8056657
279440,1.325060334,103.7872399
277880,1.328470742,103.7920437
597416,1.328447852,103.7687322
268756,1.327265335,103.8003211
628944,1.324158381,103.6693108
640980,1.339117748,103.6936715
659249,1.355418273,103.7527585
267954,1.315419193,103.804494
638910,1.27624555402535,103.639224082134
669621,1.357148514,103.7582944
288930,1.330108287,103.8071783
129197,1.324134513,103.7556361
288137,1.341938962,103.7907266
596585,1.337427234,103.7646815
278711,1.313516461,103.7908963
719865,1.423220183,103.7235625
269362,1.322605921,103.7999333
287466,1.330145714,103.8078555
269813,1.320418333,103.7986032
600108,1.338380444,103.7372829
600109,1.338361705,103.7359112
648280,1.351615558,103.6974405
650394,1.366423112,103.7526886
129190,1.323621917,103.755974
668388,1.375656097,103.7584089
589446,1.334828099,103.7879958
668669,1.357856701,103.7610535
669678,1.378276249,103.759416
278153,1.309214498,103.7989801
278160,1.309306452,103.7988182
118157,1.28047095,103.786839
598250,1.336841474,103.7740081
640424,1.351057551,103.7248859
737642,1.430430491,103.7543902
603240,1.340639044,103.7424745
145053,1.292994603,103.8085858
689684,1.387367581,103.7437637
600323,1.348390137,103.7289864
276853,1.315384135,103.7841459
668187,1.376252735,103.7567791
668190,1.376158315,103.756606
139154,1.304404315,103.7762216
598384,1.344846529,103.7677583
127472,1.317088544,103.7529556
118181,1.280340759,103.7906966
118184,1.280525177,103.7907025
117318,1.281161599,103.7900158
110005,1.287365202,103.7765938
729508,1.415221699,103.7437334
739781,1.416762405,103.7578614
117290,1.300777097,103.7760206
589039,1.336984023,103.7847391
277602,1.330067875,103.7935889
118739,1.291815539,103.7704418
266147,1.322108537,103.8038161
276809,1.317248573,103.7814798
689812,1.38493874,103.7450225
640763,1.348743879,103.6982987
117929,1.278680818,103.790545
637951,1.337520314,103.6916372
729378,1.422639923,103.7522182
149868,1.290710288,103.8050948
266190,1.322032792,103.8025107
266191,1.321979447,103.8024034
636742,1.353846946,103.6917897
627752,1.319965429,103.6946073
629876,1.306793061,103.6783696
642659,1.336907297,103.7019821
640630,1.342661828,103.7002088
643653,1.335425627,103.6969347
640639,1.340695717,103.6968843
640608,1.337974716,103.7001717
128770,1.308655789,103.7651756
277901,1.328624465,103.7938884
628843,1.331054615,103.6939768
287253,1.328036514,103.807934
287138,1.32995298,103.8088762
598286,1.334793604,103.780655
609079,1.330841916,103.7382088
278292,1.314625031,103.7802199
139935,1.294339549,103.789089
277817,1.330108158,103.7941659
266166,1.322269855,103.8037989
279409,1.324504644,103.7860262
278922,1.314251534,103.7806738
289545,1.334317194,103.7987653
688396,1.390079837,103.7514571
286917,1.337719358,103.8055039
276290,1.330506373,103.7873868
279740,1.32512439,103.7831648
599818,1.33412183,103.7712499
678415,1.3593821,103.7682086
247675,1.294443584,103.8149662
658460,1.369201959,103.752633
619341,1.308738546,103.7223559
680763,1.392848536,103.7485572
718911,1.423127066,103.7169248
276267,1.313322551,103.7801217
627727,1.309097226,103.6779883
669063,1.360167628,103.7578207
596138,1.334308855,103.7788134
589661,1.332977801,103.7872321
268427,1.321680687,103.7914369
279830,1.331129905,103.7919407
650202,1.346597858,103.7484484
277013,1.315925423,103.786115
118326,1.209804158,103.7926345
596532,1.33834684,103.7715051
287749,1.328007656,103.8085548
277814,1.329697346,103.7941931
267530,1.326888241,103.7966586
599767,1.335696148,103.7740041
689528,1.399311519,103.7488067
117316,1.281121599,103.790112
128812,1.317203295,103.7590395
618473,1.340121982,103.7191659
269470,1.321815936,103.8050615
599040,1.33636851,103.7691208
270041,1.307620049,103.7934635
638016,1.338580092,103.6893563
638273,1.338165688,103.6920942
643988,1.335743987,103.6957769
640861,1.349552294,103.6967081
650527,1.357078842,103.7515452
118192,1.28078288,103.7908249
140030,1.299106097,103.7995619
127567,1.313948347,103.7581687
596709,1.339623732,103.7689944
649297,1.347594593,103.7182121
629971,1.321134978,103.6912975
629949,1.314113454,103.680738
629926,1.314857355,103.67937
679848,1.371321503,103.7698757
279328,1.319856676,103.7869048
128811,1.317161274,103.7589961
648407,1.353010433,103.6983981
679805,1.370412572,103.7684478
638720,1.313517542,103.6425614
679326,1.371522992,103.7718382
601021,1.323638045,103.7397308
596311,1.342399986,103.7750241
678767,1.358521127,103.7683403
629669,1.313964608,103.6685716
129378,1.321294439,103.7583709
680813,1.37428006,103.7451998
278705,1.313472486,103.7918805
279795,1.314077807,103.7906522
279741,1.325161188,103.7828588
640503,1.349955415,103.7177048
637908,1.337108016,103.6905559
637256,1.318225006,103.6295838
637255,1.318262835,103.6294824
637952,1.337464769,103.6916805
641841,1.344210872,103.6931237
737779,1.428974814,103.7628355
129488,1.319364909,103.7566094
268513,1.322700552,103.795908
639536,1.322749976,103.6614332
287385,1.328704755,103.8088918
266157,1.322104751,103.8034732
289413,1.333806079,103.8066101
670123,1.377566635,103.7706606
627661,1.333974763,103.7026166
650334,1.364629157,103.7478314
288138,1.341767011,103.7895205
679876,1.370075289,103.7684664
128321,1.308996925,103.7565055
699896,1.363341391,103.7355284
629166,1.28447408109254,103.679216429222
619504,1.313262663,103.7131231
619865,1.336025457,103.7155884
739640,1.415410963,103.759609
140019,1.292382728,103.8001963
141023,1.294073335,103.8000265
118180,1.280314133,103.790741
118171,1.280851723,103.7906298
127432,1.311614669,103.7577335
599340,1.332962639,103.7683482
642217,1.349726616,103.7108305
658770,1.340205262,103.7603414
287151,1.330444062,103.8089954
680811,1.373516808,103.7460338
289550,1.334708194,103.7997629
637672,1.291853713,103.6239845
640276,1.35361178,103.7037253
644276,1.353447665,103.7044112
120712,1.304974887,103.761862
120713,1.304127842,103.7622063
658866,1.338911603,103.7611412
651412,1.364859519,103.7464964
640914,1.341455371,103.6879703
596601,1.337161154,103.7652959
678806,1.359128935,103.7679129
287901,1.333433156,103.7987445
629935,1.312009248,103.6804076
688416,1.390207486,103.7508961
608602,1.336470159,103.7567707
117989,1.280273387,103.7917395
268440,1.321682537,103.7908489
287812,1.333607037,103.8012679
729354,1.420099461,103.750503
119663,1.282257577,103.799738
636950,1.27109467,103.632735
636952,1.271549333,103.631746
279291,1.32204032,103.7862529
640498,1.348333358,103.7243073
627698,1.333541379,103.7030801
138753,1.300164305,103.7936465
640504,1.349827605,103.7188438
640506,1.349113013,103.7187648
629090,1.327005046,103.6734482
289938,1.331607549,103.8138526
289939,1.331987999,103.8131815
288130,1.341296508,103.7909685
119162,1.280537498,103.7885341
276768,1.330754734,103.7911914
668389,1.374762725,103.7575427
275894,1.327524514,103.7904484
628712,1.331158793,103.7022768
638496,1.308913532,103.6518264
277414,1.319811942,103.787636
637745,1.301364307,103.6276717
588807,1.336475168,103.7873104
127514,1.316013273,103.7545107
266185,1.321769352,103.8023731
266183,1.321792833,103.8024187
640823,1.346705198,103.694271
668198,1.375931197,103.756099
668195,1.375992758,103.7562898
640682,1.343942895,103.7049842
639241,1.329337817,103.6507289
119886,1.281781947,103.7983303
629596,1.319271524,103.6673271
117592,1.293501684,103.7742639
739544,1.434456163,103.7574669
118261,1.287979494,103.7913371
276451,1.326287636,103.792584
668863,1.358771867,103.7609398
653433,1.361062628,103.7415235
651432,1.360391105,103.7430043
688320,1.391108925,103.7510491
659243,1.354241911,103.7541658
596164,1.354769225,103.765819
588321,1.340162363,103.7854617
677763,1.37215715,103.7735195
278979,1.311161514,103.7955728
619846,1.318012591,103.7237399
677695,1.370311259,103.7731705
680433,1.384930783,103.7417718
628773,1.32830935,103.6888617
638801,1.313886772,103.6528804
139532,1.289912365,103.7959774
287421,1.327724533,103.8069716
637015,1.285889823,103.6314112
588093,1.339581636,103.7815694
127964,1.316504013,103.756674
127966,1.316414636,103.756833
127002,1.316491963,103.7555085
670240,1.379345142,103.7712229
670619,1.385915835,103.7623666
678133,1.372926304,103.7632988
589822,1.336113258,103.7867823
277942,1.316634122,103.7877067
648681,1.352029144,103.6988389
682483,1.375666389,103.7374316
588855,1.341012406,103.7813731
718779,1.42089811354279,103.721484787395
588652,1.343800141,103.7879507
598038,1.337154508,103.7682484
599091,1.337048383,103.7680756
668295,1.376414884,103.7595697
117546,1.29636575,103.779677
739880,1.415275765,103.7588673
650209,1.34548843,103.748738
629322,1.317469422,103.6695429
689870,1.383850811,103.7491746
689877,1.384007782,103.7488959
597569,1.346713203,103.764563
268111,1.319891432,103.807678
589864,1.339694345,103.7886612
589411,1.348995258,103.789117
277194,1.315499628,103.7798251
658823,1.338392282,103.7613419
126997,1.315662805,103.7555574
597960,1.343385531,103.7733645
288799,1.333329202,103.8013774
651291,1.343064355,103.7556776
651437,1.358170334,103.7392197
126858,1.307834798,103.7645804
288125,1.339235386,103.7895426
129752,1.293800142,103.7686276
629653,1.314364988,103.6729513
267042,1.314494138,103.7925961
268082,1.321297378,103.8094595
278371,1.316962896,103.7859835
629978,1.317543477,103.6924072
678460,1.36040564,103.7684599
729909,1.407062683,103.7596295
689046,1.377004196,103.7448698
127444,1.31113047,103.7594434
589789,1.343475751,103.7862918
629481,1.316616981,103.6691754
588049,1.338956168,103.7822906
629261,1.319352923,103.6663716
629793,1.332681847,103.7045087
128706,1.307486896,103.7631885
628436,1.300996957,103.6579644
288806,1.333393603,103.8009793
596992,1.338945102,103.7666116
649659,1.34918500140335,103.708285820033
648417,1.353207345,103.6981185
287807,1.334067543,103.8010432
288727,1.336572481,103.8006179
597039,1.343150049,103.7739639
648498,1.35253388,103.7000988
278211,1.311334006,103.7984708
638728,1.319194765,103.6386724
596732,1.339425056,103.7652861
729514,1.414498358,103.7439975
739694,1.415148571,103.7583712
149007,1.291132731,103.8056124
287292,1.32950896,103.8083735
636922,1.347550854,103.6817576
598443,1.31982321394761,103.776146966122
118649,1.28758596,103.7786024
140153,1.293814453,103.8031379
589870,1.343463093,103.788272
278372,1.317111249,103.7859645
128360,1.30905701,103.7553289
129100,1.321823349,103.7580228
268609,1.321481664,103.7943372
670174,1.380215441,103.7663022
596489,1.337433862,103.7705075
596328,1.342885347,103.7749272
598743,1.357853151,103.7648774
128002,1.313864644,103.759671
269114,1.32395699,103.804721
637719,1.344251414,103.6868181
266422,1.319441428,103.8056283
143050,1.301261461,103.7974228
597137,1.327085404,103.7658635
600244,1.342631872,103.7421338
600327,1.349123177,103.7289861
600328,1.349470123,103.7299557
129276,1.319573557,103.7573159
279091,1.312381182,103.7836938
119523,1.278184359,103.791626
600223,1.341072012,103.7360897
618296,1.302870482,103.7181697
637005,1.277564726,103.6334564
127455,1.315633441,103.7531611
668208,1.374763659,103.7580858
266115,1.321712894,103.8032797
138674,1.308432051,103.7873541
887328,1.277170298,103.7958397
588653,1.343800141,103.7879507
588654,1.343800141,103.7879507
588655,1.343800141,103.7879507
684490,1.376028692,103.7413682
639980,1.346191074,103.6398144
639237,1.329048655,103.6497616
648706,1.351652704,103.6984423
289281,1.333977941,103.8049317
680753,1.392340906,103.7469436
729242,1.415147004,103.749284
128294,1.310994244,103.7547566
277744,1.310737403,103.7949475
279705,1.332004775,103.791672
289720,1.336636675,103.8033059
638413,1.32937296,103.6319633
669890,1.357716028,103.76061
589092,1.336439803,103.7852031
120324,1.315135091,103.7660545
684489,1.375887937,103.7402252
129117,1.320785408,103.7603002
277785,1.33070763,103.793337
288443,1.327192186,103.8110411
596157,1.340000986,103.7708699
639749,1.347070358,103.6851967
670154,1.374816801,103.7651093
671647,1.388770412,103.7638266
619101,1.315689419,103.7200333
266130,1.322609735,103.8031588
598170,1.335892696,103.765897
598508,1.345818363,103.7660443
638982,1.319748595,103.6424871
120378,1.317412042,103.767417
120326,1.314430816,103.7663583
278151,1.309187179,103.799027
127367,1.300121503,103.7654565
670125,1.377206233,103.770507
288803,1.333355201,103.8011804
288797,1.333315317,103.801488
289438,1.335178595,103.8069057
682810,1.374217649,103.7454677
138764,1.29986606,103.7944165
117757,1.278915042,103.7927439
118955,1.27892308319608,103.792602104958
118995,1.27883907022417,103.793629915486
588308,1.339669213,103.7860884
588090,1.339010959,103.78166
640698,1.340988721,103.7076154
277510,1.319891039,103.7864098
279327,1.319409141,103.7869208
597878,1.343221584,103.7712864
266279,1.32103939,103.7920298
141095,1.296297098,103.8118996
289201,1.331266329,103.8071149
118264,1.289563492,103.7904573
680550,1.394010699,103.7426926
268888,1.322897883,103.8119979
267686,1.325400478,103.794421
599570,1.32344989,103.7729134
269867,1.315190109,103.7984554
641197,1.344106102,103.7137192
119520,1.280212129,103.7922876
650349,1.362095826,103.74958
138692,1.296284532,103.7966272
669374,1.35469239,103.7600231
668334,1.376479026,103.759818
588595,1.33575685,103.7886582
690111,1.356191299,103.7341141
277082,1.3164444,103.7819985
599332,1.333253666,103.7682891
277326,1.317274424,103.7825086
670650,1.38691071,103.7633102
670602,1.381418223,103.7627394
678804,1.359062146,103.7679199
641627,1.341643466,103.6989542
628800,1.329553509,103.6882598
269646,1.315641663,103.7996156
129485,1.319078317,103.7568864
598305,1.334514659,103.7793006
288565,1.330381192,103.8107954
269768,1.329046362,103.8011462
278698,1.318464639,103.7798585
267835,1.313289049,103.7962373
589103,1.337109569,103.7852294
279391,1.322904765,103.7876553
269821,1.319399739,103.7974365
597626,1.320441712,103.7789725
648649,1.352691372,103.6978861
629864,1.317834359,103.6884195
599836,1.334422432,103.7718541
689454,1.377411413,103.7470661
637313,1.276110224,103.6224687
609561,1.343119805,103.7426281
659522,1.340284097,103.7570985
288560,1.330235331,103.8103178
278991,1.311713664,103.7953374
589884,1.341552957,103.7883453
268176,1.319710686,103.8075308
588780,1.335814156,103.7884288
596174,1.353626192,103.7651565
597748,1.343202074,103.7730484
679581,1.371519983,103.7657574
678424,1.359641145,103.7688965
678296,1.376135743,103.7712612
680676,1.401916291,103.7461883
610112,1.333885581,103.7236884
688488,1.392088103,103.7506326
266745,1.321886138,103.8110662
279621,1.31205215,103.789581
658320,1.368973904,103.7524262
650531,1.356289239,103.7504097
117756,1.278789277,103.7934992
287137,1.330202217,103.8093149
677726,1.382712541,103.7601664
597851,1.342717164,103.7724109
648723,1.352095119,103.7003329
596182,1.344723042,103.7696222
589549,1.338666219,103.7844744
658763,1.340201308,103.7611714
677945,1.396700856,103.7534324
677743,1.379894944,103.7644599
629527,1.310057697,103.6634668
139452,1.307081444,103.7770515
269644,1.314223008,103.8004278
680018,1.378297688,103.7540714
680012,1.379464333,103.7556715
127850,1.31393166,103.7564267
127758,1.312752269,103.758762
596961,1.339326327,103.7665324
668868,1.358528668,103.7605804
126779,1.299170078,103.7645453
126778,1.298941499,103.7639221
628433,1.302289191,103.6572132
277000,1.315928682,103.7850245
118724,1.291506578,103.7722295
118994,1.27858181282948,103.793691492159
596976,1.33870944,103.7662425
110022,1.285141627,103.7763591
117576,1.299447468,103.7703182
629350,1.302083232,103.6672553
138667,1.304511278,103.79146
598937,1.333793231,103.7665655
128793,1.317106451,103.7589473
128228,1.307599657,103.7565403
610399,1.335042029,103.720268
640408,1.354786334,103.7225639
601063,1.321173097,103.7389324
266218,1.31428403,103.8016684
599627,1.341743615,103.7726499
588140,1.34753867,103.7705503
648731,1.351668293,103.6997652
267975,1.319703428,103.8056464
638498,1.30690707,103.650898
288761,1.335947314,103.7893814
658286,1.368931573,103.7514202
729147,1.416997881,103.7463257
689000,1.377578538,103.7469972
640547,1.352982027,103.714914
129903,1.315063218,103.7631445
601309,1.347290586,103.7339164
287175,1.331159491,103.8089307
275893,1.327524514,103.7904484
654443,1.355593417,103.7371182
599857,1.335803577,103.7736556
288476,1.327914993,103.8098598
268405,1.322149801,103.7929968
650135,1.351252319,103.744795
678871,1.371525509,103.7643092
649929,1.342675914,103.7122314
610341,1.33960032172984,103.722238602793
287695,1.329083966,103.8079326
729639,1.399430521,103.7548862
287259,1.32819438,103.8076347
279990,1.33182567,103.7936429
279995,1.330968583,103.793798
267947,1.315393952,103.8019709
737649,1.430936254,103.7542871
629983,1.319149212,103.6902398
648241,1.351908385,103.6979297
658055,1.369221527,103.7530588
669276,1.353019867,103.7567439
650451,1.35303718,103.7439426
599425,1.335690495,103.7693825
680547,1.393169868,103.7426144
278047,1.309018698,103.7983149
641837,1.343407114,103.6928674
589205,1.342287357,103.7854644
680552,1.394610617,103.7426638
275866,1.327066805,103.7906272
637101,1.277541909,103.6352059
149958,1.291177362,103.8054344
628896,1.329316873,103.6940226
690106,1.35088739008312,103.736539760444
639653,1.352311591,103.6882844
268701,1.312836992,103.7956821
277976,1.311824431,103.7984936
678559,1.360373634,103.768972
267831,1.313272169,103.796487
599424,1.335685527,103.7693253
588153,1.347405019,103.7700289
718854,1.433518978,103.7097185
597868,1.342700408,103.7713513
279800,1.313344598,103.7905206
618810,1.331915302,103.7105473
671185,1.379149296,103.762596
127555,1.31313135,103.7575862
128180,1.308904628,103.7640002
689342,1.391664323,103.7428689
118422,1.290821008,103.7821095
718850,1.431492591,103.7158801
650412,1.364551417,103.7466339
688236,1.375275008,103.7524075
689025,1.377518966,103.745425
688394,1.390059346,103.7515485
588650,1.343800141,103.7879507
275984,1.327732111,103.7922369
610361,1.335803545,103.7203137
680473,1.379618211,103.7381155
680471,1.378592826,103.7371264
680430,1.383918028,103.7410904
680459,1.378184341,103.7351266
729930,1.406239602,103.7599453
276142,1.325832856,103.7845454
597219,1.326218613,103.7687036
597203,1.326061892,103.7686159
611341,1.33935100381849,103.721837476414
266453,1.320100611,103.8067591
266470,1.31843261,103.8063014
658853,1.338423617,103.7607251
128608,1.308713644,103.76261
739717,1.4159971,103.7579107
680705,1.390363253,103.7461244
279444,1.325130035,103.7876373
268404,1.322200752,103.793064
128824,1.316651392,103.7608213
128818,1.31751188,103.759358
609150,1.317038467,103.734477
288713,1.335638765,103.8024173
139839,1.306347613,103.7766007
139838,1.306488086,103.7764196
266312,1.323905023,103.8009594
266314,1.324296184,103.8016095
286770,1.328647202,103.8063121
629408,1.311895473,103.663437
118000,1.280695895,103.7915264
739861,1.414466733,103.7586224
679394,1.373031177,103.7709899
596705,1.341070864,103.7695447
597984,1.343581677,103.7721723
121413,1.311527153,103.7705036
680251,1.378292264,103.7445742
609017,1.306235311,103.7400527
688775,1.392013353,103.7512629
138999,1.287248408,103.7981063
276456,1.326190058,103.7928728
648631,1.353802254,103.6974663
668907,1.359550907,103.7596572
688277,1.390477742,103.7522672
658288,1.368928351,103.7514897
128385,1.3124244,103.7535206
637459,1.345405011,103.6790492
286726,1.328543167,103.8062446
266773,1.31826008,103.8069141
650442,1.35736959,103.7380709
597102,1.324843529,103.7655521
287635,1.330540626,103.8104755
278647,1.323016789,103.7848812
287234,1.327208633,103.8086678
679845,1.370999518,103.7699151
279262,1.322061179,103.784631
599843,1.335298204,103.7730133
279272,1.322177527,103.7851323
652445,1.351074378,103.7387554
276399,1.310169946,103.7969117
127788,1.31312055,103.7597113
729356,1.417270037,103.7516733
629177,1.328700399,103.6859206
118305,1.28356038,103.799502
119820,1.282932486,103.8007956
640185,1.346405382,103.7107771
641698,1.341091608,103.7080237
641697,1.341034437,103.708341
287539,1.330025173,103.8098246
287168,1.330778306,103.8092536
287171,1.330785118,103.8093195
117509,1.292312708,103.7692842
637991,1.339687663,103.6907627
289230,1.331760921,103.8065867
650338,1.363552496,103.7509481
638517,1.312551887,103.6565587
689396,1.37772058,103.7578613
598871,1.341124284,103.7666294
678038,1.38880983,103.7564232
272018,1.311058611,103.7918866
276443,1.326089886,103.7920933
127582,1.313309989,103.7584788
618640,1.325911705,103.7245502
739551,1.435668223,103.7575386
597934,1.343439553,103.7737127
279606,1.324461904,103.7872954
670651,1.386612443,103.7636529
628578,1.324928753,103.7014289
601322,1.347670587,103.7289311
589383,1.348560016,103.7883875
651230,1.34755154,103.7557831
119668,1.281101913,103.8001321
149055,1.294174374,103.8010359
637592,1.299760838,103.6237983
596392,1.345383936,103.7725242
266466,1.318976124,103.8067386
599266,1.334489765,103.7691687
279462,1.321411979,103.7869664
129527,1.317323652,103.7583224
668610,1.359961361,103.7620767
596888,1.341450402,103.7700482
268703,1.312851035,103.7958877
268366,1.321679815,103.7937005
588954,1.340445347,103.7803659
650328,1.362874905,103.7475629
650327,1.362830155,103.7478342
650322,1.361667384,103.747725
619704,1.334484784,103.7170184
128702,1.307960426,103.7627975
638896,1.320355407,103.6385578
639645,1.352625286,103.6880001
288655,1.336322783,103.8045881
120355,1.314451299,103.7695645
682673,1.400973182,103.7479613
289761,1.345790665,103.7926303
648263,1.351797672,103.6979264
141032,1.298186744,103.8043864
640186,1.345727283,103.7110274
658784,1.340468717,103.7607497
118506,1.273737209,103.7963463
649041,1.342989405,103.6918642
651254,1.350092509,103.758041
659591,1.344063179,103.7492441
279682,1.326631604,103.7915285
119055,1.292979572,103.7696014
288988,1.334014973,103.8077634
728657,1.433420319,103.748994
683690,1.402648913,103.7519318
277311,1.317484888,103.7830605
268996,1.323908016,103.8078747
589241,1.344919858,103.7755267
596829,1.338926395,103.7655986
128802,1.317873345,103.7607583
128816,1.317415045,103.7592658
118189,1.280711866,103.7909631
289234,1.331803295,103.8065498
648405,1.352958349,103.698472
276635,1.31893787,103.7882989
629878,1.306278772,103.6774775
141029,1.298847085,103.7996412
128710,1.307363888,103.7633535
678939,1.372263721,103.766485
276618,1.319872474,103.7889814
679298,1.368856429,103.7695491
589819,1.335857561,103.7865529
680757,1.392848018,103.7459142
680766,1.393594979,103.7496962
266477,1.324354773,103.8029516
119210,1.293651663,103.7805708
649486,1.348784897,103.7034157
618693,1.334692968,103.7162997
670472,1.387910963,103.7725725
670469,1.387889257,103.7732879
128794,1.316891294,103.759789
128826,1.316007746,103.7600058
678002,1.398216801,103.7537686
627887,1.260436464,103.7053787
288607,1.333967752,103.8024204
679488,1.369906245,103.7712577
129481,1.319568812,103.7569305
127879,1.312813405,103.7562071
600412,1.319620579,103.7471114
600410,1.319009211,103.7474331
599485,1.330367688,103.7772657
668883,1.359158868,103.7603602
119385,1.278210188,103.7897243
129095,1.321132182,103.7591818
599380,1.33290871,103.7671575
658964,1.347143224,103.7400397
637848,1.309582579,103.6320859
268361,1.321754424,103.7939592
669928,1.357957735,103.7586143
267170,1.323105916,103.7979183
288854,1.330834235,103.8002414
688194,1.374601592,103.7398596
597178,1.324528798,103.7684443
289072,1.330041781,103.8063978
266464,1.319096338,103.8068476
266159,1.322103992,103.803384
739564,1.436542418,103.7556677
599840,1.334238826,103.77187
276920,1.3158779,103.7789819
628919,1.328791936,103.6951098
638358,1.332350268,103.6873903
599109,1.333961579,103.7679554
287898,1.333290302,103.7993095
658651,1.370266578,103.7515979
588664,1.335012051,103.7880027
269513,1.323085383,103.8038475
596165,1.354986107,103.7651809
739570,1.437569999,103.7568998
718799,1.416477126,103.707582
718804,1.428070998,103.7204945
637117,1.279233887,103.6329231
118159,1.280565974,103.786895
729913,1.40716796,103.7603357
668112,1.37597872,103.7584777
668305,1.376717736,103.7593387
668763,1.359157352,103.7620183
637817,1.313466248,103.6556578
629083,1.326007353,103.6724329
679245,1.369308236,103.768671
639522,1.334239635,103.646864
670485,1.388681324,103.7713126
679392,1.372963767,103.7708158
599763,1.336050886,103.7737322
269486,1.322885403,103.8046712
117571,1.294965513,103.7712216
266458,1.32053846,103.806723
269900,1.319509822,103.7997336
289193,1.331299041,103.8072736
268579,1.324136393,103.79318
138760,1.300494949,103.794886
138758,1.300630436,103.7945454
278988,1.311599722,103.7954324
287978,1.336198494,103.7983617
659631,1.34629709,103.750958
680527,1.391886041,103.7414049
128553,1.305472427,103.7659592
289344,1.335095949,103.8063723
277673,1.311131925,103.7952957
129393,1.320878204,103.7581662
699014,1.381384124,103.7255529
650368,1.360381049,103.7509239
589882,1.34128962,103.7877111
138700,1.297129112,103.7951835
276522,1.32748047,103.7940904
269006,1.322920071,103.807237
267476,1.32289071,103.796184
677854,1.372536279,103.7719647
287840,1.332266898,103.7993784
139256,1.30507348,103.7871335
728654,1.409655632,103.7582939
598579,1.340557274,103.7742877
589239,1.344854273,103.7754955
277485,1.321226846,103.7889131
266549,1.318928183,103.8029377
597050,1.343794225,103.7738177
628444,1.306714052,103.6563437
680005,1.382114391,103.7535651
680008,1.38066227,103.7546706
608829,1.3382704,103.7517217
269776,1.328877739,103.8016099
599245,1.335120935,103.7697117
287510,1.326110061,103.8092493
278205,1.311373734,103.7988467
648776,1.351559816,103.7015846
129013,1.320923431,103.7562814
266075,1.311941235,103.8032613
117548,1.295467181,103.779774
597929,1.342901293,103.7738166
689015,1.37770276,103.7459449
689006,1.377515795,103.7467707
126833,1.295146893,103.7685225
289015,1.334936273,103.8073868
681440,1.38337604,103.7396719
648350,1.353736985,103.7017721
629682,1.314890149,103.6652963
642271,1.350504607,103.7042506
138617,1.306815007,103.7884627
117601,1.29493986,103.781167
618368,1.339174904,103.7171409
699936,1.37857592369278,103.717587390384
699935,1.37858957740459,103.718355515235
679835,1.370319057,103.7694647
598228,1.336032739,103.772938
128821,1.317642928,103.759501
677732,1.371938116,103.7690457
269976,1.323301093,103.7935015
652450,1.35235753,103.7443959
118040,1.278678603,103.7912519
598078,1.336967319,103.7657035
268900,1.322317992,103.8114324
638489,1.311341049,103.6543921
680202,1.381836977,103.7494648
269259,1.318139328,103.794876
276170,1.326322699,103.7834525
619325,1.310152928,103.7219527
269244,1.316593468,103.7920517
267834,1.313256188,103.7963235
598803,1.340248011,103.7655365
597239,1.32983544,103.7680088
279154,1.313171262,103.7835787
648450,1.351128764,103.6982974
679778,1.370576564,103.7691089
637567,1.317827934,103.6320748
120379,1.317978017,103.7678315
287578,1.330681243,103.8101337
272008,1.310792647,103.7872643
643673,1.344712135,103.7013131
599595,1.342019411,103.7752352
277303,1.318208109,103.7830684
690131,1.356403752,103.7316547
690112,1.355448016,103.7346425
267649,1.325009538,103.7969711
110009,1.286175228,103.7767637
596557,1.337178899,103.7712622
678000,1.398163722,103.7540237
637107,1.277434537,103.6319354
277436,1.318783763,103.7875429
598791,1.340276615,103.7659431
609289,1.299601424,103.7490573
679044,1.365621328,103.7699037
599705,1.344925181,103.7712693
658848,1.339229273,103.7618132
689098,1.398199223,103.7509784
680688,1.403725497,103.7505312
289216,1.331491293,103.806809
266160,1.322467092,103.8042538
140094,1.305586163,103.8007436
140095,1.305387463,103.8010632
618807,1.332395031,103.7090966
598062,1.336347218,103.7667588
688718,1.389724582,103.7528594
289719,1.335591414,103.8039602
278150,1.309564717,103.7989657
658806,1.337847105,103.7607637
619617,1.344119443,103.7258562
588796,1.336783995,103.7873397
618437,1.340425519,103.7187681
127149,1.309573706,103.7617835
278896,1.313974883,103.7794844
119154,1.280951597,103.7881587
628079,1.328401883,103.6993032
139217,1.304330771,103.7864643
638140,1.338690419,103.6916347
619481,1.314715369,103.7062897
670456,1.38754537,103.7704424
629148,1.321205676,103.6814187
650122,1.352043477,103.7469523
589739,1.338544295,103.7872958
287245,1.327672328,103.8080479
268460,1.322058018,103.7941911
681811,1.373730848,103.7459298
654450,1.352668106,103.7439621
609930,1.330282015,103.7472472
589146,1.340348739,103.78516
658559,1.370799623,103.7535186
669176,1.354094028,103.7595584
729456,1.419189376,103.7411864
276769,1.330835259,103.7910373
648441,1.353309331,103.6977696
640499,1.348638568,103.7250867
698993,1.396382751,103.7307733
699934,1.37858980720128,103.71903066236
599623,1.341740506,103.7727839
629677,1.314250253,103.6670712
589694,1.343574693,103.7792772
277353,1.317708993,103.7821788
629093,1.326988938,103.6738151
729647,1.401859255,103.7539355
278576,1.313307618,103.7980393
587960,1.344803346,103.7884882
587961,1.344803346,103.7884882
648629,1.353880234,103.6975412
668274,1.376346981,103.758028
266763,1.319179883,103.807797
659529,1.343031175,103.753224
288971,1.333622954,103.8076906
119542,1.279719137,103.79088
268242,1.322614845,103.7965046
117636,1.280933147,103.7851347
637626,1.300261157,103.6267803
589127,1.339188423,103.7849081
689719,1.387892144,103.7464072
693129,1.358480944,103.733291
277769,1.330349365,103.7941921
269092,1.323525367,103.8059376
669428,1.353130819,103.7595838
640427,1.351313736,103.7255967
718835,1.440251691,103.7242492
128800,1.31765379,103.760588
276569,1.323047353,103.7924808
598395,1.345528628,103.7666327
128439,1.313027053,103.7500555
128424,1.312902557,103.7513466
278776,1.315017119,103.7810365
117440,1.274827492,103.7990648
266746,1.321233638,103.8096465
669473,1.354949854,103.7592658
267025,1.315133924,103.7930752
289065,1.335245105,103.8079105
598989,1.336377571,103.7683313
267802,1.323466399,103.7930439
640835,1.343503823,103.693707
138884,1.298590766,103.793
598496,1.345229173,103.7665472
658266,1.368013266,103.7516857
681805,1.372896275,103.7425687
269732,1.324575517,103.8090586
588590,1.334725488,103.7891788
689013,1.37771961,103.7460234
640858,1.34828949,103.6962057
589786,1.343315424,103.7864826
139259,1.306810348,103.7868946
629664,1.315452069,103.6694921
679307,1.370193368,103.7701968
599907,1.336957741,103.7731004
121318,1.317445541,103.765183
128952,1.322183203,103.7566925
588997,1.339171697,103.7801274
597307,1.326472584,103.7667455
688520,1.392263914,103.7518936
659762,1.345063498,103.7559232
139401,1.301212071,103.789107
139392,1.30180403,103.7875534
688525,1.392536802,103.7515807
128296,1.311057696,103.7548436
268202,1.317807252,103.803464
287486,1.328850974,103.8098938
278797,1.317626092,103.783568
278209,1.31138885,103.7985042
287483,1.329129539,103.8093318
650343,1.362387768,103.7491675
650351,1.361877855,103.7494555
688515,1.392500964,103.751273
126880,1.307209188,103.7635953
270043,1.307434111,103.7928976
271021,1.310976125,103.7923799
598158,1.336338448,103.7658154
612175,1.332833593,103.7210434
267633,1.325728646,103.7974419
267223,1.324271589,103.7967778
668283,1.376563206,103.7590232
268554,1.324177641,103.7938325
289421,1.334205635,103.806883
680158,1.379995549,103.7569631
680159,1.380216447,103.7564637
127768,1.312821101,103.7591114
267671,1.325517667,103.7950227
598584,1.340564791,103.774013
609921,1.329105404,103.7461733
658294,1.368937887,103.7516915
658302,1.368947648,103.7519068
691300,1.359188664,103.7373286
269857,1.314377368,103.7985158
598179,1.335686229,103.765282
286804,1.333991431,103.8077057
678541,1.359933388,103.7684834
729907,1.407860179,103.7593824
650251,1.350807033,103.7575336
278433,1.309349748,103.7995202
652292,1.344779532,103.7539617
739675,1.417919578,103.7591379
670501,1.382882267,103.7668471
648669,1.352275592,103.6984783
699013,1.380417359,103.7265474
649810,1.344627556,103.7183814
637790,1.297165711,103.6259846
269384,1.321896947,103.8007246
678789,1.360060958,103.7681632
648635,1.353644342,103.6973164
287637,1.327504695,103.8064158
118935,1.292299838,103.7717678
658198,1.370443929,103.7535236
650449,1.35276926,103.7415889
277740,1.310523486,103.7948533
669252,1.353366313,103.7571197
599348,1.332942897,103.7681037
599823,1.33486128,103.7724463
608616,1.312144642,103.7333938
729050,1.420623916,103.7480707
598164,1.335962429,103.7652243
118726,1.290757244,103.7711227
279442,1.325090837,103.7874475
278915,1.313884428,103.7818662
278914,1.313876966,103.7819707
278913,1.313866734,103.7820281
649927,1.341836769,103.7119243
680638,1.397806514,103.7483725
668107,1.376058825,103.7579074
658300,1.368945057,103.7518505
598890,1.335126552,103.766339
279762,1.323544254,103.7831316
129387,1.320400032,103.7587356
119824,1.28145143,103.8015262
628631,1.324979076,103.6930479
268704,1.313159805,103.7957592
126905,1.312391442,103.7539515
266363,1.322915004,103.8001917
269456,1.321607916,103.8071251
658489,1.371380508,103.7515131
637410,1.316674962,103.6292444
288383,1.326601354,103.8126549
266155,1.322103994,103.8035271
677677,1.371132565,103.7731765
597140,1.327138404,103.7651867
637684,1.291549645,103.6247925
276540,1.326409716,103.7935294
658718,1.339199633,103.7613705
277103,1.316987841,103.7814083
588384,1.340806906,103.7794597
129905,1.31200212,103.7649867
119664,1.282164177,103.800786
278254,1.31044325,103.7976111
637082,1.272020365,103.6352202
637083,1.27156968,103.6346907
651377,1.359219483,103.7498675
637161,1.316558092,103.6345036
121353,1.314669259,103.7705792
628798,1.329254382,103.6885157
278642,1.322635351,103.78375
637098,1.276121795,103.6339763
119746,1.277897512,103.7888682
278745,1.310695644,103.7998448
289436,1.335042467,103.8069468
275876,1.327197488,103.7902956
680431,1.384037755,103.7417731
680342,1.383941558,103.7464256
277069,1.316090533,103.782261
269405,1.322896912,103.7992733
600061,1.32237497,103.7384128
629611,1.319401556,103.6735955
128532,1.305766708,103.765149
689410,1.37737069,103.7579993
598873,1.341127145,103.7667461
689023,1.377533988,103.745487
679946,1.389179718,103.7663977
278600,1.313946266,103.7890507
128618,1.309030684,103.7623952
268514,1.322748189,103.7959472
120328,1.313991615,103.767089
610139,1.328055097,103.7244655
637160,1.316620037,103.63443
596422,1.344781077,103.7707843
599855,1.335757323,103.7735942
648516,1.352855931,103.6996764
277803,1.329586124,103.794497
289192,1.331299041,103.8072736
126856,1.307830219,103.7647742
279316,1.321938687,103.7870731
598865,1.341113932,103.7662072
729048,1.41941144,103.7435432
279913,1.319713256,103.7847635
279419,1.32487506,103.7860454
638591,1.334103439,103.6387221
127839,1.313348137,103.7557214
678729,1.367596544,103.7708065
718845,1.447222522,103.7117692
288629,1.333470767,103.8042986
278079,1.309740767,103.7980341
587938,1.344503461,103.7884026
658677,1.370695789,103.7529939
276911,1.31568708,103.7784034
718767,1.437207826,103.7263457
670545,1.381596421,103.7634963
670537,1.383721408,103.7631278
638076,1.310807067,103.6285118
638981,1.319677759,103.6443893
597233,1.329066841,103.768414
119164,1.280537498,103.7885341
739891,1.415783632,103.7598267
119084,1.292775931,103.7824555
267241,1.324789133,103.7962815
648695,1.352072979,103.6982576
680608,1.398467599,103.7446458
679086,1.367127823,103.7702285
729043,1.417831112,103.7457224
288025,1.348388786,103.7907516
119513,1.279058898,103.7922675
670645,1.388766788,103.7633837
728948,1.422600678,103.7490598
128446,1.311148036,103.7539684
128632,1.308368395,103.762108
597424,1.328967504,103.7696879
289498,1.33160018,103.8071281
739509,1.436541629,103.7543428
596962,1.339340837,103.7663683
127464,1.316706292,103.7534609
277849,1.32962487,103.7938189
269806,1.320835451,103.7975995
678944,1.372769848,103.7645593
688533,1.391052783,103.7522663
601037,1.320831093,103.7427481
599418,1.335640339,103.7689617
599414,1.33563006,103.7688408
149306,1.297603696,103.8087918
629288,1.317987357,103.6677432
601274,1.34156436,103.7474716
680820,1.374871723,103.750268
679759,1.371800097,103.7683523
275842,1.326765416,103.7902147
287160,1.330644684,103.8090087
683804,1.373957622,103.7422941
628640,1.325034877,103.6856636
619559,1.317890407,103.7257001
668949,1.358948615,103.76187
149170,1.290413253,103.805929
638760,1.318034015,103.6486119
269526,1.322807075,103.8022073
658450,1.369187286,103.7523642
658562,1.370639177,103.7535183
650106,1.348222309,103.7471885
688376,1.389954178,103.7520184
678616,1.367380913,103.769443
719882,1.42095968815868,103.719904437679
637103,1.276532216,103.6351586
129164,1.322644624,103.756724
117396,1.281956887,103.781989
267563,1.327252054,103.7939345
719689,1.440165742,103.7107073
596458,1.337134243,103.7686215
288090,1.33512563,103.7911748
670409,1.382334926,103.7676777
638359,1.332350268,103.6873903
681687,1.404511017,103.7501613
609481,1.345528729,103.7336405
597175,1.324295225,103.7683231
597628,1.319018289,103.7793337
638868,1.322019912,103.6360449
619112,1.31568011,103.7202829
119338,1.279703154,103.7904889
129964,1.308512377,103.767086
658733,1.339389575,103.7608712
596646,1.338909508,103.7689207
589644,1.332528586,103.7865383
597043,1.343356769,103.7739019
679832,1.37020897,103.7692792
126982,1.314555411,103.7548399
266495,1.319340179,103.8036655
629757,1.325655826,103.6862878
679597,1.371888571,103.7667308
639744,1.34742597,103.6847276
619258,1.326734101,103.7130287
688469,1.391810837,103.7498339
286993,1.336358237,103.8052017
679590,1.371386036,103.7667268
648485,1.350848614,103.6988471
119346,1.279331281,103.7903661
658761,1.34030217,103.7611415
680631,1.396609611,103.7481052
638056,1.306074302,103.6292991
650310,1.35964072,103.7488291
269889,1.318210808,103.7994692
640477,1.347716112,103.7250871
640459,1.350329045,103.7209118
640480,1.34684766,103.7240418
589956,1.336782537,103.7855474
288093,1.335575636,103.7911312
670626,1.385474808,103.7598805
128822,1.318242159,103.7605053
596836,1.338626489,103.7649888
629463,1.318262974,103.6730301
286943,1.336408326,103.8055222
596835,1.338853545,103.7649032
588956,1.340496731,103.7804108
288033,1.348511035,103.7910242
279248,1.321526982,103.7840352
610177,1.333320452,103.7213087
610179,1.333688668,103.7207475
693241,1.360423917,103.7292187
601288,1.338784593,103.7433012
600215,1.339933272,103.7385145
288705,1.334617036,103.8019497
117938,1.279088172,103.7904911
128460,1.313130638,103.7538224
128395,1.312814106,103.7533547
275918,1.326879264,103.7910237
590001,1.31854417,103.7732692
140052,1.296545485,103.8034986
718851,1.431735859,103.7172377
588323,1.340264139,103.7854628
600239,1.340964835,103.7409141
600229,1.341830557,103.7380203
659552,1.339459261,103.7553792
589787,1.343576399,103.7868582
640938,1.34287699,103.6897726
640963,1.3418594,103.6920895
688367,1.390271537,103.7522215
596517,1.336832247,103.772285
117418,1.293501684,103.7742639
117439,1.274827492,103.7990648
618483,1.339602644,103.7187679
276571,1.322912932,103.7918851
269638,1.313649897,103.7995305
287387,1.328769761,103.8088009
598598,1.340577162,103.7729176
266126,1.322565705,103.803021
269127,1.323956205,103.8032713
287368,1.328726576,103.8096963
640959,1.341481235,103.6907217
669846,1.358714515,103.7576278
638318,1.339497273,103.6913857
289213,1.33144743,103.8068408
267420,1.324084541,103.7991349
629144,1.321581192,103.6999315
279506,1.323880959,103.7874481
279338,1.320755015,103.787093
681754,1.392795614,103.7467316
269858,1.314484365,103.798504
269524,1.32298096,103.8028062
598851,1.340767882,103.7668129
588277,1.33672242,103.7864231
117532,1.270576433,103.8001942
589220,1.341688562,103.7845332
739853,1.415386887,103.7572473
274018,1.310316292,103.7917389
650528,1.356651468,103.7510918
650505,1.351919952,103.7536709
680636,1.397277753,103.748932
680665,1.401997458,103.7500784
598756,1.340176278,103.7665935
599274,1.334454543,103.7687391
641702,1.341585005,103.6951473
278239,1.310802953,103.7976887
680233,1.380305595,103.747294
598594,1.340564474,103.7731004
128539,1.30530649,103.7654547
596647,1.33885944,103.76893
596658,1.338068926,103.7691752
279914,1.319883386,103.7848306
277531,1.321791388,103.7862466
248436,1.303370406,103.8033877
599419,1.335336954,103.7694879
278348,1.315805367,103.7871273
276163,1.326790924,103.7835029
670604,1.380981018,103.7625093
670623,1.386256101,103.7622013
597826,1.342311392,103.7733814
692126,1.358958782,103.7356449
267375,1.324667822,103.7946825
652451,1.352483814,103.7434147
119072,1.28274703720321,103.781010025299
597270,1.325013169,103.766794
589372,1.347608445,103.7881371
279870,1.332648236,103.7913788
118403,1.292921479,103.7793293
597834,1.342316983,103.7730568
648331,1.33931504,103.705351
669451,1.354417318,103.7590508
598258,1.337223488,103.7743437
588599,1.336141963,103.7886932
268397,1.321233668,103.7921432
650468,1.356093645,103.7423734
289457,1.326680845,103.8099582
589121,1.338554721,103.7848469
668865,1.358793627,103.7608828
287300,1.329027791,103.8084522
669187,1.353743844,103.7597965
670103,1.378670708,103.7685384
267985,1.319949851,103.805837
680351,1.383504884,103.7430794
288458,1.326403799,103.8105551
288020,1.347289886,103.7901128
149300,1.298913264,103.8031259
118687,1.290362547,103.7767066
600101,1.337011008,103.7387873
642681,1.344817733,103.7049526
638825,1.325772357,103.6379972
120116,1.324112539,103.771925
679304,1.369996729,103.7698544
679945,1.383425251,103.7727334
598675,1.341015289,103.7709773
128827,1.316401839,103.7596182
269422,1.322851838,103.809524
596510,1.337549704,103.7724837
598161,1.336151311,103.7651895
651435,1.359571246,103.7405244
266383,1.319469695,103.8069368
619299,1.31949434,103.7262913
128319,1.309083661,103.7564405
638521,1.313125511,103.6559929
278829,1.314581995,103.781635
669584,1.353727033,103.761617
598368,1.342965564,103.768529
271013,1.309360395,103.7932051
273018,1.31101769,103.7914519
271020,1.310491604,103.792257
679395,1.372991841,103.7711805
279445,1.325146156,103.7877244
278250,1.310476885,103.7977192
637108,1.276730583,103.6330441
589368,1.347325768,103.7881046
589883,1.341256485,103.7882212
638185,1.339114118,103.6905408
129427,1.320319287,103.7563274
596950,1.33819304,103.765694
636813,1.317738421,103.6304093
138695,1.296247643,103.795821
648333,1.339235396,103.7057403
279253,1.32165152,103.7843388
599273,1.33346106,103.7682048
599298,1.334006838,103.7698504
599920,1.337101792,103.7739207
597463,1.324893538,103.7676972
269136,1.323424676,103.8026989
669376,1.354692274,103.7599593
596951,1.33820311,103.7657534
610181,1.333692066,103.7219349
699965,1.385448418,103.725941
698937,1.388084751,103.7256472
128535,1.305819287,103.7653368
679127,1.367231116,103.7690584
668781,1.359509711,103.7615408
654296,1.342903208,103.7477554
688295,1.390582879,103.7517974
637037,1.295170811,103.6436294
275881,1.32738499,103.7906909
128083,1.314036433,103.7570808
609134,1.313052343,103.7317339
599629,1.34174517,103.7725828
599631,1.341746725,103.7725158
289047,1.336018817,103.8077221
127311,1.293565528,103.7666408
718924,1.436513235,103.7087939
276266,1.312817531,103.7805722
119161,1.280711781,103.7885364
279735,1.325740599,103.7837267
597716,1.34450649,103.7721285
597745,1.343194897,103.7731694
128191,1.30904826,103.7644502
278273,1.310443851,103.7968289
679710,1.370800237,103.7690298
598031,1.337202442,103.7684627
619490,1.317838174,103.7144479
117653,1.280120297,103.7896206
629517,1.311650473,103.6674748
629355,1.303733041,103.6664569
266811,1.319639474,103.7902068
127914,1.315476301,103.7575369
589154,1.340790003,103.7851178
127458,1.315298773,103.7533331
288650,1.336604357,103.8040802
118039,1.279105115,103.7912857
637959,1.337066044,103.6919908
638331,1.335672737,103.6915265
140202,1.289122753,103.8003984
128390,1.312248083,103.7525016
269370,1.321853927,103.8000975
673633,1.384734731,103.7592177
680006,1.381586824,103.7538283
590003,1.338774304,103.7752542
128806,1.3192016,103.7610951
677956,1.397763286,103.7544425
679303,1.37007387,103.7696205
678898,1.372203929,103.7651439
589653,1.334174311,103.7867836
628446,1.305906264,103.6572683
138894,1.298784873,103.7937509
670606,1.381295747,103.7615713
589052,1.337598142,103.7851602
289414,1.333904781,103.8073908
619489,1.31261406,103.7144663
288760,1.336206839,103.7897918
729246,1.414567276,103.7512378
669728,1.360594925,103.7625888
599694,1.344200526,103.7705444
128715,1.308080362,103.7631636
682678,1.402476244,103.7449781
128722,1.307477257,103.7637543
276239,1.31328213,103.7811802
589680,1.33886442283029,103.777560362196
641986,1.337132693,103.6951094
640976,1.340007305,103.6938047
640966,1.34170246,103.692917
640990,1.335346578,103.6957051
127576,1.313359042,103.7582839
668849,1.35848218,103.7613055
629635,1.319403166,103.6771409
629172,1.328829202,103.6850342
278105,1.312406024,103.798092
609133,1.312774669,103.7329816
288731,1.337187826,103.8006944
629654,1.315762841,103.6746412
638297,1.338647211,103.6924173
599696,1.344337308,103.7706082
694300,1.359863118,103.7380259
692300,1.359545786,103.7371373
679415,1.370588842,103.7702677
648622,1.353230621,103.6974334
628791,1.329554553,103.689903
278881,1.313537633,103.7805073
619023,1.327636494,103.7129331
597152,1.327291292,103.7668034
138634,1.298426183,103.7886979
269637,1.313011438,103.8003217
658825,1.338419369,103.7614313
680207,1.381128209,103.7477047
278782,1.315070399,103.780712
278777,1.31492555,103.78087
287772,1.33131863,103.7986689
638156,1.338334748,103.6911899
653442,1.357133644,103.7379727
140148,1.294316074,103.8044662
639137,1.33139785,103.6475894
639113,1.324436358,103.6433317
119709,1.28031656,103.7877918
719842,1.428258146,103.7067954
275878,1.327197488,103.7902956
278917,1.314514849,103.7827238
266391,1.319681365,103.8071828
117555,1.29608888,103.7782569
610343,1.34103560761508,103.721836954466
638509,1.313505441,103.6561522
129257,1.318972674,103.7578063
288628,1.332527754,103.8038026
628645,1.325035382,103.6846775
638225,1.338092483,103.6903127
638905,1.32067995,103.6404895
739866,1.414801862,103.7583318
729375,1.427623718,103.7479791
129469,1.319293556,103.7571765
119642,1.291639613,103.7732166
140107,1.307862447,103.7993123
287660,1.32810866,103.8068793
597937,1.343703635,103.7736335
139230,1.306559879,103.7856658
289312,1.333227139,103.8070474
275901,1.327014515,103.7908917
275902,1.327014515,103.7908917
598453,1.345329825,103.7649334
269669,1.318323808,103.8018528
678917,1.372033423,103.7657948
689030,1.377207454,103.7455038
278152,1.309608682,103.7989293
268191,1.317489181,103.8037771
658627,1.370850021,103.7518667
597697,1.342142628,103.7719627
267444,1.323900652,103.7961308
598944,1.335168361,103.765746
629565,1.311232802,103.6724243
679837,1.370374168,103.7695576
680162,1.380865519,103.7576837
680157,1.379187865,103.7567829
680160,1.380794497,103.756443
689335,1.391664323,103.7428689
689336,1.391664323,103.7428689
266900,1.324298965,103.8090204
269401,1.322839464,103.7989902
669944,1.357962767,103.7577919
669644,1.370130732,103.7625113
273031,1.308836592,103.7843871
613344,1.34129203312223,103.72103664239
599727,1.342271243,103.7753789
278069,1.309878886,103.7979222
287583,1.330696023,103.8106818
127312,1.29362255,103.7666268
276132,1.325321909,103.7847099
608828,1.33781208,103.7506753
269810,1.321256716,103.7981456
275897,1.327524514,103.7904484
276912,1.31568708,103.7784034
600251,1.343165856,103.7396765
268391,1.322336772,103.7934803
278398,1.316669832,103.7869986
127506,1.316242767,103.7540535
598169,1.335885842,103.765802
598910,1.335337596,103.7663495
668767,1.359211514,103.7619112
600270,1.341229743,103.7461194
649368,1.351288511,103.7164175
680704,1.390458744,103.7457195
680658,1.400754188,103.74926
140043,1.295962322,103.8071762
127645,1.31775883,103.7546981
669500,1.355313993,103.7601401
127343,1.294101473,103.7686303
598477,1.344022338,103.7676832
739504,1.43594536,103.7540084
681429,1.383423887,103.7408523
680434,1.384446824,103.7410895
589511,1.336886811,103.7856937
276238,1.312495047,103.7815902
598212,1.335445029,103.7721506
278334,1.315752847,103.787931
618816,1.334376405,103.7109386
149004,1.291036765,103.8060152
648557,1.353844552,103.6982801
610118,1.33538116,103.7229066
610117,1.335096949,103.7230732
678597,1.367799553,103.7691952
628445,1.304054024,103.6536499
140084,1.303636046,103.7994617
278535,1.31157264,103.8025768
597846,1.342310201,103.7726571
277452,1.31958963,103.7881067
277840,1.329362372,103.7944041
678614,1.367408249,103.769385
627975,1.326471488,103.7054043
588587,1.334992732,103.7886035
588548,1.341692338,103.7828246
648275,1.351607628,103.6977053
648278,1.351612355,103.6975475
650415,1.363268779,103.7466107
119796,1.284442164,103.7962547
587940,1.344503461,103.7884026
587941,1.344503461,103.7884026
587942,1.344503461,103.7884026
267122,1.326425092,103.7943428
288969,1.333391559,103.8079978
287788,1.33272964,103.7996363
641207,1.347048755,103.7136556
267656,1.324707234,103.7958602
138669,1.304336438,103.7924613
269133,1.323701052,103.8030416
128021,1.316413219,103.7574513
289226,1.331422897,103.8063091
639024,1.33131117,103.6429562
638644,1.325237291,103.6566503
650542,1.3539224,103.7511414
679184,1.367067253,103.7684934
669378,1.354692243,103.7598987
681227,1.380530712,103.7454364
142037,1.298268195,103.7979495
648321,1.342802487,103.718602
642988,1.336190797,103.6957924
648292,1.351494114,103.6978645
658539,1.371981948,103.7534758
289332,1.333725571,103.8059937
668108,1.375737742,103.7580923
129263,1.319101818,103.7576894
599180,1.333727805,103.7670641
288011,1.347761392,103.789956
287793,1.333344037,103.799723
127636,1.316497996,103.7548209
596958,1.339058122,103.7665091
637935,1.33647783,103.6915678
658620,1.371225955,103.7522931
128241,1.309979293,103.7552302
596551,1.336781342,103.7716896
271005,1.308817934,103.7961732
600240,1.341067511,103.7415732
600212,1.339094014,103.740392
609144,1.301301467,103.7309394
680439,1.383724134,103.7397874
680442,1.380939699,103.7377339
589223,1.342652611,103.7847916
670404,1.380638767,103.7675505
638899,1.321339216,103.640619
669852,1.358137389,103.7576588
669491,1.354951187,103.7598798
597363,1.326538921,103.7682282
269122,1.323964689,103.8036457
657977,1.355662249,103.7410974
587787,1.346752631,103.7771458
597362,1.326320195,103.7684611
688264,1.40110742,103.7411953
669641,1.372268696,103.7607223
639099,1.327348484,103.6401116
638240,1.337581335,103.690192
279201,1.312681242,103.7847198
267434,1.324166222,103.7973052
649811,1.344374415,103.7180688
118051,1.278913763,103.7915877
279220,1.313552916,103.7907118
288027,1.348436253,103.7908575
127297,1.29272889,103.7672831
278272,1.310421875,103.796892
278443,1.309075209,103.7994164
639274,1.334367534,103.6436657
276976,1.315914814,103.781569
276896,1.315920781,103.7802669
129227,1.322786034,103.7560554
129045,1.321577625,103.7571153
598478,1.343862605,103.7672582
638190,1.338576027,103.6903162
648689,1.35199963,103.6984523
619736,1.311492878,103.7240988
678766,1.357868499,103.7683774
269734,1.326358062,103.8032904
128796,1.317319329,103.7597172
627796,1.308806045,103.6750057
641832,1.344366117,103.6946035
637933,1.336534107,103.6915239
119012,1.286714933,103.7930333
678938,1.372719074,103.7664026
628873,1.331921168,103.6908497
628752,1.331817935,103.6912805
118734,1.291058831,103.7709851
287228,1.327001245,103.8090042
596945,1.33813213,103.7653378
127332,1.294358647,103.7664752
277502,1.318956065,103.7865981
248430,1.306693646,103.8028075
278985,1.311466488,103.7955231
596269,1.335819908,103.7700945
267552,1.326423615,103.7948409
266344,1.323360187,103.8002211
600213,1.339032566,103.7397738
669732,1.360622958,103.7623484
599132,1.335113584,103.7670895
589331,1.347177859,103.7763545
267800,1.3231851,103.792883
619161,1.310516511,103.7081054
119543,1.280272279,103.7909791
267911,1.317783233,103.7964735
678278,1.378431008,103.7628428
127825,1.314208816,103.7555089
677837,1.371728693,103.7738379
599226,1.335056608,103.7688009
638428,1.328332019,103.6362108
638673,1.321941515,103.6576804
680206,1.380667067,103.7483399
680218,1.382837983,103.745842
597527,1.32465135,103.764941
276580,1.322642808,103.7914405
266456,1.320489797,103.8066767
692106,1.35067831825264,103.736201721391
690104,1.35165792661061,103.735267834712
692104,1.35163217723148,103.736347041181
682161,1.379839087,103.7585538
289817,1.334818377,103.7894339
118260,1.287743586,103.7903699
148947,1.293727412,103.8056849
627885,1.308414552,103.6732314
669245,1.352456991,103.7577453
596456,1.337247716,103.7685954
588185,1.345640532,103.7725247
729472,1.415531458,103.7424754
267113,1.326593565,103.7938346
709314,1.39545919,103.7016267
266837,1.317878694,103.7918497
129470,1.318339832,103.7575377
639248,1.331700714,103.6525356
267938,1.313829249,103.8014524
269324,1.322197866,103.7974769
269392,1.322425083,103.7979894
278257,1.310703409,103.7970911
596354,1.343675411,103.7744006
638037,1.303433061,103.6275888
739779,1.416573774,103.7577661
648865,1.351094014,103.700946
278793,1.317917333,103.7837086
640843,1.344190398,103.6940369
648613,1.354251322,103.6979071
588276,1.337373509,103.7858978
588347,1.337421669,103.7858979
589330,1.347152502,103.7764043
288000,1.334888151,103.7945858
118429,1.290750965,103.7803377
589089,1.336330634,103.7851974
266508,1.321314218,103.8034393
668281,1.376739018,103.758919
640622,1.340513135,103.6988816
641652,1.336679135,103.6983332
267862,1.3141378,103.7977443
669438,1.353484363,103.7593424
117682,1.290493255,103.7764856
286997,1.336374721,103.8053093
287817,1.33355391,103.8016887
277178,1.315910835,103.7805434
679357,1.37073431,103.7705563
680118,1.379871028,103.7506473
597938,1.343847682,103.7736014
596587,1.337442928,103.764741
599118,1.335199776,103.767516
689021,1.377552678,103.7455501
266714,1.320486019,103.7998061
269193,1.323618237,103.7997748
599507,1.324007629,103.7731201
638681,1.323860686,103.6582686
287745,1.327867416,103.8081805
118540,1.276049312,103.7933826
149157,1.291430109,103.8068821
587779,1.346444308,103.7768073
638523,1.337677143,103.6386892
117474,1.28863202,103.7770692
658465,1.369556496,103.7528533
596595,1.33712758,103.7651069
678791,1.36011713,103.7681593
127559,1.313154885,103.7577147
288019,1.34831365,103.7905845
269252,1.318315378,103.7935811
678384,1.358431455,103.7691747
117552,1.295467181,103.779774
678762,1.358350191,103.7684452
287891,1.332660383,103.7988818
644678,1.344864896,103.7033954
587929,1.344213673,103.7882792
287408,1.326694856,103.8083604
149060,1.289341111,103.8030241
267498,1.324121028,103.7945936
277113,1.317747326,103.7795188
129382,1.320000188,103.7591066
269521,1.323040821,103.8030668
287182,1.330813403,103.8095898
128084,1.31438448,103.7564523
267683,1.325842077,103.7943293
278752,1.314359416,103.781422
266445,1.319855559,103.8065473
658859,1.338481914,103.7609178
636956,1.349104541,103.6893581
598436,1.343676777,103.7690644
278734,1.309211458,103.8012771
267503,1.324574233,103.7985774
589188,1.342799435,103.7861837
677797,1.372844734,103.7736234
266223,1.31243992,103.8034025
670149,1.376745749,103.7667076
597461,1.324811541,103.7678675
596462,1.336907296,103.7686738
277865,1.329385281,103.7929147
277459,1.321209469,103.7894508
597755,1.342896721,103.7727333
609193,1.309699629,103.7360053
128760,1.30834553,103.7647451
288844,1.330962279,103.7997715
671468,1.388051905,103.7737289
129165,1.322720621,103.7566188
127769,1.313145911,103.7589035
680115,1.37893678,103.7511824
128374,1.307875639,103.7549349
598497,1.344996695,103.7662477
127239,1.313735368,103.7575752
628367,1.301785733,103.6653301
659526,1.342409479,103.7528634
598129,1.341179991,103.7729735
278290,1.314711156,103.7803298
640936,1.342567822,103.6891498
640953,1.34234943,103.6908741
269393,1.322451556,103.7980577
266222,1.313004519,103.8035679
596927,1.337842133,103.7655172
289064,1.336612754,103.8082008
599797,1.333921338,103.7706752
651263,1.350349378,103.7596415
728953,1.423953723,103.7473959
129482,1.318790902,103.7570823
638356,1.328916691,103.6766105
638355,1.329301442,103.6766929
680020,1.378754548,103.7531634
276810,1.317283221,103.7814372
728788,1.406383011,103.7489825
598927,1.33406016,103.766301
129407,1.320696638,103.7567617
269423,1.322536496,103.8098306
648789,1.352219503,103.701158
688666,1.392168053,103.7521721
129811,1.326657919,103.7614989
609342,1.32129337,103.7476489
129261,1.319060582,103.7577245
267991,1.320619145,103.8058009
596461,1.336964033,103.7686607
587880,1.343942938,103.7880447
688268,1.402783032,103.7468012
278828,1.314535344,103.7821027
279665,1.327163167,103.791318
138598,1.305925924,103.773853
639455,1.325085837,103.6555112
275851,1.327153738,103.7899289
266480,1.317260488,103.80423
276858,1.314854368,103.7843338
119457,1.27704097,103.7930324
619629,1.339171659,103.7309091
276606,1.320238506,103.7892203
267776,1.322365808,103.7927559
639149,1.3337744,103.6496188
629628,1.317969755,103.6761615
269404,1.322878636,103.7992214
269166,1.323603562,103.8010765
276598,1.320510605,103.789352
589104,1.337159211,103.7852345
677845,1.373136926,103.7725587
670257,1.378508736,103.7732123
266379,1.319354139,103.8068079
276175,1.326597213,103.7827739
268020,1.317871511,103.8026523
668805,1.360189445,103.7604353
599829,1.334981215,103.7726062
599158,1.334216857,103.767396
682684,1.403899578,103.7472363
128750,1.308101988,103.7643939
627510,1.333568771,103.6960252
266874,1.318716144,103.7894338
688660,1.392324928,103.7521479
680443,1.381286516,103.7375353
118640,1.287295295,103.7797109
269477,1.321837711,103.8048083
670109,1.377367365,103.7677488
148956,1.292617034,103.8060735
587879,1.343942938,103.7880447
118503,1.273397715,103.7980735
288993,1.333140509,103.8089138
628321,1.298524022,103.6665601
678720,1.368302462,103.7707927
275943,1.325998605,103.7917117
268055,1.322548397,103.8105996
680759,1.393218591,103.7467408
642987,1.336593345,103.6947739
642990,1.335277509,103.6947762
129547,1.318313119,103.7594972
678618,1.367353229,103.7695018
120376,1.318100065,103.7666926
120347,1.317179474,103.7707888
142030,1.298442637,103.8041872
129757,1.293292673,103.7690457
658659,1.37027909,103.751885
679829,1.370126112,103.7691397
278163,1.309852354,103.7986633
618494,1.324533415,103.7202283
276915,1.31568708,103.7784034
638561,1.336609189,103.6386296
589887,1.342240069,103.7878753
599079,1.333833717,103.7682085
276182,1.311956108,103.7830592
628509,1.314458886,103.6575995
149155,1.291358338,103.8070636
670417,1.383944333,103.7680932
670401,1.380554321,103.7687304
648690,1.352124636,103.6993075
277393,1.319152292,103.7883208
278306,1.314275796,103.7795839
669056,1.359769989,103.7584821
659582,1.344633199,103.7503421
276178,1.311808847,103.7833265
597533,1.324134928,103.7656587
588299,1.338950851,103.7856109
588778,1.335622982,103.788415
288630,1.332633539,103.804009
279699,1.331900455,103.791991
628764,1.328329032,103.6923181
629860,1.320255279,103.6856267
637457,1.345336482,103.6802939
627817,1.304382634,103.6733298
266860,1.318042429,103.789239
599630,1.342132004,103.772398
268240,1.322226123,103.796847
127411,1.311870692,103.7577738
149375,1.299674938,103.8065359
269986,1.322471605,103.7941435
596133,1.339038275,103.7699862
596134,1.339254952,103.7701461
639219,1.325241163,103.6463384
587891,1.343942938,103.7880447
587892,1.343942938,103.7880447
598786,1.339963278,103.7661961
598817,1.340578882,103.7656458
288054,1.348090534,103.7909668
289621,1.330573575,103.8002432
669009,1.36025376,103.7596998
629486,1.317457618,103.6672937
287375,1.32814617,103.8099755
127925,1.316131854,103.7566382
639815,1.345273189,103.6833621
148952,1.29813254,103.8009545
117684,1.288501609,103.7795434
119708,1.279790497,103.7879459
275852,1.327153738,103.7899289
127331,1.294358647,103.7664752
619396,1.322089959,103.7274982
618470,1.340285627,103.7191393
267893,1.316088784,103.794928
278426,1.309944013,103.7990491
599561,1.322869309,103.7731053
618493,1.300883706,103.7187596
599379,1.332933901,103.7672153
277344,1.31818054,103.7825732
269657,1.316007363,103.8019319
268746,1.328404983,103.8000449
668882,1.358856695,103.7601645
692131,1.356346199,103.7328585
693132,1.356498296,103.732108
679664,1.373146002,103.7666748
638527,1.337027946,103.6384275
609937,1.323357598,103.7509864
658420,1.369140933,103.7514575
275895,1.327524514,103.7904484
275896,1.327524514,103.7904484
648806,1.35222373,103.7005285
288758,1.336007663,103.7897858
597104,1.324965405,103.765554
600046,1.320030281,103.7404787
279317,1.321803394,103.7870734
118624,1.281848221,103.7829231
669956,1.357526104,103.7581524
688293,1.390571905,103.7518462
276852,1.314944079,103.7840446
267829,1.312919029,103.7969842
267966,1.320061476,103.804686
637095,1.270037149,103.6304437
287773,1.331436963,103.7983267
141157,1.293365525,103.8034593
276229,1.313268641,103.781522
269931,1.320521576,103.7920398
279607,1.324493177,103.7874073
608927,1.326144578,103.7382109
279304,1.322589607,103.787033
718920,1.419263273,103.6966559
718921,1.419263273,103.6966559
118872,1.282370061,103.7845823
596555,1.336554024,103.771959
117311,1.281076461,103.790607
117309,1.281117127,103.7905118
127452,1.294455883,103.7689203
680792,1.395166013,103.749224
680764,1.393181297,103.749135
658621,1.370857953,103.7520613
688680,1.391933706,103.7525601
677996,1.39809602,103.7543311
682818,1.377258748,103.7482919
669733,1.360655381,103.7622934
628913,1.328353563,103.6948208
279957,1.330875685,103.787457
597931,1.343110468,103.7737655
287678,1.328660178,103.8072857
598481,1.343995195,103.7671607
628399,1.294961172,103.6637301
628404,1.294961172,103.6637301
149601,1.306203537,103.7992192
289851,1.334342915,103.8086484
140022,1.293566229,103.7996226
638305,1.339152299,103.69214
288105,1.337583729,103.7904004
600272,1.342104131,103.7454087
648712,1.351859651,103.7006762
596956,1.33905486,103.7663044
589396,1.348863075,103.7881588
266357,1.318700626,103.8069939
670249,1.381002047,103.7740547
275864,1.326904716,103.7903339
670029,1.38333130550723,103.758102358547
639688,1.34520202,103.68432
639690,1.34520202,103.68432
117609,1.294760453,103.7805475
142048,1.300789009,103.7976262
269195,1.323889194,103.8037669
637833,1.292986971,103.6240915
277381,1.318659227,103.7878792
657993,1.35582937,103.7415943
587893,1.343942938,103.7880447
587894,1.343942938,103.7880447
638310,1.339446253,103.6919907
677858,1.372199089,103.7721652
287803,1.333653761,103.8001358
596817,1.338412273,103.7656998
128435,1.312198232,103.7499321
597395,1.326097376,103.7676477
648745,1.351663933,103.7001789
268797,1.326998461,103.7954094
287453,1.330666471,103.8082141
599553,1.322658348,103.7734892
588474,1.340393094,103.7811852
128619,1.309065449,103.7623513
679882,1.372415281,103.7693242
128242,1.307936262,103.756991
609925,1.325850013,103.7485882
119693,1.279907676,103.7884881
288908,1.328804067,103.8069959
690135,1.35395054963196,103.730809078771
268301,1.31772307,103.7937416
678417,1.359412536,103.7683415
267531,1.326503724,103.7961257
737996,1.417557164,103.7571359
279260,1.322043304,103.7845046
638730,1.321535992,103.6379233
266754,1.320331554,103.8088444
639652,1.352276256,103.6884096
289239,1.331876458,103.8064375
640676,1.346357669,103.7046591
609732,1.332884847,103.7394902
119434,1.274067141,103.7941789
648612,1.353474023,103.6976194
637564,1.299139828,103.6271611
289728,1.336995894,103.8036793
139936,1.294003844,103.7905458
148961,1.291614775,103.8050527
289539,1.333916906,103.7990361
289540,1.334004317,103.7990547
599262,1.334505246,103.769388
266779,1.322365223,103.8106429
658586,1.37039267,103.7508008
269400,1.322821363,103.798937
267437,1.323857508,103.7978085
269168,1.32332162,103.8011089
275926,1.326477015,103.7910334
276854,1.314930949,103.7841095
588996,1.338631653,103.7785854
588015,1.339426655,103.7829037
277010,1.315959441,103.7855092
659637,1.346245812,103.756179
600224,1.341714031,103.7367332
610141,1.327530458,103.7234215
637631,1.30002305,103.6274113
598510,1.343958929,103.7671935
269238,1.31540126,103.7906568
140037,1.297772317,103.7980171
269599,1.323266922,103.8057001
119822,1.282025661,103.8012866
118515,1.274925096,103.7950563
268788,1.328510022,103.795386
118508,1.274801409,103.7954723
268022,1.317863489,103.8025149
287164,1.33077138,103.809184
268506,1.321788985,103.7959493
118631,1.285282622,103.7804984
670618,1.385266156,103.7612879
678771,1.357982676,103.7682971
599846,1.334330988,103.7722751
138890,1.299567366,103.7935275
138754,1.300164306,103.7936465
138756,1.300516756,103.7938595
678611,1.367435239,103.7693276
597877,1.343752853,103.7717202
119362,1.278908536,103.789875
729479,1.407411765,103.7452904
629375,1.315087857,103.6615674
671029,1.38317455288026,103.758344710266
268217,1.318496827,103.8033135
669914,1.357960565,103.7593779
729554,1.43514996,103.748703
679761,1.371749332,103.7683563
287643,1.327629955,103.8065649
598580,1.340559012,103.7742321
639185,1.326109066,103.6475568
597420,1.329177384,103.7691789
678733,1.367776693,103.7706414
637555,1.295161147,103.6267861
597863,1.342936592,103.771652
286923,1.336404319,103.8058526
117867,1.283106718,103.7804923
268028,1.317415562,103.8023867
288959,1.331330183,103.8077833
276662,1.318276185,103.7884922
690127,1.357593194,103.7341749
596293,1.339501005,103.766518
128734,1.307742088,103.7640464
129114,1.321189953,103.7598212
598080,1.336965484,103.7656431
689907,1.377767718,103.7402534
679133,1.367093297,103.7687311
269214,1.323467784,103.8095924
127960,1.316692241,103.7565219
638891,1.32273822,103.642308
638584,1.333429307,103.6379718
288018,1.347237276,103.7900899
638764,1.318354802,103.6497092
639491,1.320335428,103.6594441
129471,1.319338844,103.7571253
268279,1.315358859,103.7938005
289441,1.335613247,103.8062858
597194,1.325060138,103.7685588
677766,1.372079644,103.7733634
678122,1.372270998,103.7634233
608591,1.335816752,103.751417
128249,1.310109859,103.7547312
127378,1.30880526,103.7612839
599613,1.342081038,103.773301
126900,1.312740875,103.7556763
289784,1.333490736,103.8026711
600245,1.341680798,103.7417833
287176,1.330799548,103.809454
598473,1.343757214,103.7678736
618780,1.333316365,103.7134021
596455,1.337309361,103.7685794
670221,1.375372172,103.7734541
670233,1.376526038,103.77168
638901,1.31986062,103.6394944
688237,1.373778512,103.7495278
142044,1.29895181,103.7985417
598891,1.334880578,103.7665783
669474,1.35532061,103.7592798
599250,1.334564814,103.7700482
279177,1.31341084,103.7853254
648586,1.354008562,103.6981346
679864,1.37235795,103.7693291
138997,1.287248408,103.7981063
691244,1.360859037,103.729122
128367,1.312956418,103.7539484
587881,1.343942938,103.7880447
599057,1.336055233,103.7678746
286999,1.336382664,103.8053591
599744,1.343507751,103.7750598
599549,1.322536978,103.7736834
279743,1.324708316,103.7828563
267590,1.325638679,103.798485
119630,1.291184599,103.7727782
118851,1.282663112,103.7858297
267914,1.317778124,103.7976228
276603,1.320691202,103.7906489
628047,1.306847129,103.6982964
688294,1.390935945,103.7518005
278420,1.310101454,103.7993569
638050,1.307279662,103.6297267
637331,1.347130489,103.6800338
718858,1.433197718,103.7083571
589138,1.339918056,103.7852236
639505,1.328490985,103.6531514
118565,1.277633313,103.7890314
127874,1.313122398,103.7560078
681456,1.37892531,103.7355066
276271,1.313180169,103.7801192
648525,1.353437908,103.6994254
127820,1.314774888,103.7558474
739703,1.415853471,103.7590303
598210,1.335396402,103.7720844
268197,1.317690275,103.8035715
128292,1.310931044,103.7546699
677819,1.372269565,103.7739884
260003,1.318333372,103.8080972
599305,1.333679723,103.7676811
679818,1.369795202,103.7685823
679399,1.372614623,103.7716896
598721,1.354068622,103.7672955
668602,1.359799126,103.7623307
598287,1.334233568,103.7807056
277484,1.321167165,103.7889007
637227,1.317966781,103.6346328
266873,1.318716144,103.7894338
671510,1.387043733,103.7689836
277735,1.31030808,103.7946821
269157,1.323427127,103.8017825
599559,1.322804988,103.7732186
277420,1.319483637,103.7878166
679358,1.370441981,103.7704017
268517,1.32298174,103.795752
276822,1.317745365,103.7808788
689529,1.399311519,103.7488067
628902,1.331803573,103.6929972
670632,1.384707041,103.7587482
127515,1.31586173,103.7545557
648859,1.351099785,103.7007834
596978,1.338766008,103.766243
288214,1.336772691,103.7908232
118056,1.278582212,103.7909366
127919,1.316463814,103.7563827
268062,1.322180358,103.8102708
729483,1.407984621,103.7458093
609037,1.304693317,103.7388551
639135,1.330753929,103.6469824
680637,1.397379525,103.748139
681670,1.402678963,103.7475625
599731,1.342560179,103.7752545
599313,1.333524363,103.7671686
613341,1.34003116941086,103.722659760248
639049,1.33496623,103.6446359
598005,1.338604795,103.7708634
588788,1.336595742,103.7883693
739913,1.416794141,103.7606542
128348,1.308454834,103.7557518
269002,1.32323679,103.8074318
596386,1.345135092,103.7722683
266748,1.320957001,103.8093888
287620,1.332274189,103.8100021
278304,1.314870503,103.7794493
598111,1.336148354,103.7668408
637481,1.300926459,103.6249429
127763,1.313084471,103.7586777
127599,1.314886854,103.7575368
128016,1.314660926,103.7589676
119038,1.292487072,103.7691678
598739,1.356716357,103.7670113
599509,1.323988591,103.7731845
596297,1.339510818,103.7662294
118144,1.279674842,103.7865893
276823,1.317786683,103.7808445
596920,1.337723101,103.7650383
118195,1.277881939,103.7890429
267268,1.32601375,103.7987522
120356,1.313959671,103.7698314
669426,1.353130562,103.7596449
679040,1.364514679,103.7687088
597875,1.343589422,103.7716952
678212,1.370070928,103.7671068
628876,1.333173049,103.691942
128686,1.307797953,103.76243
128629,1.309280243,103.7621818
589639,1.333464144,103.7878292
138668,1.303756659,103.7919333
119641,1.292286501,103.7729917
599165,1.333641575,103.7667471
289278,1.333931658,103.8053159
288641,1.333974075,103.8046403
628779,1.329584157,103.6923411
269399,1.322753027,103.7988034
596800,1.339209599,103.7645897
118568,1.27773832,103.7887384
266354,1.323198512,103.7994814
278622,1.317497826,103.7868272
279980,1.331270668,103.7946716
267310,1.325768467,103.7954662
268023,1.317378859,103.8025956
669446,1.354108081,103.7590794
267226,1.32432229,103.7967239
648782,1.351996005,103.701523
680103,1.377130782,103.753556
289499,1.331624107,103.807137
267266,1.326214264,103.7988334
614140,1.3275913,103.7246319
612140,1.327275628,103.7235746
267704,1.325822759,103.7933308
129015,1.320942725,103.7563396
129858,1.317172141,103.7665558
276254,1.312632045,103.7810586
640988,1.33615351,103.6955012
268408,1.322105873,103.7928745
268638,1.320153314,103.7938204
288499,1.327172258,103.809974
678824,1.360383031,103.7678265
599060,1.335342085,103.7678626
668234,1.374062826,103.7574021
129113,1.321284096,103.7596348
640657,1.335417189,103.7009171
644663,1.338844407,103.7023394
644658,1.337216728,103.700758
118078,1.278424396,103.7902404
267060,1.315091963,103.7923635
268371,1.321907929,103.7935023
287855,1.332722245,103.7999682
670487,1.389173062,103.7711062
278115,1.31074695,103.7964308
638513,1.312956287,103.6566636
672032,1.38464160839217,103.756377023479
670032,1.38428101589455,103.757018214505
671031,1.38389049559482,103.756941560859
672029,1.3836705141393,103.757967014192
638258,1.338078732,103.6912985
119333,1.280139926,103.7900669
729244,1.413665854,103.7491032
120351,1.31535007,103.7708614
279204,1.312524011,103.7846191
279992,1.331267786,103.7939965
669244,1.353833759,103.7576101
596617,1.337731225,103.766015
669184,1.354189592,103.7598054
596818,1.339261486,103.7655307
681445,1.381221878,103.7366364
668900,1.359118837,103.7596323
639034,1.333417537,103.6449117
588805,1.336444262,103.7873717
668721,1.359432275,103.7585808
287893,1.332850716,103.798817
289284,1.334293081,103.8053295
288421,1.328324811,103.8117001
680154,1.379644876,103.757747
680790,1.395930126,103.7497309
287804,1.3336607,103.8008444
127240,1.31509765,103.7574167
729337,1.413592911,103.7516758
619362,1.319082563,103.7139551
129184,1.323282636,103.7565377
729140,1.416033345,103.7487733
287476,1.329594096,103.8086567
688691,1.391293302,103.7526668
588132,1.347134741,103.7709394
679246,1.368811324,103.7681335
269981,1.322753704,103.7936389
669071,1.359448791,103.7577759
610329,1.337460885,103.723845
596440,1.345677406,103.7720452
658449,1.369533772,103.7523867
658451,1.369537078,103.7524381
671641,1.387803369,103.7618703
671643,1.388366587,103.7627195
279645,1.329180177,103.7903056
677993,1.397952337,103.7533849
287701,1.329485057,103.8078136
668789,1.359665846,103.7613558
636834,1.266342066,103.6225954
140160,1.292096907,103.8042298
141148,1.294582086,103.8038524
737651,1.430915691,103.7545509
129426,1.320319288,103.7563274
129552,1.318953104,103.7595813
278753,1.314485999,103.7809596
278347,1.315274497,103.7871881
128402,1.31156946,103.7508059
729033,1.418875251,103.7492239
276148,1.325854401,103.7842826
600335,1.350219535,103.7321627
600338,1.350220569,103.7312606
659548,1.339872097,103.7560691
601287,1.338468625,103.7438082
693111,1.355373862,103.7334482
658826,1.338065651,103.7614865
649407,1.349303519,103.7202907
127323,1.294262335,103.7666614
117328,1.281424107,103.7888599
708965,1.390491731,103.6886548
638590,1.33373853,103.6389711
619890,1.336245713,103.7112203
279984,1.331270668,103.7946716
267694,1.325566258,103.7940091
119798,1.284066323,103.7968373
638378,1.335010224,103.6439149
636912,1.279103814,103.6342819
627997,1.32496933,103.6900457
669259,1.353340915,103.7577227
287952,1.335334895,103.8014505
588899,1.340677027,103.779656
668600,1.35970544,103.7624128
670228,1.375346635,103.7709554
729150,1.41706781,103.7455559
278342,1.315669882,103.7873716
619899,1.337359656,103.7130205
129372,1.320669427,103.7590407
639979,1.347986589,103.6834233
268107,1.320760069,103.8073519
609919,1.32556778,103.7498467
658645,1.370255173,103.751362
619935,1.33335433,103.7145957
636959,1.353819993,103.6882429
277189,1.314984409,103.780033
128373,1.307529479,103.7550372
638735,1.319940688,103.6381241
128799,1.31754401,103.7605028
128814,1.317287331,103.7591262
648571,1.351378786,103.6992059
276878,1.312937444,103.7854779
269337,1.321708887,103.797598
588312,1.339972681,103.7860212
599817,1.334768263,103.7721852
638510,1.313386258,103.6562638
642986,1.337174017,103.695529
643989,1.335801698,103.6951451
129222,1.322496849,103.7557663
287419,1.327610337,103.8071754
599399,1.335608918,103.7683592
288972,1.332379072,103.8082213
639197,1.323809194,103.6479197
269862,1.314717424,103.7984783
599085,1.336727498,103.767749
729478,1.411327756,103.7424137
648815,1.352689725,103.7004776
270003,1.311998913,103.7871897
272013,1.309494181,103.7887246
728777,1.405919866,103.7510607
127858,1.313725084,103.7565593
650332,1.363759683,103.748198
729365,1.422244965,103.7508353
129172,1.323097543,103.7559967
139216,1.303983284,103.7862792
658640,1.370615676,103.7512707
140143,1.293482013,103.8049167
129054,1.321395568,103.7565463
278984,1.31142615,103.7955431
129535,1.31767042,103.7587918
277476,1.32064863,103.7887181
640943,1.343694927,103.6897893
266753,1.320472464,103.808972
619345,1.307960003,103.7220583
629785,1.330392748,103.7029041
688423,1.39061662,103.7506781
127887,1.312304565,103.7565345
278293,1.314706411,103.7801557
639933,1.335216639,103.6488891
287136,1.330202216,103.8093149
278830,1.314320483,103.7820356
119347,1.279754065,103.7899096
279114,1.31222056,103.7850113
279118,1.312321385,103.7850955
267335,1.325139927,103.7973451
128368,1.309377227,103.7557513
738003,1.417359966,103.7576445
269005,1.32297663,103.8072787
689028,1.377235913,103.7455656
609136,1.310725919,103.7333
683684,1.404543658,103.7472827
126869,1.308438077,103.7653372
729044,1.41934634,103.7453823
638040,1.308777356,103.6315364
596912,1.338049395,103.7645156
596395,1.345444492,103.7724148
589742,1.33849597,103.7866485
289361,1.336724466,103.8078692
677780,1.373359758,103.7728155
127217,1.314709311,103.7568112
678187,1.375394617,103.7628464
678188,1.375394617,103.7628464
639732,1.347192231,103.6843011
287060,1.33633627,103.8049252
638935,1.319160326,103.6396462
641657,1.33541318,103.7002893
643648,1.338967611,103.6979498
640643,1.339252294,103.6956902
640651,1.337118834,103.6971563
276611,1.320431001,103.7902933
589033,1.336470695,103.7848066
670449,1.384170966,103.772387
629296,1.318208858,103.6672301
588464,1.339713019,103.7812826
738010,1.417720086,103.7575998
658416,1.36913589,103.7513518
628000,1.325677374,103.6893753
128960,1.3220481,103.7562809
587964,1.344803346,103.7884882
619348,1.307960003,103.7220583
289546,1.334324305,103.7986796
288505,1.326753345,103.8103127
279510,1.313544409,103.7836241
599136,1.335071742,103.7669181
689477,1.376630605,103.7438297
120111,1.323216054,103.7711261
639755,1.353516042,103.6868541
120413,1.311347304,103.7710974
638514,1.312833878,103.656773
269285,1.321171215,103.7956248
597232,1.329074519,103.7689869
739780,1.416640682,103.757812
589193,1.342607926,103.7859645
671030,1.38351435896129,103.757419161569
658572,1.369564212,103.7509092
688629,1.392055198,103.7517358
269108,1.324284669,103.8059776
641666,1.339768,103.7013798
275951,1.326201153,103.7911207
269613,1.323786694,103.8041437
638059,1.307682025,103.6291105
639978,1.34774536,103.6834163
668311,1.377032087,103.7591149
691105,1.35125856026611,103.736257333077
118328,1.208418061,103.7922142
648465,1.35142539,103.6987224
269667,1.317863901,103.8020172
669731,1.360610876,103.7624075
599732,1.342633791,103.7752401
589736,1.337821175,103.7871751
269527,1.322797248,103.8019031
287247,1.327739309,103.8079483
119348,1.279357016,103.790316
680485,1.374998438,103.7377443
681486,1.375060591,103.7384223
589222,1.342595319,103.7846992
598835,1.340757265,103.7661744
688777,1.391960486,103.7512513
288944,1.330628388,103.807543
629020,1.328573224,103.6742481
596131,1.338636207,103.7703227
596132,1.338801653,103.769878
287378,1.32804002,103.8102625
729373,1.425932299,103.7505964
276419,1.325659943,103.7926831
127185,1.294885514,103.7663141
609262,1.301661528,103.7522775
279319,1.322078742,103.7876431
140106,1.308226033,103.7995913
140104,1.307958753,103.7999769
289043,1.335944987,103.8076701
628793,1.329597038,103.6895743
588270,1.336003448,103.7862264
266809,1.319377755,103.7903746
288489,1.327326517,103.8104628
599618,1.34208615,103.7729146
119078,1.298451707,103.775152
669090,1.36048881,103.7594203
599083,1.336906378,103.7677168
629608,1.321495831,103.6747219
618460,1.34075953,103.7188468
277444,1.319193099,103.7878306
650501,1.351493194,103.7549981
680134,1.380266095,103.7509568
118671,1.288584815,103.7763155
599599,1.342113182,103.7751209
597200,1.325542929,103.768749
128967,1.321752067,103.7555601
266491,1.318058386,103.8040006
629606,1.320598947,103.6735996
629404,1.310778091,103.6645259
589450,1.334966335,103.7876085
688323,1.390762682,103.7509896
129354,1.318911545,103.7591632
277993,1.311161462,103.7979843
287478,1.329526191,103.8087462
289845,1.333373099,103.8095109
268700,1.312831901,103.7956051
679450,1.36933579,103.7720125
117486,1.285457619,103.780359
289620,1.330506421,103.8003983
637653,1.293342835,103.6376222
266346,1.323170484,103.8001826
129362,1.319213398,103.7598394
640844,1.344938255,103.6923822
638737,1.323035514,103.6332311
118962,1.291649715,103.7719548
129168,1.322874192,103.7563614
127402,1.312356229,103.7580783
669508,1.355015553,103.7609007
648925,1.341286256,103.7174232
628004,1.326514954,103.6893687
688354,1.391313129,103.7501185
127189,1.294694036,103.7659459
637109,1.277565493,103.6339736
729345,1.416206523,103.7507772
276146,1.325965341,103.784349
688709,1.390252106,103.752822
128015,1.314844699,103.7587189
128697,1.307683927,103.7629968
126832,1.295203567,103.768207
267850,1.315498702,103.7980682
269327,1.321406166,103.7971977
600021,1.323680649,103.7391562
628172,1.325811039,103.6920189
679252,1.369097507,103.7682772
267026,1.314980509,103.7935051
596460,1.337020769,103.7686477
680673,1.401328025,103.7481361
596560,1.336937408,103.7709902
640848,1.345708272,103.6920181
638779,1.317838052,103.649515
648435,1.353509764,103.6983378
128326,1.308835906,103.7562898
277053,1.31602715,103.7843061
141039,1.297306017,103.8063668
140068,1.298984374,103.7960772
127560,1.31379559,103.7582648
689581,1.395598361,103.7520479
729504,1.407107397,103.7446421
269203,1.325147092,103.8028763
610116,1.334809879,103.7232574
588799,1.336365133,103.7876863
669461,1.355316535,103.758471
589827,1.336399125,103.7868792
587918,1.344213673,103.7882792
641515,1.345995128,103.7207743
648924,1.34133454,103.7171583
268286,1.318057904,103.7940277
718834,1.425792332,103.7179387
668884,1.358882495,103.7601098
140039,1.297132019,103.8066446
287389,1.328835031,103.8087097
680111,1.377879046,103.7521037
588500,1.341600638,103.7821806
648834,1.350758175,103.6998624
119611,1.291699204,103.7735079
129307,1.319277734,103.7585372
129582,1.322308927,103.7616796
277120,1.3174886,103.7808125
637370,1.289094626,103.6265246
670153,1.374972167,103.765519
599835,1.335190249,103.7727639
140024,1.297677087,103.7996368
587939,1.344503461,103.7884026
266478,1.317070812,103.8043387
728643,1.436010501,103.744594
638221,1.338345161,103.6901164
588283,1.337112116,103.7863673
118882,1.281916311,103.785193
658601,1.370893402,103.7527806
629583,1.314401932,103.6631701
678146,1.373342068,103.7631474
117824,1.277336291,103.7901713
268248,1.322668004,103.7968053
729352,1.415791396,103.7522894
118148,1.279883544,103.7867299
129105,1.321893788,103.7587873
639583,1.332459904,103.6377149
129474,1.318257416,103.7574466
729367,1.423072305,103.7513448
598923,1.334108132,103.7664081
608564,1.316288892,103.7310209
629240,1.31832888,103.665762
596816,1.339237497,103.7653917
587764,1.346439978,103.7773817
598177,1.335686229,103.765282
269972,1.323096994,103.7937437
289431,1.334661485,103.8067382
668303,1.376628672,103.7594016
648444,1.353145426,103.6976455
648369,1.347837422,103.7040949
658658,1.370642324,103.7518965
598380,1.344632757,103.7679703
268666,1.327230107,103.7966446
288701,1.334031864,103.8021273
699000,1.384629526,103.7264439
275750,1.310340808,103.8028913
698951,1.386398192,103.7259364
129035,1.321065898,103.7572643
278199,1.311536683,103.7989395
278312,1.313940376,103.7790143
637004,1.277725166,103.6323233
597962,1.343387895,103.7732449
287233,1.326908925,103.8084994
639644,1.352596185,103.6878708
279408,1.324738556,103.7854861
718864,1.435693636,103.7168705
288943,1.331441331,103.8074158
718891,1.428767891,103.7148817
596694,1.340488903,103.7697602
279335,1.320821817,103.7866995
269778,1.328877739,103.8016099
121801,1.300481923,103.7639972
266116,1.322467263,103.8026967
679809,1.37030433,103.7684563
638588,1.334708795,103.6366143
128520,1.305542449,103.7643803
119334,1.279751823,103.7903926
588785,1.33625973,103.7884391
267887,1.316540334,103.7965047
598049,1.336002779,103.7676752
618478,1.339768553,103.7190288
650644,1.348666809,103.7517903
679293,1.368370274,103.7693693
289313,1.332912399,103.8072568
680015,1.379133573,103.7547387
671632,1.38541446,103.758031
718913,1.437719157,103.7253774
588275,1.336609562,103.786445
669617,1.362556907,103.7652338
600281,1.33989545,103.7464149
600273,1.342661948,103.7453109
600277,1.341318927,103.7467257
648623,1.354059496,103.6977159
658583,1.370235179,103.7507342
688640,1.392901195,103.752078
629629,1.318368161,103.6761938
276881,1.312879989,103.7855498
127779,1.313204394,103.7592032
588229,1.33613641,103.7857566
618815,1.334269204,103.7106841
637638,1.299385477,103.6275563
279147,1.31437879,103.783777
289253,1.33248419,103.8058152
289258,1.332400535,103.8054259
658264,1.368015689,103.7517392
669817,1.358184058,103.7589142
609474,1.345849555,103.7345731
699967,1.38690803,103.7259533
650161,1.348469158,103.7420508
598597,1.340574058,103.7729634
279422,1.324614118,103.7868125
628054,1.309120342,103.7091064
678382,1.358775424,103.7691272
618350,1.338987854,103.7172303
269164,1.32353428,103.8013395
267533,1.326889735,103.7964119
119428,1.274005518,103.7948976
278983,1.31135604,103.7955188
276728,1.331901048,103.7914748
668226,1.374208006,103.7573194
276190,1.312221749,103.7823052
618372,1.339244409,103.7172261
678091,1.361064637,103.7674741
639085,1.323328005,103.6431959
729366,1.425946908,103.7481393
596306,1.342350892,103.7747121
627943,1.331882003,103.7050688
266912,1.324197624,103.8084258
130012,1.304992003,103.7858075
287388,1.328798548,103.8087607
269578,1.322741852,103.8061264
600034,1.319879635,103.741754
277118,1.317414906,103.7808954
729672,1.408771327,103.7483043
729448,1.419793497,103.7423907
118879,1.282051574,103.7849942
268623,1.320815015,103.7945661
737962,1.416435672,103.7557188
641988,1.33648744,103.6956145
680765,1.392723462,103.7497483
289210,1.331396044,103.8068897
276248,1.312825804,103.7811051
678702,1.3677955,103.7701085
677950,1.39737409,103.7543585
279521,1.322720255,103.7843461
277060,1.316131012,103.7857673
638311,1.339553336,103.6919057
680617,1.400470532,103.7463435
126852,1.307917697,103.7647126
639516,1.330229394,103.65133
129422,1.320427168,103.7564527
668729,1.357731075,103.7617218
679975,1.378151554,103.7740902
139967,1.298365869,103.7859462
266494,1.318440275,103.8040208
266595,1.327418315,103.7980655
596750,1.339484483,103.7667079
127318,1.293964307,103.7664314
266589,1.327836885,103.798356
596278,1.335195206,103.770461
678054,1.3591289,103.7676597
589163,1.342078603,103.7844774
120358,1.313585749,103.7690843
289306,1.335123588,103.8053557
688566,1.391584985,103.751484
658625,1.370852259,103.751918
688684,1.391719016,103.752592
599513,1.323913068,103.7732935
641613,1.33958969,103.7004895
269239,1.315791151,103.7906846
277826,1.329871,103.7937739
119530,1.278538241,103.7917536
639145,1.331227865,103.6485714
127755,1.313028672,103.7584437
629535,1.312317041,103.6608698
670622,1.385932525,103.761421
276715,1.331384958,103.7918888
127156,1.309764594,103.7624886
680684,1.404144267,103.7464138
287376,1.328118611,103.8100461
277261,1.318560404,103.7819591
627794,1.308783198,103.6748279
627793,1.308771754,103.6747388
267655,1.325128151,103.7960289
129296,1.319926527,103.7586731
598026,1.337257899,103.7699341
679670,1.374682356,103.7672454
599410,1.335641842,103.7687212
658639,1.370246625,103.7511544
677662,1.365465521,103.7717733
269023,1.321909386,103.8064858
658249,1.36839615,103.7521979
667971,1.362862088,103.7634339
680472,1.379085441,103.7375424
680446,1.380712996,103.7368914
597144,1.327506656,103.7655823
678385,1.358249653,103.7692063
276368,1.310656467,103.7986747
117846,1.277854337,103.7898693
588150,1.347593564,103.7701786
268530,1.323080811,103.7955066
658759,1.340350675,103.761127
679575,1.371487614,103.7655651
267691,1.326031933,103.7939295
637090,1.273317885,103.6329466
636962,1.279116022,103.6354489
627939,1.331213249,103.7050596
118257,1.289029359,103.7905279
279296,1.322488679,103.7863999
149862,1.289881914,103.8057503
266624,1.321896362,103.8118612
636740,1.352849905,103.6916197
658731,1.33934093,103.7608852
287084,1.33773794,103.8047365
287085,1.337785165,103.8047627
649296,1.348330172,103.7181557
279269,1.321839385,103.7851507
640735,1.346155209,103.7011694
287472,1.329749843,103.8084329
648694,1.351796605,103.6991646
596235,1.335771685,103.7710819
289415,1.333859617,103.8068203
128752,1.308126066,103.7644449
276859,1.314762313,103.7844643
668320,1.376785962,103.7595858
128566,1.306041902,103.7661757
139691,1.3063088,103.7926573
277400,1.318750554,103.7870562
287081,1.337607014,103.8046682
287083,1.337698554,103.8047144
658695,1.371806408,103.7526991
276361,1.310357404,103.7988519
269454,1.321541308,103.8072118
639757,1.353875331,103.6873301
681678,1.401559398,103.7447432
596977,1.338140383,103.7663943
679141,1.366884352,103.7692854
728874,1.428466712,103.7478406
119555,1.276853864,103.7917422
609294,1.302883608,103.7476996
127764,1.312813918,103.7589894
599374,1.332941361,103.7674384
275922,1.326879264,103.7910237
117325,1.281328972,103.790677
288928,1.329987452,103.8071912
598730,1.355137414,103.7668017
639146,1.331377661,103.6490487
276902,1.316076528,103.7804109
267230,1.324385909,103.796708
119293,1.277290669,103.7912568
268238,1.322143381,103.7966303
648811,1.352628185,103.7005664
119079,1.296198694,103.7825377
267365,1.324431349,103.7951481
648492,1.35095352,103.6991862
640645,1.33903532,103.6964613
598502,1.345557097,103.7662815
267479,1.323343697,103.7959272
596335,1.343221047,103.7748577
139244,1.305854012,103.7866685
638072,1.311348941,103.6281202
119498,1.277139858,103.7911952
587760,1.34659126,103.7775539
587758,1.34659126,103.7775539
587759,1.34659126,103.7775539
275911,1.326879264,103.7910237
287619,1.332294599,103.8101575
639029,1.332139752,103.6425168
639634,1.352960465,103.6872221
267205,1.323894119,103.7964777
126902,1.312863764,103.7555864
598307,1.333468094,103.7786466
118690,1.289785144,103.7762275
671028,1.38167479549258,103.759258301143
673028,1.38258761967718,103.758726722903
668217,1.374839429,103.758522
598754,1.339893839,103.76661
679385,1.372576607,103.7702286
276614,1.320028927,103.7890958
276431,1.325900191,103.7926346
628819,1.331056283,103.6961613
287471,1.32920758,103.8099332
287411,1.326943485,103.8080702
287527,1.327340627,103.8096038
598214,1.335529059,103.7722658
588627,1.341738284,103.7883147
120105,1.32271179,103.7698881
118621,1.281761795,103.7829886
119541,1.280138377,103.7909928
269371,1.322161064,103.8003094
627938,1.330659258,103.7056721
117281,1.286151504,103.7922222
650335,1.364549925,103.748093
650317,1.360639765,103.7476384
288511,1.326327075,103.8100519
266076,1.311463256,103.8031807
728868,1.428565375,103.7509692
628009,1.327333672,103.6890404
639342,1.322199815,103.6528183
278076,1.309847519,103.7975204
268550,1.324008403,103.7940287
648439,1.353388703,103.6978454
126849,1.308161883,103.7649653
141088,1.301864727,103.7981743
692119,1.357165928,103.7355427
648721,1.352013648,103.7004513
648386,1.35242223,103.6998839
276572,1.322912932,103.7918851
638096,1.310074115,103.6304729
128149,1.308206422,103.7630614
739869,1.414760592,103.7589361
287566,1.330475377,103.809558
619900,1.337346715,103.7132233
275910,1.326879264,103.7910237
638255,1.338201636,103.6914578
650281,1.347499207,103.7576174
650278,1.347851401,103.7577742
670608,1.382901976,103.7613682
650344,1.362581762,103.7498728
658647,1.370258935,103.7514543
688706,1.390410359,103.7528075
289094,1.333533835,103.8054829
277674,1.311192604,103.7952914
638419,1.341573238,103.6393576
278539,1.310302428,103.8021003
288920,1.329479193,103.8074679
669039,1.360544778,103.759048
688693,1.391186338,103.7526851
639269,1.332252665,103.6459196
629415,1.312484657,103.6641015
599146,1.334652724,103.7666366
600311,1.347666576,103.7325787
648163,1.345509969,103.7259781
598297,1.335009094,103.7789591
276619,1.320530374,103.7898614
139220,1.305665797,103.7870863
679448,1.369425399,103.7717348
639192,1.329722371,103.643304
688574,1.391643047,103.75124
679871,1.371523812,103.7687328
275949,1.32601843,103.7915363
138757,1.300630435,103.7945454
680309,1.385100798,103.7455538
126888,1.311279006,103.7546859
637257,1.318187177,103.6296852
618330,1.339297212,103.7177163
119426,1.274182175,103.7947416
610121,1.335704025,103.7240782
118188,1.280414592,103.7908776
588674,1.335182712,103.7875402
288184,1.337655404,103.7907398
619896,1.33673681,103.7136662
289495,1.331611364,103.8072179
598203,1.334949491,103.7717014
587969,1.347036142,103.7727523
140158,1.292740384,103.8028067
140149,1.294799758,103.8046091
286727,1.328574053,103.8062016
670166,1.37748345,103.7653911
670171,1.378969537,103.766375
597828,1.342311803,103.7733176
678545,1.360377508,103.7686444
268027,1.317868319,103.8022107
728854,1.428611695,103.749114
659544,1.341364426,103.7560805
636857,1.324191763,103.643579
286957,1.336209954,103.8056619
127852,1.313885121,103.7564656
599804,1.333793574,103.7710611
672028,1.38215647586079,103.758988271524
267423,1.324161585,103.7987527
277166,1.316487161,103.7811916
669011,1.35966908,103.7600037
679134,1.367044357,103.7687638
289537,1.333797343,103.7988931
640456,1.350675728,103.7200224
269106,1.323962219,103.8060644
599708,1.345056613,103.771431
588046,1.338270763,103.7827902
679708,1.37070397,103.7688674
119300,1.277673761,103.7910953
678562,1.360692751,103.7689791
670455,1.387291051,103.7708221
670458,1.388043942,103.7710676
670547,1.388240217,103.7695754
289432,1.334841205,103.8070234
129268,1.318979621,103.758281
128477,1.307186103,103.7574918
598385,1.344508775,103.7676049
140154,1.29361494,103.8037425
127327,1.294358647,103.7664752
126835,1.295641953,103.7683834
598551,1.344944206,103.76596
287653,1.328460097,103.8075524
276192,1.312330624,103.7825067
118562,1.277556458,103.7892152
287308,1.328885533,103.8085831
289412,1.333774668,103.8074362
127373,1.30812643,103.7611113
679886,1.370247085,103.7684615
118923,1.29234484,103.7707928
588909,1.340784078,103.779798
587763,1.346439978,103.7773817
276243,1.313285014,103.7810367
267478,1.323282851,103.7959369
691116,1.356403794,103.7349996
120466,1.309354046,103.7668762
669083,1.360047164,103.7570874
289039,1.335660671,103.8071069
589175,1.342997583,103.7854848
598561,1.344851798,103.7655518
138608,1.305479039,103.7732306
138596,1.306456495,103.7736182
128047,1.297176086,103.7649505
267399,1.325529433,103.7933577
680758,1.393171515,103.7461337
670152,1.375224695,103.7659225
670104,1.378803995,103.7679688
670155,1.37531521,103.7650289
670170,1.378562756,103.7660978
671163,1.377216492,103.7643248
637710,1.291822357,103.6232302
275749,1.310496368,103.8023922
267392,1.325427012,103.793799
275751,1.310727313,103.8019209
278541,1.310486953,103.801901
599265,1.333609372,103.769243
629524,1.308861437,103.667123
618652,1.330020322,103.723953
287284,1.329843964,103.8079443
619340,1.308738546,103.7223559
288922,1.329749899,103.8072351
278242,1.310559705,103.7979514
599913,1.337184976,103.7733764
597701,1.342829474,103.7718358
680618,1.400350096,103.746993
277050,1.316238791,103.7849081
588044,1.338330178,103.7831754
688619,1.392074746,103.7520345
598847,1.340768956,103.7666957
269910,1.313748145,103.7985361
287556,1.330417445,103.8099391
266980,1.322766173,103.8084009
598978,1.336746764,103.768453
598980,1.336742519,103.7683986
128617,1.308382355,103.7616768
279702,1.332239303,103.7920217
600107,1.337786345,103.7381319
600110,1.338870882,103.7362185
268434,1.321448982,103.7905569
598930,1.33566676,103.7658672
599802,1.334701255,103.7716631
619199,1.328858494,103.7161589
677760,1.37239673,103.7732964
680287,1.378930955,103.7415643
276499,1.328020415,103.7941904
138828,1.293575689,103.7986216
658462,1.369208193,103.7527344
588487,1.341183773,103.7823358
287534,1.328165996,103.8087367
679580,1.371254893,103.7664161
266593,1.327499666,103.7976547
289888,1.325513643,103.8130298
596243,1.33570453,103.7708769
618442,1.340551828,103.7181765
127897,1.314905302,103.7566191
129384,1.320176097,103.7589502
597555,1.346550717,103.7641299
277063,1.315939031,103.7823951
127396,1.311798654,103.758177
669507,1.355015762,103.7609627
589048,1.337629207,103.7849438
598948,1.335046187,103.7657473
589139,1.339844239,103.7847783
637365,1.289417791,103.6257515
692244,1.360936169,103.7286379
609602,1.33673824,103.7438124
658564,1.370530329,103.7535182
610161,1.329776329,103.7215859
610160,1.329130473,103.7215021
610158,1.328960825,103.7222796
287288,1.329574796,103.8082807
600130,1.334724905,103.7393213
638483,1.319662618,103.6613184
259240,1.319774641,103.8096022
279099,1.31255974,103.7838681
588862,1.341521275,103.7817735
629877,1.305489615,103.6801773
629418,1.313174925,103.6634234
729649,1.402309826,103.7539971
651439,1.356821604,103.7403305
268064,1.32257107,103.8101699
668377,1.374702914,103.7572816
639747,1.347070358,103.6851967
278987,1.311554336,103.7954681
278315,1.314294908,103.7788849
640440,1.351311469,103.7228363
289502,1.331650619,103.8070853
289702,1.333230238,103.8037789
596244,1.336067621,103.7708467
648774,1.351348147,103.7015312
669482,1.355310975,103.759582
117621,1.2912342,103.7693303
639190,1.328194116,103.6438941
629530,1.311005215,103.6626857
628823,1.331057296,103.6958363
729361,1.419564311,103.7519983
639105,1.326003513,103.640148
639217,1.325823525,103.6459293
129162,1.322539526,103.7567637
276916,1.31568708,103.7784034
589091,1.336390718,103.7852066
128525,1.305096634,103.7645907
678613,1.36740825,103.769385
288899,1.328093874,103.8064628
118822,1.290120229,103.776351
679240,1.368633271,103.7686362
279991,1.33147167,103.7935789
688249,1.40110742,103.7411953
599413,1.335337687,103.7692131
138941,1.294349379,103.7965369
677843,1.371559187,103.7735304
597397,1.326297788,103.7677614
128555,1.305928595,103.765938
276936,1.316265467,103.7795464
680343,1.383417501,103.7456863
266432,1.319773999,103.8059251
128040,1.299199857,103.7653883
268241,1.322589941,103.7964427
599715,1.34155282,103.772003
127666,1.317631023,103.7552952
589126,1.339252061,103.7852811
688994,1.377701577,103.7473766
269676,1.317071748,103.8012488
629887,1.302349063,103.6787786
648387,1.352600197,103.698992
118936,1.291946984,103.7717872
669134,1.360109353,103.7626697
122209,1.323071833,103.7638587
629119,1.304988302,103.694931
279842,1.331456034,103.7910441
268639,1.319983718,103.7939537
138690,1.295486817,103.7967517
278971,1.310555157,103.7955398
688795,1.385573672,103.7518866
127923,1.31622596,103.7565672
668280,1.376835829,103.7588564
597744,1.342851003,103.773133
648164,1.345136979,103.7259712
678554,1.359909276,103.7689064
588611,1.337363597,103.7887806
269771,1.329046362,103.8011462
639503,1.328557406,103.6535635
678031,1.397979822,103.7532609
119534,1.279352678,103.7911512
267308,1.326071015,103.7957652
275865,1.326904716,103.7903339
669186,1.354187502,103.7598674
588320,1.3403851,103.785962
677800,1.372548173,103.7734811
289437,1.335221162,103.8065086
640695,1.34256318,103.7074222
117686,1.281686596,103.7867231
637077,1.277642521,103.637315
629523,1.310227558,103.6660628
149864,1.290150472,103.8055438
637860,1.298513884,103.629876
658509,1.371948889,103.7519639
599489,1.333784623,103.7752943
279923,1.321455744,103.785218
287666,1.328317719,103.8069859
288689,1.331380727,103.8025282
669442,1.353770797,103.7590359
127475,1.315835997,103.7535537
120342,1.318363214,103.7698465
110001,1.285242283,103.7790915
129528,1.318167986,103.7588172
648821,1.35111438,103.6995492
128171,1.308461887,103.7636793
276314,1.315850159,103.7883556
118887,1.281371032,103.7859782
618285,1.314507712,103.7228988
598121,1.34120637,103.7732587
658680,1.370704651,103.7531888
638516,1.312439581,103.6566691
127461,1.315123718,103.7535187
648162,1.345878222,103.7259802
638079,1.310694083,103.6288153
679862,1.372041532,103.7693597
680017,1.379197591,103.7539337
128337,1.308728649,103.755846
608580,1.336505088,103.7530012
267111,1.326405732,103.7937729
598657,1.345474637,103.7676359
669626,1.353179434,103.7611147
638824,1.327077374,103.6381601
597464,1.325147587,103.7679875
129419,1.320480403,103.7565135
588635,1.343800141,103.7879507
268565,1.324693927,103.7932531
609874,1.325520213,103.7364727
597199,1.325746659,103.7684674
268106,1.320641032,103.807452
637663,1.349782888,103.6868426
127713,1.319017673,103.7553887
668672,1.358118125,103.760691
269265,1.31911255,103.7958485
589628,1.3339073,103.7851848
288447,1.327179817,103.810788
272004,1.313076166,103.7875812
118160,1.280617841,103.7869239
127434,1.311679043,103.7575063
267210,1.323995006,103.7964423
279261,1.321752525,103.7847421
648766,1.35129833,103.7010632
276997,1.315267484,103.7850156
588041,1.337979592,103.7833927
648802,1.352161039,103.7006206
599254,1.334456074,103.769813
287895,1.333009822,103.7987078
120505,1.312280541,103.7599815
599304,1.333708783,103.7677408
599113,1.333708996,103.7680078
276385,1.310239981,103.7977537
598589,1.340548667,103.7733296
118153,1.281028124,103.7866268
269256,1.316938666,103.7918026
668620,1.360151981,103.76179
658691,1.371799746,103.7525563
639419,1.324784049,103.6523646
268633,1.320509074,103.7942345
739825,1.415647062,103.7579385
589117,1.338122378,103.7848845
597398,1.326445969,103.7674879
648853,1.351089749,103.7004475
648443,1.353191835,103.6976768
266670,1.326995795,103.7991371
268131,1.319105645,103.8073888
639754,1.353203939,103.6866874
648720,1.351981749,103.7004979
138751,1.299933568,103.7939711
658578,1.369901155,103.7507736
268778,1.329192674,103.7961481
678009,1.398355946,103.7531556
288984,1.332559151,103.8085931
279600,1.32441864,103.7870141
587958,1.344503461,103.7884026
598988,1.336725542,103.7681812
118813,1.292546994,103.770018
599651,1.342148743,103.7714381
652114,1.349717185,103.7454032
619599,1.32615538073655,103.715421509854
276396,1.310151413,103.7971669
729340,1.414193848,103.7515806
680453,1.379978028,103.734906
681459,1.37823208,103.7355383
129265,1.319160537,103.7576538
669490,1.355313559,103.7598311
268084,1.321596977,103.8092372
275913,1.326879264,103.7910237
598986,1.336729753,103.7682355
268449,1.321728419,103.7911417
601223,1.341372153,103.7367542
278660,1.32479959,103.784305
118827,1.280364701,103.7857568
670640,1.387561836,103.7610558
267916,1.317360444,103.7977808
640407,1.354894448,103.7212561
129338,1.318168793,103.7577666
287816,1.333553229,103.8015523
289038,1.335743427,103.8072765
639177,1.32486377,103.648853
587878,1.343942938,103.7880447
640272,1.350333496,103.7046641
267061,1.315054888,103.7910014
678621,1.367325281,103.7695612
678623,1.367298882,103.7696173
266946,1.322335801,103.8071495
289709,1.334164476,103.8040782
618299,1.323128349,103.7146301
629417,1.312808307,103.6637625
279772,1.326425312,103.782656
638295,1.338533265,103.69248
588906,1.34074989,103.7797546
597421,1.328328441,103.76942
609431,1.328721793,103.7419323
669180,1.354094215,103.7596824
128151,1.308302531,103.7630946
718892,1.428368927,103.7144709
127728,1.318541214,103.7540552
275869,1.327230389,103.7905974
288465,1.326010682,103.8106272
718838,1.429040309,103.7141088
596415,1.345544396,103.7712045
279374,1.324553707,103.7878797
677860,1.372037226,103.7722451
128557,1.305550994,103.7661124
638308,1.339318543,103.6920516
670441,1.383222191,103.7708369
688606,1.391844477,103.7503285
618481,1.339679928,103.7188895
276227,1.313263239,103.7816118
128700,1.307945761,103.7627446
289228,1.331701882,103.8066002
658537,1.372200964,103.7535066
117594,1.296703872,103.7813686
618409,1.339876514,103.7184607
658656,1.370639859,103.7518453
637727,1.302001698,103.627745
728852,1.428592005,103.7485871
268441,1.322243603,103.7915204
640967,1.341374648,103.6933416
277312,1.317392785,103.7829798
267572,1.326475779,103.7972964
269174,1.323393284,103.8007177
141036,1.297292454,103.7982287
141042,1.298470056,103.7985802
141089,1.301200354,103.7989219
678074,1.359954751,103.7675721
587925,1.344213673,103.7882792
587926,1.344213673,103.7882792
640415,1.352824319,103.7249823
139451,1.307298613,103.7773039
596184,1.344293236,103.7694547
266215,1.312891203,103.8013252
267403,1.324814808,103.7941276
668611,1.360246471,103.7622979
598531,1.343807989,103.766987
597890,1.343844876,103.7713831
127935,1.315606681,103.7570361
668306,1.376818363,103.7592881
639406,1.32031609,103.6569052
658693,1.371801081,103.7526074
688752,1.390001338,103.7508504
127871,1.313670519,103.7562396
628420,1.307626482,103.6561099
288792,1.332896616,103.8015022
138706,1.29823139,103.7949564
671482,1.388928507,103.7723877
127457,1.315380154,103.7532948
278615,1.316841982,103.7877118
648624,1.353184276,103.6974017
629215,1.317071237,103.6632471
629082,1.328021685,103.6740035
600203,1.336833891,103.7425445
120604,1.305427774,103.7674933
596267,1.335854478,103.7701975
618806,1.331596161,103.7090729
638353,1.329694706,103.6765763
637427,1.318927712,103.6325356
138944,1.294902672,103.7960558
117937,1.278775363,103.7903373
688723,1.389629342,103.7524845
287249,1.327780995,103.807834
286988,1.335004012,103.8057808
287622,1.331969266,103.8100111
267390,1.325408292,103.7938872
598807,1.340237087,103.7654202
119615,1.292148512,103.7765509
277570,1.33189594,103.7928193
590019,1.339962696,103.7738977
590015,1.339310858,103.7720515
653293,1.345370935,103.7549894
268349,1.321472039,103.7954012
728784,1.406103644,103.7503711
629699,1.324893765,103.687024
286967,1.33614582,103.8052344
267854,1.315451531,103.7991882
288213,1.336401126,103.7906537
128062,1.315151119,103.7558179
127765,1.313115836,103.7587831
639077,1.320361838,103.6450703
628855,1.330200764,103.6899268
279541,1.322381331,103.7850394
288029,1.34844805,103.7909161
688717,1.389784377,103.7528706
681573,1.393940931,103.7455748
739549,1.435379992,103.7575689
681676,1.402000843,103.7466849
680666,1.402439441,103.7499206
681690,1.402776276,103.7515399
682672,1.401960214,103.7470106
277080,1.316390449,103.7820188
278568,1.311939612,103.7993461
127646,1.31750585,103.7548457
269395,1.322663367,103.798494
598135,1.34147393,103.772197
596199,1.339611129,103.7695931
596197,1.33995107,103.7697319
278547,1.311769407,103.80171
287789,1.333204929,103.7995453
276904,1.316193838,103.7804378
669894,1.357665154,103.7605773
638270,1.337629923,103.6905804
640604,1.3386055,103.7000792
729346,1.411321003,103.7533075
119137,1.281050016,103.7875008
609652,1.337277603,103.7363095
658596,1.371267641,103.7531553
668909,1.35957454,103.7595988
598563,1.344983455,103.7653649
267118,1.326027383,103.7944094
638639,1.324584916,103.65549
287808,1.333634243,103.8010571
598953,1.334864474,103.7657551
629485,1.316590883,103.6685706
129290,1.320483249,103.7582191
276938,1.316265467,103.7795464
276941,1.316265467,103.7795464
598221,1.335091433,103.7723566
600116,1.339707633,103.7346978
729245,1.413933624,103.7498792
267570,1.32692186,103.7936494
276929,1.3158779,103.7789819
140131,1.292483167,103.8152362
268607,1.321260966,103.7950555
275870,1.327230389,103.7905974
275871,1.327230389,103.7905974
275872,1.327230389,103.7905974
640473,1.34883175,103.7227342
119782,1.278900803,103.7891303
596376,1.344606496,103.7726499
628439,1.300752745,103.6600648
598805,1.340242359,103.7654811
277234,1.318534947,103.7815773
269460,1.321115498,103.8064681
668228,1.374359905,103.758099
288720,1.337187826,103.8006944
648399,1.352844079,103.6986337
729664,1.408793041,103.7507369
648539,1.353687306,103.6990647
267614,1.327543969,103.8007893
149870,1.29062544,103.8055542
266982,1.322773361,103.808272
679035,1.363925467,103.7688438
677668,1.365248537,103.7712777
678499,1.368260194,103.769585
599568,1.32341138,103.7729674
269975,1.323251132,103.7935481
120109,1.321891018,103.7705953
269207,1.324354773,103.8029516
269462,1.321963782,103.8067899
128545,1.305894131,103.7655507
597174,1.324055083,103.7682162
599737,1.343029482,103.775157
278978,1.311108224,103.7956285
139942,1.295413373,103.7892443
639501,1.327999871,103.653585
673032,1.3849989517096,103.756125431256
671032,1.38425024815647,103.756699992295
597193,1.325265277,103.7682276
119218,1.294294063,103.7782398
628505,1.311326788,103.6578529
276772,1.330281345,103.7909592
287291,1.329198423,103.8082224
699812,1.377911948,103.7125693
699813,1.377911948,103.7125693
629072,1.327884318,103.6718041
119309,1.278034252,103.7912239
275952,1.326201153,103.7911207
120106,1.321914673,103.7698152
669911,1.357541538,103.7602878
588325,1.340375746,103.7854452
678772,1.358710098,103.7682958
119884,1.281985655,103.7993086
677730,1.397526468,103.7555236
596156,1.339294178,103.7695046
127366,1.296469483,103.7658543
278855,1.314598621,103.7827338
594001,1.317468331,103.7751965
596698,1.340662236,103.7695578
589790,1.343157571,103.7875648
627586,1.269405716,103.6633025
639738,1.347192231,103.6843011
599067,1.334612051,103.768082
596418,1.34491525,103.7708445
678947,1.373701732,103.7657048
627564,1.312529886,103.7029801
266350,1.323277366,103.7998485
129416,1.320536695,103.7565794
638674,1.32267179,103.6575931
678144,1.373250572,103.7631825
288847,1.331360745,103.7997828
677826,1.371923304,103.7735321
639379,1.327610937,103.6531111
599428,1.335762701,103.7695837
267043,1.314506493,103.7928316
619294,1.322479052,103.7257952
277957,1.317141156,103.7864929
678036,1.398260828,103.7535856
609958,1.33997286,103.7370659
117967,1.279690599,103.7915679
598015,1.337764252,103.7696858
629582,1.314291057,103.6632902
276935,1.316265467,103.7795464
648722,1.352045105,103.7004068
118925,1.292292073,103.771182
269280,1.320808487,103.7952128
739857,1.41511959,103.7575513
587886,1.343942938,103.7880447
127908,1.315290094,103.7572251
678795,1.360326938,103.7681523
600104,1.336584653,103.7376233
671476,1.389052017,103.7734939
658745,1.339808896,103.7607211
729752,1.411170529,103.7564544
598753,1.357285758,103.7651105
611184,1.332865434,103.7218893
589376,1.347678393,103.7880546
128345,1.308328507,103.7558458
589482,1.338943659,103.779701
638265,1.337763869,103.6908971
669377,1.354353304,103.7596738
639426,1.31169169388365,103.624988168071
118814,1.292605706,103.7700445
118029,1.278806228,103.7909866
677740,1.386151455,103.7669223
601318,1.347623525,103.7310091
688635,1.391797794,103.7515333
600036,1.319974503,103.7427392
598533,1.343908978,103.7669052
679229,1.369090667,103.7691607
639270,1.331916852,103.6447284
658589,1.370571156,103.7508362
679177,1.367047968,103.7680736
689419,1.377268933,103.7580398
668663,1.358090397,103.7607467
669604,1.357185485,103.7598263
278052,1.309425585,103.7983165
619342,1.308738546,103.7223559
648332,1.339330294,103.7059879
669479,1.354950235,103.7594525
678833,1.36117439,103.7678863
739776,1.416388259,103.7576334
597407,1.327084591,103.7678557
127225,1.314201038,103.757362
648824,1.350763177,103.6995953
651463,1.356331624,103.7421946
278887,1.31358211,103.779859
598863,1.341111063,103.7660905
278644,1.322888088,103.7841226
637296,1.348171832,103.6868043
596374,1.344588369,103.7727106
669261,1.353332128,103.757931
288038,1.347807531,103.7904749
268451,1.321805761,103.7910649
619733,1.312039201,103.7253756
596413,1.345602947,103.7712722
628585,1.325109039,103.6995446
599272,1.334473999,103.7688822
279254,1.321997344,103.7842197
680532,1.392220331,103.7436111
266932,1.323145299,103.8076767
269574,1.322554548,103.806108
119221,1.297243926,103.7751994
739918,1.417026396,103.7608799
729063,1.42223738,103.7495164
608578,1.335945876,103.7525399
651453,1.352274883,103.7422533
120611,1.303697399,103.7694769
276369,1.310241871,103.798648
698944,1.380415698,103.7229902
698945,1.382067906,103.7234655
597653,1.330939706,103.7566376
640526,1.347671896,103.7170484
692134,1.35518210703766,103.730858033195
680409,1.38112967,103.7418772
669086,1.359851128,103.7571571
597155,1.327989182,103.7655944
269765,1.331094321,103.7960457
269350,1.321794092,103.7986488
678019,1.398328784,103.7532784
269816,1.32164129,103.7990741
596875,1.340674577,103.7704024
279101,1.311913195,103.784708
680640,1.397802538,103.7496233
650275,1.348136253,103.7583142
650271,1.348172638,103.7588931
650268,1.34926274,103.7591901
279392,1.322835771,103.7876477
129797,1.298784032,103.7691672
600347,1.345416983,103.7317038
272030,1.308819853,103.783839
270029,1.308694738,103.7840488
289020,1.333947096,103.8083039
278910,1.313606043,103.7787354
628974,1.325526646,103.6744294
277007,1.315634446,103.7858172
286680,1.328309506,103.8059539
267663,1.325252837,103.7956139
278226,1.310793583,103.7984353
638074,1.310591678,103.6278268
587778,1.346444308,103.7768073
275963,1.326201153,103.7911207
138638,1.305351212,103.7883474
636997,1.313871354,103.6310783
668854,1.358242227,103.7609639
629753,1.325697431,103.6852809
678027,1.39765397,103.7538992
268189,1.317321558,103.8039079
120508,1.311659735,103.7617615
120511,1.310320167,103.7604116
267119,1.326459866,103.7942725
589150,1.340563758,103.7851417
128371,1.306653013,103.7552158
287870,1.332601456,103.8006268
588179,1.343320789,103.7758542
279341,1.321359355,103.7865635
276566,1.323046439,103.7924799
638933,1.319688906,103.6407865
267397,1.325187724,103.7930433
650326,1.362570999,103.7481555
670164,1.376471718,103.7648842
127136,1.309091764,103.761343
638131,1.311704577,103.6296804
277899,1.328785882,103.793979
287818,1.333451669,103.8017719
117935,1.278761623,103.7903953
268239,1.322541811,103.7963173
126886,1.307034673,103.7632306
588820,1.337818202,103.7864953
286628,1.3270255,103.8107324
288734,1.332750957,103.8017427
279932,1.319394817,103.7852361
269417,1.322760946,103.8100611
611163,1.3301764,103.7222343
266827,1.31737731,103.7903986
596915,1.337672434,103.764658
597412,1.327904714,103.7682619
588316,1.340173046,103.7860528
277424,1.319303511,103.787689
276222,1.312870209,103.7818509
277581,1.329955214,103.7918459
677985,1.397830273,103.7539377
597754,1.343229382,103.7728089
638134,1.33881355,103.6917917
279594,1.324037116,103.7868583
658624,1.3712191,103.7521508
269459,1.321532632,103.8069045
588181,1.344491554,103.7743211
640416,1.352425914,103.7259246
688759,1.390082759,103.750486
117842,1.277600242,103.7906683
117838,1.27772719,103.7904123
597873,1.343531594,103.7716871
278102,1.311962985,103.7979772
729451,1.419717208,103.7419986
117640,1.279199686,103.7893564
278857,1.314353889,103.7826747
678778,1.358093865,103.7682163
600265,1.340708117,103.7447023
601282,1.340101147,103.7471072
605286,1.339276314,103.7451759
268553,1.324379346,103.7939593
618465,1.340768664,103.7191176
679790,1.37085192,103.7695734
677661,1.365884554,103.7717376
598105,1.33692541,103.7674947
277848,1.329585473,103.7938676
126979,1.292507607,103.7620617
636963,1.279614735,103.6321535
278968,1.310277476,103.7953712
692302,1.359823362,103.7386625
648468,1.350799358,103.698622
678796,1.358790581,103.7679524
596344,1.343175845,103.774518
692128,1.358193333,103.7336046
589971,1.336535296,103.7861424
288481,1.327480434,103.8099935
598762,1.340557057,103.766878
619933,1.333436889,103.7147442
739789,1.417035434,103.7590017
596417,1.345514305,103.7711531
277488,1.31782557,103.7874406
598303,1.334223164,103.7797744
589457,1.335234561,103.7867929
589740,1.33822255,103.7868253
117841,1.277619365,103.790621
269615,1.32341489,103.8052779
599642,1.343175883,103.7710603
598592,1.340558287,103.7731919
287461,1.330245243,103.8083217
598922,1.335689876,103.7661698
278864,1.313780913,103.7826963
729454,1.419170792,103.7421424
119343,1.279897685,103.7899517
636958,1.353819993,103.6882429
268676,1.330645787,103.7962568
598486,1.344565381,103.7671914
140103,1.30834597,103.800214
140108,1.30754732,103.7990886
638326,1.340019573,103.6915553
589049,1.337621932,103.7849936
698953,1.387495421,103.7243568
637553,1.343119263,103.6796903
640703,1.341630323,103.6958322
689026,1.377214344,103.7456387
119531,1.278598614,103.7917554
650266,1.349360305,103.7600195
589382,1.348064576,103.7880082
648561,1.353766501,103.6982053
127962,1.316602304,103.7566002
598029,1.337217496,103.7694793
729917,1.40695181,103.7591392
650261,1.350529221,103.7588064
619107,1.312066385,103.7179327
268061,1.322652862,103.8102413
129518,1.317790273,103.7579984
680555,1.39628678,103.7436784
648696,1.351847217,103.6990887
288050,1.348042557,103.7908546
119380,1.278463194,103.7896201
618373,1.339538154,103.7170545
591501,1.339581559,103.7745863
598119,1.341168585,103.7733175
119727,1.280004379,103.7882592
128732,1.307687708,103.7640193
679770,1.37042116,103.7688707
638628,1.261474539,103.6245766
129429,1.320065483,103.7561002
688506,1.392215775,103.7515236
618374,1.339270339,103.7172707
120507,1.312079689,103.7608021
118156,1.28042967,103.7868098
638109,1.309711301,103.6321338
278009,1.31098225,103.7969173
680786,1.395083408,103.7483491
668599,1.359651353,103.7624514
669904,1.357942145,103.7597338
288707,1.334821691,103.8020216
267109,1.326332821,103.7937374
119143,1.280911557,103.7876822
277990,1.311267942,103.7981425
678903,1.371774951,103.7653544
658698,1.371457288,103.7527187
272010,1.308404471,103.7936975
688620,1.391681643,103.7520416
588895,1.340338895,103.7798184
149062,1.291408803,103.8009276
117692,1.282595648,103.7862483
619420,1.322307693,103.7277189
738005,1.417375469,103.7577327
680010,1.380470546,103.7552111
591401,1.318373472,103.7743443
678877,1.371588541,103.7644788
288849,1.331315336,103.799911
639511,1.329551522,103.6522262
287001,1.336733863,103.8054158
289400,1.332737621,103.8075149
589168,1.341593486,103.7850063
688707,1.390360182,103.7528122
288737,1.331122294,103.8011516
288688,1.331185341,103.8011952
639699,1.346425501,103.6846788
598066,1.336427496,103.7672147
648385,1.352548133,103.699067
120423,1.309456122,103.7699188
268893,1.322426461,103.8121234
598315,1.33275759,103.7799903
648678,1.352376156,103.6989558
279407,1.324488162,103.7859401
129521,1.317945815,103.7585627
127264,1.314262326,103.7576506
678189,1.375394617,103.7628464
267127,1.325806816,103.7948773
278235,1.310835194,103.7977992
596242,1.33608345,103.770895
597471,1.325192671,103.7670325
138676,1.299752023,103.7864793
678082,1.360364224,103.7675137
590007,1.337373144,103.7750432
590018,1.33999732,103.7729608
268564,1.324653714,103.7932957
128429,1.312744009,103.7509481
596369,1.344948866,103.7731095
599903,1.336825074,103.772924
269565,1.322105399,103.8058144
658704,1.371466645,103.7529129
648400,1.35267432,103.6995545
659535,1.341951509,103.7508494
650274,1.347952325,103.7579628
650272,1.348790307,103.7578647
269984,1.322721069,103.7943271
638515,1.312719102,103.6568804
670506,1.387033455,103.7681207
129461,1.319064126,103.7573554
738039,1.416422228,103.7573931
628191,1.308543512,103.6926761
276212,1.312581752,103.7818284
276375,1.310471897,103.7983707
266708,1.320321234,103.8007733
629794,1.332501314,103.7031285
680294,1.378599847,103.7409744
588621,1.338939103,103.7887459
139652,1.308286866,103.7770224
637816,1.313354105,103.6557676
688726,1.389666166,103.7523229
628918,1.328791936,103.6951098
128076,1.314587897,103.7563239
287418,1.327519818,103.8072426
159953,1.28861469,103.80501
688568,1.391595903,103.7514352
118881,1.281974512,103.7850941
269169,1.323208421,103.8011588
596385,1.34484787,103.772047
127571,1.314102302,103.7580769
680340,1.384098307,103.745499
289741,1.330267485,103.8104349
267014,1.3159297,103.7917715
268887,1.322534122,103.8121746
129386,1.32034304,103.7587858
599145,1.334127916,103.7671163
679712,1.370896666,103.7691925
658720,1.339185067,103.7613223
678701,1.367731247,103.7700686
681511,1.388590555,103.7411067
589086,1.336170246,103.7851865
277847,1.329492569,103.7938997
287947,1.33448982,103.8015236
638856,1.322918904,103.6379832
266353,1.323206493,103.7995474
679321,1.370590643,103.7719383
599483,1.33008681,103.7769825
117618,1.292869494,103.7697901
597840,1.342332405,103.7728587
679042,1.365597535,103.7692496
148944,1.291841835,103.8072465
597891,1.344488377,103.7719097
688604,1.391828049,103.7504177
129550,1.31874738,103.7596607
277939,1.316325776,103.7876188
149739,1.295734335,103.8060302
729934,1.408109052,103.760104
689012,1.377425732,103.7464722
598788,1.339957811,103.766138
628498,1.311965995,103.6869736
619926,1.333874161,103.7154152
110010,1.285827035,103.7772283
640696,1.34211081,103.7074774
638587,1.334109672,103.6368282
679363,1.371091853,103.770234
288845,1.331366124,103.7997123
596727,1.341578928,103.7658044
117547,1.295467181,103.779774
278659,1.324658055,103.7842271
628392,1.295770725,103.6665581
668292,1.377137509,103.7587414
669939,1.35754663,103.7589807
267753,1.321770147,103.8098282
139845,1.305900997,103.7773071
120312,1.319064417,103.7639598
122312,1.31967297,103.7644555
680484,1.376476565,103.7371352
118632,1.285407715,103.7803958
668210,1.374952337,103.7578664
680013,1.378946347,103.7558479
639141,1.332272006,103.6483546
129610,1.30234148,103.7644957
597862,1.342509658,103.7716831
648633,1.35372411,103.6973914
268167,1.317283566,103.8047683
273005,1.312942442,103.78822
267467,1.323576834,103.7965106
658590,1.370621106,103.7508482
599566,1.323370258,103.773018
677791,1.372985737,103.7734372
587931,1.344213673,103.7882792
677983,1.397778845,103.7541431
611331,1.338074586,103.7234321
648845,1.351095872,103.7002319
589369,1.347710467,103.7884228
128298,1.311121793,103.7549314
129457,1.318621096,103.7578451
608837,1.335834701,103.7482816
140113,1.306746481,103.7979557
688608,1.391854543,103.7502773
600276,1.340960547,103.7474537
618449,1.340104161,103.7188199
289906,1.34342772314564,103.797544250171
279029,1.313463435,103.7849515
637630,1.300070681,103.6272851
276993,1.315460981,103.7847101
599806,1.333998298,103.7710313
688626,1.391726976,103.7518486
267995,1.320780832,103.806333
287696,1.329177394,103.807649
608587,1.336159854,103.7559544
628601,1.326042255,103.6988875
117643,1.279355695,103.7894242
589960,1.336705648,103.7857096
275912,1.326879264,103.7910237
589700,1.347076388,103.7874276
269875,1.317168154,103.799661
678210,1.375394617,103.7628464
678185,1.375394617,103.7628464
678184,1.375394617,103.7628464
718902,1.440389114,103.7314502
287673,1.328625031,103.8080292
272005,1.307674422,103.7962716
138648,1.302101271,103.7937241
729565,1.409411682,103.7463765
648799,1.352421825,103.7008642
669737,1.360647565,103.7620349
638125,1.311373342,103.6305946
673547,1.388538273,103.7687733
619697,1.331445453,103.7178481
267059,1.315316306,103.7923438
680635,1.397370942,103.7496029
276345,1.311317074,103.7991002
286846,1.342601542,103.7966932
120512,1.309959001,103.7602103
658648,1.370627779,103.751558
609275,1.299621549,103.7511492
658602,1.371256402,103.7529181
669037,1.360417429,103.7590202
596751,1.339224223,103.7643658
279164,1.312679261,103.7840326
637835,1.292986971,103.6240915
739829,1.415776205,103.7577784
279259,1.321723252,103.7846158
618407,1.33982812,103.7184911
680486,1.375449824,103.7383495
629383,1.315563625,103.6621042
588145,1.348015241,103.7704889
589151,1.340750446,103.7846405
658690,1.371443362,103.7524311
688749,1.389955158,103.7510469
739914,1.41714535,103.7604276
597823,1.342621957,103.7734489
718863,1.435072442,103.7157078
648682,1.35229233,103.699073
627802,1.259627191,103.7004891
668604,1.359837491,103.7622108
596687,1.340552239,103.7701234
598310,1.333623915,103.7791661
266777,1.32207816,103.8103852
119170,1.280210782,103.788158
648770,1.351291924,103.701316
677979,1.397735013,103.7535305
668687,1.358228004,103.7597447
637791,1.296711833,103.625771
637586,1.314732219,103.6280977
597921,1.342109182,103.7739908
684484,1.375347978,103.7373171
689031,1.377487756,103.7451739
610150,1.327242114,103.7223527
679601,1.371658938,103.7668854
127310,1.293506788,103.7666557
278350,1.315936463,103.7870291
288048,1.348020157,103.7908018
588297,1.338842177,103.7856171
269686,1.316472091,103.8007121
276922,1.3158779,103.7789819
267856,1.31524623,103.8008419
688465,1.391557311,103.7498329
271023,1.308635628,103.786332
267160,1.323154596,103.7982903
659541,1.340687316,103.7517718
599103,1.334378859,103.767885
268551,1.324050378,103.7939798
267782,1.322559365,103.7928218
128724,1.307508831,103.7637991
639110,1.324191763,103.643579
636878,1.324191763,103.643579
276234,1.312635806,103.7816278
276263,1.313371152,103.7804597
266672,1.326725915,103.7990969
127235,1.313887076,103.7574895
629784,1.33046686,103.7040391
589053,1.337592693,103.7852099
120377,1.31756399,103.7679752
128197,1.3090074,103.7651027
289364,1.336600577,103.8072857
279434,1.324691498,103.7874606
598757,1.340178006,103.7666551
596964,1.339338319,103.7661596
648765,1.351300946,103.7010084
629035,1.324701875,103.6774452
588463,1.340001895,103.7808741
276955,1.31501746,103.7777994
119724,1.279926229,103.7874506
268090,1.320651331,103.80889
269927,1.319975341,103.7917639
609965,1.328202498,103.7548544
648786,1.35212584,103.7012914
119392,1.29517458631253,103.775366388363
139790,1.306638974,103.7824129
268387,1.322438361,103.7937055
267982,1.320894762,103.8055766
599318,1.334300242,103.7703581
668959,1.359124759,103.7616208
682689,1.403134828,103.7497931
128979,1.323420386,103.7553154
648842,1.350752235,103.7001139
117690,1.28240418,103.7863929
269096,1.323601404,103.8057303
277245,1.318234096,103.7808283
289326,1.333152152,103.8061788
729376,1.410705621,103.7531879
670470,1.388416407,103.7732636
671480,1.38979777,103.7719211
670478,1.389531276,103.7728749
587887,1.343942938,103.7880447
117544,1.295918319,103.7799497
668904,1.359170491,103.7595238
639328,1.30595453104103,103.633054556175
718778,1.419401692,103.7215967
628736,1.331666801,103.6952903
639507,1.328716957,103.6529181
598057,1.335796781,103.7671779
587882,1.343942938,103.7880447
680641,1.398304547,103.7498178
648619,1.354137272,103.6977946
266343,1.323379394,103.8003083
287621,1.33210296,103.8099976
619973,1.330300221,103.7205042
279464,1.321456719,103.787082
669616,1.360344406,103.764515
266481,1.317315494,103.8041968
598283,1.335969276,103.780395
637642,1.294306744,103.6354738
287186,1.330820759,103.8096589
128467,1.301505022,103.7584767
679798,1.37143591,103.769184
651438,1.357485624,103.7408451
589225,1.342483614,103.7845916
600275,1.341061857,103.7479644
600023,1.322857732,103.7392387
599654,1.343753803,103.7708671
638278,1.337918297,103.6922753
287983,1.334614605,103.7928162
288147,1.341760481,103.790122
658464,1.36920945,103.7527879
658466,1.369211392,103.7528439
276927,1.3158779,103.7789819
587865,1.345431804,103.7762897
658742,1.339211536,103.7605639
638107,1.309457229,103.6320392
268236,1.322516087,103.7962549
269866,1.315058159,103.7989215
267421,1.324580051,103.798962
287377,1.32806315,103.8102002
658059,1.370338879,103.7530703
658060,1.370342715,103.7531217
688773,1.3921613,103.7508752
276325,1.316022736,103.7884875
640924,1.340263175,103.6898284
589783,1.343622365,103.7873861
598897,1.33477703,103.7664025
678734,1.367747359,103.7707007
729240,1.415111404,103.749012
279441,1.325080924,103.787321
589391,1.348234358,103.7885974
659761,1.347499043,103.7643796
671533,1.385154926,103.7634571
618809,1.334255164,103.709458
269170,1.323179101,103.8007172
658706,1.371471442,103.7530052
688765,1.390165801,103.7501136
640693,1.342900336,103.7061852
669496,1.355313647,103.7600153
599338,1.33297248,103.7684065
678764,1.358449458,103.768362
589698,1.346811723,103.7876443
669226,1.352517187,103.7589363
658061,1.370343419,103.7531781
680474,1.378569314,103.7384757
640694,1.343121023,103.707052
669074,1.360531386,103.7571435
596734,1.339430986,103.7651393
678827,1.360577392,103.7678204
689009,1.377760898,103.7462487
680139,1.380226808,103.7525773
278092,1.311813894,103.7991224
679123,1.367330022,103.7689922
681513,1.390320643,103.742373
718884,1.431798014,103.7131912
267657,1.325099965,103.7959016
267505,1.324515408,103.7984459
680221,1.382229594,103.745057
680355,1.383124223,103.7437748
119104,1.280104719,103.7873232
628368,1.302141778,103.6636231
619619,1.330585686,103.7192005
638890,1.323277359,103.6415215
638485,1.320779831,103.6608426
688563,1.391238168,103.7514461
608971,1.303302911,103.7397058
287859,1.332859897,103.8001452
266381,1.31942847,103.8068884
688375,1.390318616,103.752011
128546,1.305411942,103.7657585
119297,1.277520675,103.7910485
599484,1.330101275,103.7769157
648800,1.352131637,103.700663
679754,1.371826977,103.7687086
658576,1.369806973,103.7508376
688633,1.391774097,103.7516385
277101,1.317482657,103.780203
691104,1.35163215321707,103.735751294446
119017,1.286957936,103.7929339
688756,1.39004843,103.75064
120113,1.323684011,103.7701323
268482,1.317229077,103.7942591
148960,1.292054817,103.8055464
598727,1.355247491,103.7681222
267861,1.315084059,103.7998043
119843,1.275323206,103.7962966
277426,1.319263559,103.7876611
678608,1.367462174,103.7692704
608586,1.336773733,103.7543622
597800,1.344435319,103.7724864
597769,1.342972208,103.7722159
127895,1.31484303,103.7565177
640465,1.350125959,103.7232096
648606,1.353592681,103.6977331
718900,1.439615685,103.7268422
648881,1.35108025,103.7014152
287459,1.330317872,103.8082712
588545,1.341203051,103.7830523
127485,1.315519252,103.75399
638501,1.307404737,103.6485743
277177,1.315417453,103.7806764
638897,1.322056707,103.641475
639303,1.327345498,103.6514205
629852,1.319027853,103.6866563
599073,1.334189956,103.7681333
618357,1.338590386,103.7172483
689039,1.377566803,103.7447818
638806,1.312613799,103.6514168
680424,1.381483036,103.740309
597591,1.317840803,103.7764844
279431,1.324982662,103.7866306
589141,1.339927944,103.7847547
670204,1.373175165,103.7748106
266577,1.329745993,103.7980637
679491,1.370409149,103.7717523
119361,1.279134449,103.7895806
678079,1.360221827,103.7675305
287447,1.33113259,103.8084747
599312,1.333525408,103.7672308
628001,1.325480468,103.690202
658696,1.371452668,103.7526258
119391,1.294640833,103.774566
119276,1.298608813,103.7734323
680440,1.383453321,103.7393678
670439,1.383045679,103.7704653
670440,1.383684295,103.770077
670452,1.38552054,103.7721187
120421,1.309097987,103.7683559
728779,1.407090344,103.7513097
149169,1.29027839,103.8060587
628734,1.331459309,103.6956148
679584,1.371307985,103.7665397
629884,1.303981214,103.678243
269206,1.324354773,103.8029516
738060,1.41715331,103.7578309
681462,1.377615108,103.735723
598839,1.340779476,103.7662901
587921,1.344213673,103.7882792
587922,1.344213673,103.7882792
639331,1.317603964,103.6567804
677982,1.39778945,103.7532836
609270,1.300267447,103.7529238
587957,1.344503461,103.7884026
678630,1.367360075,103.7698893
117704,1.280970484,103.7842774
127848,1.313991279,103.7563962
599743,1.343434745,103.7750749
267651,1.325158165,103.7962262
278156,1.309687919,103.7988401
587912,1.344213673,103.7882792
587913,1.344213673,103.7882792
289225,1.331662372,103.8066527
670414,1.382733777,103.7690557
596314,1.342077473,103.774748
688616,1.391646639,103.7521995
276172,1.32638949,103.7831978
637285,1.312703972,103.6261294
639956,1.341546654,103.6825028
718922,1.419263273,103.6966559
596355,1.344762842,103.7737743
699816,1.370818373,103.688223
118327,1.20898449584728,103.793709505678
691126,1.359286278,103.7359918
608513,1.33186414,103.7409272
148812,1.299811389,103.7999648
287449,1.33094571,103.8083583
698997,1.380839236,103.7299136
642238,1.341940419,103.7100837
691127,1.35785039,103.7343227
691129,1.358729926,103.734084
694131,1.355553584,103.7321625
589820,1.335862577,103.7866168
277441,1.320814088,103.7892336
627515,1.324691515,103.6736956
287470,1.329898818,103.808211
680755,1.392366688,103.7459848
680760,1.393027127,103.7472725
680441,1.382922404,103.7398072
639231,1.327881843,103.6490258
599859,1.334841536,103.772897
680476,1.376934079,103.7381302
648795,1.352360301,103.700953
286863,1.336870012,103.8061323
276733,1.331857778,103.7905524
120422,1.309209989,103.7693363
597522,1.324408815,103.7657483
128720,1.307450641,103.7637032
619482,1.313270505,103.7063525
129021,1.321020617,103.7565029
268613,1.321092803,103.794952
287159,1.330644685,103.8090087
119789,1.279561701,103.7891657
267031,1.314417895,103.7936957
287198,1.331228668,103.8102554
650314,1.360314749,103.7469668
279376,1.324369148,103.7878229
149729,1.294193622,103.8061008
278470,1.308898132,103.7980717
278041,1.308852812,103.7984938
598735,1.355866687,103.7662752
279077,1.312827781,103.7832947
267265,1.326318093,103.7992039
288326,1.339347467,103.8112871
275868,1.327230389,103.7905974
648378,1.352381026,103.6993021
279008,1.31443653,103.7833504
118008,1.280710841,103.7912792
688558,1.391537899,103.7516945
628841,1.331054548,103.6941379
669640,1.372268696,103.7607223
670256,1.379047757,103.7729375
288941,1.330552741,103.8075319
658241,1.368406112,103.7524133
266319,1.322438605,103.7992053
629425,1.314360334,103.6607937
268574,1.323499534,103.793706
278482,1.309280282,103.797696
128950,1.322224107,103.7568198
266909,1.323659833,103.8085729
118979,1.292331966,103.7726177
669924,1.357930008,103.7588048
739859,1.414572904,103.757943
680756,1.392487757,103.7456787
267178,1.323485617,103.7973811
671640,1.38754015,103.7614128
636795,1.270280875,103.6281328
658517,1.37236442,103.7521992
678003,1.398233618,103.7537084
679235,1.369163012,103.7689978
277940,1.316563229,103.7878723
287638,1.327875663,103.8071549
637590,1.295340677,103.6262215
600237,1.340710896,103.7412132
599891,1.336437086,103.7723956
277529,1.321361495,103.7854898
600214,1.33928626,103.7389852
638443,1.329988069,103.6348069
288126,1.340795342,103.7901547
269861,1.314605407,103.7984913
269341,1.321564436,103.7979683
278245,1.310759215,103.797515
128409,1.311863594,103.7490143
608608,1.336935434,103.7559861
679836,1.370346596,103.7695112
268326,1.316566432,103.7939594
119083,1.296928365,103.7817905
117580,1.299356656,103.7724546
119572,1.27969755,103.8006013
668880,1.358818245,103.7602149
637829,1.293376808,103.6242822
637831,1.293376808,103.6242822
737648,1.430864275,103.7543018
127865,1.314037651,103.7560164
668223,1.374583084,103.758479
679760,1.371466382,103.7687374
589153,1.340978368,103.7846272
119337,1.280041714,103.7900203
127862,1.314190731,103.7559175
128653,1.308984868,103.7615073
267494,1.323877322,103.7950428
640977,1.33969366,103.6939154
629900,1.307640754,103.6765847
268537,1.323507644,103.7947222
599572,1.323480231,103.7728549
119501,1.277619978,103.7914315
669062,1.359983619,103.7584295
277597,1.330380615,103.7937071
267149,1.32337269,103.79904
598676,1.341015289,103.7709773
598677,1.341015289,103.7709773
598679,1.341433492,103.7706265
268077,1.321828977,103.809471
729659,1.407760829,103.7555677
589120,1.338911612,103.7853107
119500,1.277566408,103.7914123
289196,1.331291454,103.807222
688792,1.397616419,103.7381734
680762,1.39239491,103.7486365
682787,1.395820353,103.7477526
648473,1.351421515,103.698938
613140,1.327543628,103.724286
681688,1.403963875,103.7505663
681787,1.395361845,103.7481394
688998,1.377612443,103.7471386
289396,1.332378779,103.8075383
669476,1.355318601,103.75934
140116,1.306972087,103.8000289
270025,1.308147469,103.7862552
639702,1.346425502,103.6846788
729335,1.410968531,103.7521372
597197,1.325578242,103.7684141
679554,1.370851215,103.7650811
639748,1.347531923,103.6850913
278995,1.312447277,103.7968007
668205,1.375181292,103.7585828
275854,1.327153738,103.7899289
599917,1.337311341,103.7735651
278737,1.308877689,103.8004688
688622,1.39169333,103.751989
627869,1.267447078,103.6912895
267495,1.323937096,103.7949686
670220,1.37452837,103.7728671
126797,1.298832482,103.7644783
128222,1.307454902,103.7563457
276654,1.318862596,103.7888639
679977,1.379025023,103.7744106
680553,1.39587134,103.7435192
648843,1.351097389,103.7001805
682688,1.403435938,103.7503369
128985,1.322996559,103.7552048
738022,1.415930151,103.7566121
600115,1.339791488,103.7355028
599130,1.335090265,103.7672113
688607,1.391511352,103.7502177
629108,1.322721548,103.6671016
628981,1.325353931,103.6719962
679545,1.370617916,103.7652055
640732,1.3458412,103.6996054
639364,1.32289519,103.6487052
266398,1.318779811,103.8060318
642662,1.337019505,103.7033882
598417,1.341418487,103.7742499
277513,1.319779941,103.7853851
638506,1.313851906,103.6558216
118158,1.280527772,103.7868655
679640,1.371836905,103.7670214
682476,1.377118235,103.7375586
680016,1.378427104,103.7549118
276663,1.318204413,103.7884935
658840,1.338674994,103.7619788
648546,1.353337022,103.6989804
587908,1.344213673,103.7882792
587909,1.344213673,103.7882792
288625,1.331983007,103.8033646
120352,1.314278602,103.7713506
629051,1.323767842,103.6727573
629053,1.323704472,103.6712468
587905,1.344323563,103.7877886
588660,1.343942938,103.7880447
128803,1.317259561,103.7615451
267445,1.323777895,103.7974324
651431,1.361527751,103.7429953
600131,1.334736504,103.7400935
600111,1.338775749,103.7356043
628139,1.304662047,103.68407
739774,1.416197051,103.7575222
629421,1.313705316,103.6613844
680537,1.39214691,103.7440761
680511,1.389337383,103.7408761
601317,1.346808614,103.7306786
269709,1.324258068,103.8095415
127896,1.314873724,103.7565677
276391,1.310181595,103.7974645
269490,1.322959127,103.8044796
739559,1.436388362,103.7571548
680533,1.392073879,103.7430996
638095,1.310130736,103.6303201
260008,1.316411901,103.8053738
277742,1.310640899,103.7949239
628797,1.329255399,103.6888243
278248,1.310497377,103.7977708
287297,1.329441378,103.8084671
639700,1.346425501,103.6846788
120359,1.313492924,103.7698548
120333,1.315184195,103.7674987
120367,1.312940672,103.7716487
737949,1.416185629,103.7551078
597711,1.34394511,103.7719747
609022,1.307398063,103.7367004
689143,1.400015241,103.7460209
648643,1.353287295,103.6970042
267307,1.32617367,103.7959046
267433,1.323918655,103.7979899
128766,1.308457418,103.7649455
278640,1.319955911,103.7805752
589874,1.340381219,103.7876406
118458,1.279482884,103.7942299
117687,1.282517083,103.7869104
289283,1.334065629,103.8049307
277117,1.317374376,103.7809344
651162,1.34816662,103.7415765
658532,1.372333226,103.7531949
117633,1.290869127,103.7707325
589413,1.347626875,103.78872
141090,1.300517009,103.7989763
598983,1.336389919,103.7684896
639621,1.351734149,103.6872155
588466,1.339861381,103.7813264
587999,1.340070965,103.7830672
637012,1.288121744,103.623925
588055,1.338980902,103.7830617
596348,1.343389751,103.7744734
276215,1.313095624,103.7820785
609202,1.307359981,103.7301512
128797,1.317324455,103.7603325
598301,1.334021537,103.7801213
641649,1.338028458,103.6973568
669111,1.359057884,103.7574122
669380,1.354708273,103.7597876
639526,1.330147057,103.6539174
118146,1.280610887,103.7864141
267173,1.323563343,103.7977568
266703,1.320259552,103.8010972
694302,1.36064954,103.7383361
266882,1.319340281,103.7896291
640631,1.343297102,103.700241
279893,1.332723306,103.7910926
618381,1.339675738,103.7172644
638032,1.30583261,103.6284781
637624,1.300356404,103.6265279
128349,1.311816511,103.7538579
608615,1.312434843,103.7315009
599567,1.323013123,103.7728413
599558,1.323267295,103.7732643
658754,1.33964172,103.7604127
689422,1.37727524,103.7585165
128431,1.31260053,103.750658
650164,1.347716975,103.7428317
651293,1.345935656,103.7546509
278200,1.311689314,103.7986848
287420,1.32766154,103.807064
638827,1.326568665,103.6367929
120504,1.312253407,103.7596018
268592,1.323173939,103.7950828
267131,1.326131914,103.7950013
691134,1.35544667596815,103.730318727158
599295,1.333071652,103.7669406
669555,1.364863997,103.7660512
599564,1.323329625,103.773073
276905,1.316263227,103.7805616
650157,1.348368995,103.7434221
657289,1.344523847,103.7599192
670446,1.38397139,103.7711002
110004,1.28693688,103.7772204
608516,1.331538044,103.7393402
596300,1.339515749,103.7660513
278911,1.313670358,103.7786162
269018,1.322094406,103.8061477
127147,1.309493591,103.7617096
597275,1.324618662,103.7667575
128430,1.312592419,103.7508401
127915,1.316656317,103.7562351
127927,1.316027521,103.756701
688689,1.391400265,103.7526486
609966,1.328247028,103.7536
277094,1.316691052,103.7817774
128522,1.305573554,103.764492
128576,1.305898227,103.7671355
128594,1.305883299,103.7670881
638759,1.319061415,103.6502477
598914,1.335710943,103.7664176
276157,1.326643837,103.7838226
139649,1.301837422,103.7843405
267654,1.324719231,103.7960162
288477,1.327941285,103.8098133
588897,1.340632436,103.7796094
648617,1.354174469,103.697831
288442,1.327641668,103.8106446
601221,1.340703187,103.7363293
640484,1.348208886,103.7263578
118858,1.282984649,103.7856697
267330,1.324557679,103.797922
599803,1.334709642,103.7717283
597905,1.344563087,103.7715508
128102,1.313855148,103.7567653
269241,1.316298586,103.7906293
639594,1.327912396,103.6407523
688458,1.391136271,103.7498329
129491,1.319787489,103.7567721
117573,1.294965513,103.7712216
628375,1.302576872,103.6627158
279028,1.313560644,103.7848857
268605,1.321267545,103.7945337
688296,1.390948008,103.7517476
636732,1.355863701,103.6934395
276308,1.332477956,103.7902461
653290,1.3435536,103.7566288
637551,1.344358646,103.6792673
267927,1.316507337,103.7978804
638077,1.310751771,103.628663
289409,1.333498882,103.806952
123801,1.301134649,103.7633249
636840,1.27314213,103.6291808
128987,1.322975153,103.7551037
140063,1.298820888,103.7970912
140065,1.299594858,103.7967483
588603,1.33652587,103.7886803
279300,1.3225672,103.7867478
639743,1.346980113,103.6848933
682802,1.374741375,103.7428515
589099,1.336940693,103.7852252
266935,1.322282217,103.8076824
279659,1.328088342,103.7914871
276944,1.316265467,103.7795464
128825,1.316288394,103.7604262
680350,1.383527841,103.7434692
128982,1.323269973,103.7552996
119412,1.274775029,103.7945711
671401,1.381248503,103.7689354
599406,1.335287939,103.7687893
276651,1.318199708,103.7878071
596827,1.338960567,103.7658141
678751,1.357701911,103.7685179
649223,1.344712118,103.6989642
140089,1.305377974,103.7993239
599685,1.34349078,103.7705672
681483,1.375991749,103.7370829
683484,1.3754926,103.7368712
683476,1.377346842,103.7379129
627614,1.272923057,103.666754
648785,1.352093694,103.7013378
640603,1.338850996,103.700455
640602,1.339253398,103.7002192
642678,1.345128195,103.7038974
671547,1.388063817,103.7700095
278110,1.312327806,103.7976048
618813,1.333898298,103.7108013
597562,1.346225127,103.7646214
679174,1.367295681,103.7683397
629412,1.311428527,103.6649606
268546,1.324030537,103.7942955
669269,1.353006946,103.7577874
598454,1.345560661,103.7643022
639629,1.352593961,103.687054
128068,1.314898299,103.7560777
278859,1.314190899,103.7827197
680789,1.39587445,103.7491625
680559,1.395924546,103.7447574
680558,1.395509378,103.7447329
140132,1.292255234,103.8148798
140133,1.292316477,103.814606
119507,1.278904431,103.7921504
598235,1.335400767,103.7727709
129389,1.320575263,103.7585778
668787,1.359615349,103.7613947
598020,1.337734941,103.7693521
628973,1.325327297,103.6748144
596464,1.336793911,103.7686999
118898,1.280390998,103.7862514
149309,1.293011372,103.8154284
658616,1.371232821,103.7524372
589617,1.333029567,103.7904533
648560,1.353573038,103.6986396
618347,1.338737848,103.7174772
738048,1.416840362,103.7572345
287445,1.331325725,103.8086038
128353,1.311910818,103.7539884
127707,1.316777234,103.7553827
148962,1.291149506,103.8045736
599383,1.332873325,103.7669706
278851,1.314992975,103.7827871
596254,1.335969775,103.7705557
679311,1.371170465,103.7710815
678943,1.372333497,103.7641777
288987,1.332827434,103.8086606
597145,1.32745704,103.7654324
629473,1.31666444,103.6711735
628283,1.271231716,103.7118901
639106,1.326004644,103.6422706
680230,1.380382581,103.7461905
277300,1.318445356,103.7827815
266858,1.317804398,103.7890296
128748,1.308059522,103.7643577
141053,1.296646199,103.8036194
279531,1.322828017,103.7851333
637904,1.33721143,103.6904763
679330,1.36646014136363,103.768739256709
599010,1.336219642,103.7687475
739658,1.417250447,103.7589824
266361,1.322911833,103.7997913
266948,1.322112772,103.8069923
276647,1.318384073,103.7879189
119638,1.291296001,103.7730406
268446,1.321590873,103.7909805
652446,1.350314046,103.7386319
667987,1.360684147,103.7594415
628834,1.330205016,103.6921423
266532,1.318069324,103.8044605
628854,1.329994363,103.6900659
648424,1.353151799,103.6988537
637779,1.300476596,103.6288123
276954,1.314442774,103.7778577
597767,1.342964904,103.7722823
287525,1.327183178,103.8097193
589326,1.347027033,103.7766016
288763,1.336557304,103.7893497
627936,1.329755574,103.704636
668688,1.358597947,103.7599724
266755,1.320277193,103.8087935
669592,1.357932612,103.7622931
289725,1.336243081,103.8038469
658287,1.368584965,103.7515928
596973,1.338058714,103.7662868
596651,1.33863504,103.7689611
598058,1.335761614,103.7670969
628111,1.327317888,103.6835372
599248,1.334782018,103.7700239
289718,1.33635285,103.8033797
628397,1.294961172,103.6637301
120428,1.312511991,103.7632688
267298,1.325749591,103.7964244
269663,1.316576689,103.8018073
597235,1.329195456,103.7682076
599013,1.336206446,103.7689086
599591,1.342017146,103.7753447
286676,1.32871777,103.8048835
691135,1.35426165723459,103.730283540967
637887,1.298506386,103.6315166
278100,1.311806343,103.7975058
598416,1.341302021,103.774513
126866,1.30771271,103.7644023
649295,1.346738689,103.718458
275884,1.327524514,103.7904484
588549,1.341714258,103.7827623
129456,1.318921251,103.7574786
729498,1.409536685,103.7438243
648490,1.350845121,103.6991828
117699,1.283178199,103.7855009
600201,1.33640567,103.7430754
599371,1.33327101,103.7695213
692129,1.359058311,103.7337586
628946,1.325883181,103.6693139
668218,1.374581739,103.7576603
680432,1.384644144,103.7418336
289724,1.337150189,103.8031984
139963,1.295938947,103.7906869
627764,1.261157124,103.6746762
670628,1.385096025,103.7602184
670633,1.384928734,103.758913
670656,1.387611344,103.7645887
670603,1.381536458,103.7621388
628441,1.299659896,103.6596203
677816,1.372067466,103.773792
128154,1.308658464,103.7632114
629813,1.332425807,103.7078803
275860,1.326904716,103.7903339
648398,1.352644625,103.6995975
658529,1.372411974,103.7530564
658530,1.37238632,103.7531013
129808,1.325181401,103.7635395
598053,1.335346964,103.7673298
639048,1.330969383,103.6411669
287992,1.333423026,103.7965563
117599,1.295144168,103.7811856
269767,1.331171074,103.795953
275885,1.327524514,103.7904484
699811,1.377911948,103.7125693
598957,1.332980416,103.7665865
637146,1.354015707,103.6955391
266700,1.321102421,103.8005797
127588,1.313372359,103.7587079
128251,1.310173274,103.7548172
127596,1.313424552,103.7589433
680708,1.391650314,103.7468753
658476,1.371150289,103.7517077
139651,1.310873234,103.7774398
275886,1.327524514,103.7904484
268035,1.32146516826372,103.797341086724
269331,1.321470317,103.7973585
598532,1.34357423,103.7666931
648727,1.352218409,103.7001522
669887,1.357769168,103.7606443
599291,1.333137413,103.7671437
589098,1.336893053,103.7852282
598372,1.343665901,103.7681541
128196,1.309031035,103.7650469
269665,1.318190093,103.8012606
589406,1.348894734,103.7887411
141107,1.307946918,103.7996441
588330,1.340889879,103.7858553
677761,1.371462886,103.773238
629902,1.31801906,103.6782536
588177,1.342395088,103.7764683
679788,1.370819326,103.7695184
288052,1.34806813,103.7909141
651314,1.360249952,103.7468339
688514,1.392238856,103.7517377
589404,1.348902962,103.7886425
129350,1.318744944,103.7589918
636779,1.270352048,103.6290143
289571,1.335314774,103.7992056
649886,1.345433917,103.7141064
668118,1.376518601,103.7588389
587976,1.348454927,103.7714633
596535,1.338467833,103.7712461
128994,1.323704188,103.754901
128993,1.323535195,103.7546148
587863,1.345603085,103.7761701
680564,1.395405265,103.7454229
637010,1.287785684,103.623802
637143,1.355230533,103.6934474
640813,1.345983862,103.6958294
640864,1.349483401,103.6945561
121466,1.309824483,103.7672243
271048,1.3111884388358,103.790101602904
128282,1.310625308,103.7543442
118572,1.279250564,103.7871543
288992,1.334313913,103.8074342
669917,1.357513865,103.759958
598823,1.34071472,103.7657581
276516,1.327699931,103.7925782
268112,1.319982336,103.8075682
266221,1.313566141,103.803218
149953,1.291890137,103.806259
287156,1.330576987,103.8090042
688698,1.390878421,103.752739
275968,1.326477015,103.7910334
609788,1.349719797,103.7307179
278536,1.310266561,103.8026089
602285,1.338423949,103.7468549
680117,1.379589156,103.751272
658501,1.371606508,103.751746
588156,1.347131675,103.7703548
658591,1.370777163,103.7508208
587963,1.344803346,103.7884882
718822,1.42779519,103.7127263
718826,1.426730054,103.7119291
267115,1.326552256,103.7940841
276928,1.3158779,103.7789819
648767,1.351295941,103.7011508
279511,1.313535904,103.7836857
608832,1.339280997,103.7494291
643684,1.343586592,103.704503
117565,1.297456603,103.7709185
639028,1.33216076,103.6437587
277859,1.329936659,103.7930281
599791,1.334654007,103.7712165
596320,1.342077748,103.774574
128328,1.308923156,103.7562253
618649,1.337280508,103.7254733
678885,1.371685228,103.7647641
628795,1.329252989,103.689007
600236,1.340406911,103.7421286
600226,1.341404713,103.7358435
149956,1.291486043,103.8057887
636960,1.353819993,103.6882429
278267,1.310773133,103.7967706
596264,1.335887636,103.7703002
708973,1.38871498,103.6992085
640945,1.344239293,103.6901301
599030,1.337009392,103.7704904
680458,1.378101299,103.7360023
669554,1.364701961,103.7655941
669131,1.360248709,103.762787
638087,1.310466935,103.6294216
648856,1.350745377,103.7004938
668333,1.375881992,103.7593259
276214,1.312634497,103.7818404
668780,1.359760703,103.7618556
628260,1.281636435,103.7139511
668769,1.359276983,103.7618791
286560,1.326908497,103.8095121
286559,1.326855308,103.8094814
637358,1.289718068,103.6354203
637076,1.271274608,103.6386767
128662,1.309476053,103.7620008
287615,1.332252216,103.8081242
629952,1.314666728,103.6802704
589161,1.34184828,103.7844702
276495,1.328018328,103.7947054
269094,1.32357036,103.8058179
669251,1.353370479,103.7570156
637573,1.290812272,103.6251719
648415,1.353163666,103.698154
596239,1.3357382,103.7709794
640406,1.354314355,103.7223959
640420,1.350571751,103.7271728
268905,1.321828884,103.8115528
618384,1.339437767,103.7175296
627770,1.261394995,103.6750043
127849,1.313586441,103.7559868
652432,1.360979974,103.7423711
597895,1.344697329,103.7719798
599369,1.333208762,103.7695317
128165,1.308418624,103.7635204
689669,1.38721407,103.7447685
266327,1.323576336,103.799452
628282,1.269646099,103.7140593
277147,1.315116687,103.7815498
627547,1.312928466,103.6981193
268171,1.32148957,103.8091505
277568,1.332132729,103.7928955
670611,1.383872097,103.7618598
637836,1.292986971,103.6240915
267207,1.323941257,103.7964556
600334,1.350782795,103.7315326
599593,1.342020056,103.7752825
276820,1.317668958,103.7809583
279713,1.332185628,103.7912025
266489,1.317809723,103.8045628
638863,1.32234172,103.6373475
596745,1.341594078,103.7693648
287784,1.332611911,103.7994541
638017,1.305303712,103.6302441
689033,1.377616778,103.7451328
120365,1.312299789,103.7699438
120332,1.314740295,103.7674876
640417,1.351309336,103.727345
668282,1.376835105,103.7582224
121317,1.317749353,103.7644217
627840,1.278948409,103.7120358
129956,1.308095295,103.7685614
127365,1.295763136,103.7661223
269600,1.323283285,103.8056158
266862,1.318716144,103.7894338
128747,1.308358916,103.7641107
118704,1.289736486,103.7743575
678375,1.35911008,103.7687919
639628,1.352317963,103.6868532
117695,1.282861145,103.7859788
679231,1.369115159,103.7691054
279268,1.322155409,103.7849151
277909,1.328841509,103.7935592
688569,1.391273739,103.7512839
269467,1.321294976,103.8048684
627850,1.333354982,103.6952171
628715,1.332064384,103.7022593
128288,1.310974102,103.7540935
268816,1.3160661764667,103.795256015909
270028,1.30887985,103.7848029
628110,1.327398814,103.6844961
640706,1.341229193,103.6943936
640702,1.341985271,103.6953056
642276,1.352663872,103.7044481
128080,1.314486992,103.7563876
268628,1.321144402,103.7938289
636911,1.278131035,103.6335927
619709,1.334267577,103.7188839
640760,1.349412383,103.6999341
117673,1.289736486,103.7743575
279894,1.332723081,103.7910322
680445,1.381708831,103.7366626
680639,1.397821953,103.748998
117554,1.295467181,103.779774
287731,1.327651459,103.8090622
669060,1.360019798,103.7585876
120510,1.310822503,103.760806
682815,1.376846261,103.7473768
598491,1.344510882,103.7666679
658482,1.371961409,103.7523683
589489,1.337684398,103.780148
669618,1.363033052,103.7659192
648850,1.350748254,103.7003296
640237,1.341214199,103.7102034
266952,1.324166688,103.8089021
638063,1.306824199,103.628799
279438,1.325043743,103.7870358
119054,1.292926086,103.7695585
279203,1.312587469,103.7846439
279961,1.331620926,103.7872064
648862,1.350724959,103.7008359
668776,1.359680405,103.7619494
637838,1.311420947,103.6304666
600037,1.320531436,103.7426522
600064,1.32137891,103.7397794
275903,1.327014515,103.7908917
128471,1.305017344,103.7557146
139650,1.301852061,103.7801411
288058,1.348138586,103.7910792
678599,1.367743326,103.7693135
639669,1.350707744,103.6870926
140086,1.304384257,103.7993498
688503,1.39244986,103.7507896
650298,1.344797412,103.7471408
289420,1.334223189,103.8072587
640612,1.339396626,103.7006687
640606,1.337936443,103.6992828
691121,1.357157283,103.7366406
599603,1.342016062,103.7750097
128974,1.321775175,103.7547335
129179,1.322928842,103.7570786
629710,1.32733044,103.6883976
648593,1.354177286,103.6984802
737957,1.415900004,103.7551559
639071,1.319896768,103.6468669
677804,1.372434034,103.7735549
668206,1.37478986,103.7581638
600211,1.338669111,103.7402925
692413,1.37120652581033,103.744714887668
596839,1.338672469,103.7652717
139229,1.306748726,103.7861003
597467,1.324947636,103.7673173
640832,1.344024114,103.6952204
130013,1.305370112,103.7860795
671471,1.388159756,103.7731543
118179,1.280779968,103.7901753
139533,1.289525952,103.7986377
728789,1.406254549,103.7500187
128804,1.317181119,103.7611513
119610,1.291413015,103.7739118
588610,1.337428763,103.7894083
140038,1.297508103,103.7987228
588480,1.34067125,103.7813928
118730,1.291374281,103.7717118
636759,1.266892476,103.6274056
689679,1.386316838,103.7423944
677992,1.397938778,103.7534463
120381,1.318555348,103.7680283
680223,1.381484134,103.7445335
269873,1.316925705,103.7994386
598242,1.336530582,103.7735705
628820,1.329973559,103.695295
668716,1.359257373,103.7588203
588620,1.339061618,103.7891766
589844,1.337799602,103.7880863
276245,1.313291406,103.7809465
650362,1.360919734,103.7499523
688670,1.392060807,103.7521886
598640,1.343465094,103.770323
648476,1.351016353,103.6986283
658077,1.337420872,103.757292
278074,1.309758608,103.797599
739895,1.415986855,103.7599665
120339,1.319663167,103.7691398
640738,1.346161866,103.7005555
640737,1.346746007,103.7011599
640736,1.346111445,103.7016537
737650,1.430987669,103.7545362
670539,1.382941791,103.7632483
142094,1.296070874,103.8112671
276946,1.316265467,103.7795464
129160,1.321602928,103.7577862
668682,1.358501937,103.7601287
599002,1.336167483,103.7684318
599004,1.336174137,103.7685134
599006,1.336180571,103.7685902
678086,1.360560443,103.7674853
599690,1.343841567,103.7705467
651452,1.352653432,103.7425731
678021,1.397309853,103.754344
729509,1.413790288,103.7443132
148998,1.291423376,103.8064381
276931,1.3158779,103.7789819
588386,1.34085334,103.7795192
589443,1.334692598,103.7883796
289604,1.324422249,103.8115567
279279,1.32190453,103.7856531
276787,1.317787846,103.7804592
618826,1.329105563,103.7090545
627627,1.269695141,103.7095738
640658,1.337234543,103.7010936
641658,1.336852997,103.7010382
279983,1.331270668,103.7946716
689677,1.386058904,103.7423466
627726,1.323629236,103.679964
609165,1.323937273,103.7346581
639374,1.326313567,103.6531288
641667,1.341758561,103.7014904
641684,1.343998374,103.7039272
643683,1.343334426,103.7047012
668215,1.374896406,103.7585321
596612,1.337597009,103.7655903
120348,1.316777163,103.7708971
278461,1.308440224,103.7991655
268527,1.322909863,103.7953578
628785,1.329322486,103.6909992
599054,1.336510819,103.767798
287946,1.334803555,103.8010425
288216,1.336763652,103.79105
139009,1.288161189,103.7985236
598943,1.333574403,103.7665579
628534,1.26152978896532,103.693085751148
119578,1.279516489,103.7972076
638068,1.311965735,103.6289477
267963,1.319042555,103.8048196
129881,1.318834173,103.7688842
269458,1.321544171,103.8069935
619827,1.331144245,103.7131421
680677,1.401510215,103.7454819
670527,1.386210492,103.7651126
651622,1.350059835,103.7485119
645668,1.341212799,103.7027295
737633,1.430488136,103.7538867
658617,1.370866599,103.7522056
639622,1.351810311,103.6871837
639623,1.351943631,103.687219
597523,1.324885423,103.7649476
267424,1.32459665,103.7986295
140066,1.299116852,103.7965838
141056,1.297528021,103.7970902
669441,1.353714862,103.7590039
277293,1.319079938,103.7820537
636921,1.344345566,103.678471
619976,1.329820401,103.7187159
119726,1.279833649,103.7873737
679875,1.370138687,103.768469
268640,1.319874967,103.7942119
127237,1.313834537,103.7575199
668229,1.37429496,103.7580407
129753,1.29303346,103.768772
597370,1.326913239,103.7688804
638775,1.313801723,103.6539227
619676,1.338797773,103.7298413
637089,1.273461199,103.6303441
689685,1.386704605,103.7436803
618814,1.334058599,103.7108415
587858,1.345444981,103.7758448
668689,1.358290923,103.7596414
629287,1.318498254,103.6677968
287688,1.328945496,103.8074813
288467,1.325879958,103.8102786
598612,1.3416214,103.7716191
651470,1.357621397,103.7442681
597563,1.346640372,103.7643364
638302,1.338974509,103.6922348
126831,1.295232219,103.7679522
739660,1.417258379,103.7592224
641680,1.344623934,103.7055601
588485,1.341118686,103.782302
269694,1.323046668,103.8111607
679802,1.371515809,103.7691079
709144,1.393360833,103.6958723
276247,1.313292846,103.7808928
680487,1.376287056,103.7388157
277440,1.318979528,103.7876866
670117,1.377301281,103.7679793
637960,1.337010626,103.6920308
117384,1.276419228,103.7988874
117385,1.276350278,103.7994757
288495,1.327168463,103.8102172
269588,1.323042242,103.8063644
688997,1.377920668,103.7469557
638253,1.338309849,103.6915933
599554,1.32311584,103.7734503
288830,1.331734383,103.799154
739905,1.416412956,103.7603269
268078,1.321789629,103.8094356
148942,1.291793654,103.8073995
670177,1.380387125,103.7653546
596466,1.336690114,103.7687402
142050,1.301129092,103.797123
648855,1.351088213,103.7005039
618434,1.340394557,103.7179777
269445,1.321979246,103.808424
590014,1.339087026,103.7725693
129355,1.318532027,103.7581644
279979,1.331270668,103.7946716
668988,1.35931162,103.7605942
641640,1.339800303,103.6959884
641647,1.339842445,103.6968052
278873,1.313475128,103.7814896
589439,1.33452168,103.7888907
149954,1.291754233,103.8061014
688601,1.391477612,103.7503719
266395,1.319786914,103.807306
678788,1.358376277,103.7680241
596548,1.337095591,103.7717082
287380,1.327948807,103.8104952
680435,1.385138764,103.74105
680463,1.377178641,103.7354542
588343,1.341350446,103.7853522
597705,1.343253796,103.7718667
588388,1.340922859,103.7796159
609217,1.306575444,103.7382172
688797,1.385573672,103.7518866
639418,1.324202338,103.6523938
639534,1.322749976,103.6614332
596562,1.336942184,103.7712207
639524,1.336351814,103.6448638
737653,1.430771058,103.7545804
670540,1.383320687,103.7636016
143037,1.297724618,103.8056609
596250,1.33601547,103.7706903
698931,1.375436598,103.7235878
667973,1.37652535,103.7565389
128455,1.311675271,103.7536626
678705,1.367972282,103.7701918
628750,1.332485598,103.6942924
118744,1.292089319,103.7696323
120338,1.316290398,103.7695321
138886,1.299019059,103.7929698
117827,1.277261291,103.7903283
588949,1.339914772,103.7803752
269506,1.323331779,103.8042791
276923,1.3158779,103.7789819
287861,1.332954992,103.8002687
129055,1.321370128,103.7564922
668341,1.375633335,103.7588867
268124,1.319468718,103.8080139
640718,1.343697388,103.6975705
269728,1.32458247,103.8091187
609276,1.300476718,103.7515694
287892,1.333105678,103.7990807
659540,1.341080727,103.7514331
117608,1.299326258,103.7729692
275862,1.326904716,103.7903339
277056,1.316991693,103.7852376
668964,1.358840897,103.7612504
599909,1.337044398,103.7732157
596171,1.354113846,103.7649938
689429,1.377029401,103.7581017
669509,1.355015052,103.760841
119643,1.291835596,103.7732458
648577,1.351683304,103.6993418
679370,1.371398681,103.7702182
128440,1.30942649,103.7526861
728856,1.429040551,103.7495317
670550,1.38997065,103.7672808
289548,1.334740391,103.7992183
679295,1.368550976,103.7694322
598931,1.334018596,103.7661915
149457,1.294336667,103.8070201
129961,1.306676248,103.7685369
267785,1.322612269,103.7928664
287897,1.333185297,103.7986213
267920,1.31706635,103.7985711
604288,1.33972149,103.74409
118627,1.282014393,103.782755
598245,1.335594626,103.7730379
269368,1.322024472,103.8000248
670184,1.379710958,103.7624401
670185,1.379355256,103.7622965
600233,1.340374621,103.7409366
277523,1.320742652,103.7857321
126989,1.314404859,103.7553537
149159,1.291219149,103.8068932
610140,1.326866659,103.7234229
688526,1.392545255,103.7516339
599196,1.336325098,103.7702369
648449,1.352924456,103.6974918
618430,1.34032644,103.7178897
289095,1.334061171,103.8055259
287598,1.331494609,103.8109312
279433,1.324982506,103.7867154
628052,1.303971705,103.7030651
128351,1.311862949,103.7539221
598166,1.335864782,103.7655722
275906,1.327014515,103.7908917
289320,1.333603135,103.8064027
289254,1.332224519,103.8055687
638813,1.26646814,103.6273476
638783,1.316352583,103.6530575
289199,1.331298889,103.8071703
268092,1.320453069,103.8087095
678142,1.373152177,103.7631851
596549,1.337008818,103.7717187
589319,1.346834167,103.7762771
589748,1.339519588,103.7866107
266848,1.318648717,103.7911559
670629,1.386528024,103.759279
688746,1.389920714,103.7512009
279301,1.322218848,103.7869873
719530,1.443581089,103.713102
596172,1.354025239,103.7650188
279533,1.322836946,103.7852971
266905,1.323944622,103.8087773
129201,1.323455255,103.7577167
127867,1.313924453,103.7560695
599049,1.336718203,103.7680692
729146,1.415387565,103.746715
118659,1.289855927,103.7774932
699926,1.38300425213803,103.731564177425
669903,1.357541093,103.7604088
267859,1.314366653,103.800921
589132,1.339581623,103.7853005
267534,1.326406786,103.795819
267537,1.326889386,103.7960383
138947,1.295917232,103.7947743
587956,1.344503461,103.7884026
739871,1.414829526,103.7590043
668879,1.35908723,103.7605192
679239,1.369213171,103.768887
599856,1.334651703,103.77275
288014,1.347124513,103.7900412
596370,1.344565806,103.7728275
658298,1.368942723,103.7517991
268146,1.317173947,103.8056633
268144,1.317295339,103.805595
287573,1.330475377,103.809558
117523,1.286096035,103.7798776
600267,1.341117369,103.7447947
601267,1.34155989,103.7449372
603286,1.338945527,103.7444522
149010,1.290887208,103.8053279
679547,1.37067623,103.7651745
129187,1.323466833,103.7562264
649076,1.348836175,103.6950038
279424,1.324627644,103.7868886
619110,1.308847145,103.7137745
276898,1.316031232,103.7802101
658531,1.372358364,103.7531504
629890,1.302570026,103.6773569
668709,1.358852396,103.7586423
638704,1.318680306,103.6468844
268549,1.323968071,103.794079
288856,1.330804959,103.8003753
658821,1.338377766,103.7612937
688753,1.390012174,103.7508017
128065,1.314986664,103.7559189
628912,1.328353563,103.6948208
610358,1.336414673,103.7207737
628574,1.324984516,103.7035771
653441,1.355568168,103.7387045
653443,1.355578972,103.7378338
269614,1.323819969,103.8040679
638553,1.33720059,103.639188
641210,1.348235674,103.713244
669255,1.353357977,103.7573281
668329,1.376018725,103.7596083
668673,1.358151924,103.7606387
671422,1.385384814,103.7699736
277875,1.328499293,103.792451
679253,1.36940395,103.7684556
688386,1.390012369,103.7517593
268218,1.318486356,103.8035151
679556,1.370911725,103.7650486
669449,1.354292664,103.7590624
648604,1.353631167,103.6977681
589638,1.332986529,103.7905864
587762,1.346439978,103.7773817
128045,1.296951,103.7654361
127882,1.312617246,103.7563349
636784,1.269816251,103.6289579
597790,1.344335432,103.7728977
288407,1.327319526,103.8128318
278170,1.309538874,103.798557
628400,1.294961172,103.6637301
648229,1.352099272,103.6980918
640687,1.341532478,103.7056699
643680,1.345216268,103.7055248
287040,1.335750942,103.8049927
639758,1.354161535,103.6872321
267029,1.314771362,103.7937906
268409,1.321462823,103.7913848
128968,1.321799295,103.7554176
629377,1.315377724,103.6614978
128391,1.312960191,103.7535525
597792,1.344038019,103.7726571
597936,1.343645752,103.773666
679641,1.369983255,103.7681137
267347,1.324155087,103.7961207
589818,1.335839837,103.7864933
596496,1.337998693,103.7708784
139949,1.294385864,103.787058
129810,1.327558101,103.7632432
658520,1.372498701,103.7522956
266206,1.318645609,103.7926125
668876,1.358679706,103.760394
589087,1.336221241,103.7851923
269905,1.318467828,103.7982493
637955,1.337270127,103.6918304
268093,1.320391013,103.8086625
288896,1.327876227,103.8062987
596960,1.339278138,103.7667075
639073,1.320363863,103.6460766
680011,1.379762211,103.7549694
599150,1.334483986,103.7666073
118628,1.283724197,103.7824037
680305,1.384327856,103.7429171
628920,1.329231218,103.6945555
118225,1.28959031,103.7869211
118917,1.291926633,103.7712774
277730,1.310506571,103.7951766
640478,1.347353165,103.7239522
596611,1.337220387,103.765659
118856,1.282984649,103.7856697
267744,1.321622304,103.8099711
641661,1.335679446,103.7051412
119387,1.27809035,103.7898746
278212,1.311167641,103.7987221
648493,1.351005976,103.6991881
629405,1.309693147,103.6656244
669133,1.360159344,103.7627038
117786,1.286305337,103.795429
682487,1.376355124,103.7383602
138945,1.295274682,103.7963409
627724,1.267662356,103.6769615
627548,1.313334144,103.6978817
279503,1.323858863,103.7873062
648389,1.352630227,103.6989474
598489,1.344368813,103.7667967
602318,1.34775004,103.7308429
674633,1.384611897,103.7596027
609388,1.300898176,103.7484271
627662,1.33389561,103.7026162
718925,1.446140566,103.7288905
640751,1.347609581,103.6992277
598396,1.345595417,103.766556
269016,1.322267468,103.8062636
129294,1.320106627,103.7585252
597590,1.317433759,103.7767762
688794,1.385573672,103.7518866
640471,1.348494278,103.7221629
648882,1.350707776,103.701413
679840,1.370456968,103.7696971
669487,1.354950734,103.7597007
598811,1.340454114,103.7655249
629665,1.314061732,103.6694504
599108,1.334021293,103.7679425
130014,1.305563812,103.7855952
642680,1.34500408,103.7053315
268869,1.317135201,103.8059127
277596,1.330437401,103.7937357
737869,1.43087517,103.7523468
610331,1.338589824,103.7228899
289554,1.335026235,103.8006083
619705,1.334912151,103.7169336
637865,1.29911911,103.6298736
639232,1.329192759,103.6479438
149002,1.291146757,103.8061377
267550,1.326347122,103.7950114
127826,1.314687166,103.7559668
275921,1.326879264,103.7910237
640410,1.353673528,103.7263843
117308,1.281136226,103.7904631
118169,1.280286617,103.7907847
266461,1.319288562,103.8070374
287528,1.328078091,103.8088843
637059,1.24351718,103.6141719
637057,1.24416815,103.6141718
286699,1.328883281,103.8050508
609293,1.300502741,103.7474344
266709,1.320526259,103.800263
120501,1.312312548,103.7593125
627610,1.277545378,103.6667386
599904,1.336515695,103.7731424
648529,1.353499365,103.6993365
118162,1.280727459,103.7869554
644275,1.353656936,103.7029442
270049,1.31161978009983,103.789668393965
139941,1.296151359,103.7880729
688720,1.389612568,103.752828
269469,1.321688321,103.8052082
669038,1.359466159,103.7591181
598376,1.344387987,103.7681579
648445,1.353102676,103.6976153
590006,1.337773028,103.7751307
118255,1.290056402,103.7899904
267346,1.324541646,103.7961282
268484,1.317037458,103.7945114
269354,1.322148966,103.7991692
599139,1.33407541,103.7669334
588345,1.338247833,103.7856181
269712,1.32431495,103.809445
639627,1.35228197,103.6869324
129907,1.311014981,103.7648614
142033,1.296567445,103.7983786
598536,1.344017517,103.7668027
637929,1.336636449,103.6914439
119863,1.275548711,103.7967922
640930,1.341005801,103.6898988
670442,1.382251153,103.7712357
629171,1.327380723,103.6920754
143040,1.297986437,103.7985808
119573,1.279650942,103.8002573
598208,1.335399079,103.7719186
279244,1.321488499,103.7837988
287229,1.32669401,103.8086689
628402,1.294961172,103.6637301
129068,1.321087282,103.7556669
637470,1.291408907,103.6332777
276384,1.310258354,103.7978111
689437,1.377557373,103.7573594
129537,1.317712394,103.7588409
277323,1.316533994,103.7821975
129577,1.321882641,103.7616671
289505,1.331664767,103.8070338
729371,1.424901812,103.7515793
680634,1.396609114,103.7497294
598325,1.334231876,103.7792631
278176,1.309658433,103.7984289
278147,1.309130062,103.79913
141153,1.293923412,103.8029454
618776,1.331702143,103.7138444
640720,1.344339503,103.6975781
668106,1.375633123,103.7578671
589821,1.335863873,103.7866654
266877,1.318716144,103.7894338
126834,1.295090207,103.7687681
728955,1.425012198,103.7465353
688716,1.389834596,103.7528656
140060,1.298252192,103.7970901
637066,1.308910932,103.6490774
276421,1.325734462,103.7925053
598052,1.335416927,103.7673078
141150,1.294903079,103.8036993
287189,1.331268166,103.8094213
679783,1.371107614,103.7684054
618359,1.338562137,103.7172043
127780,1.312921792,103.7595423
588677,1.335593008,103.78749
289268,1.333323169,103.8053809
159956,1.290217095,103.8050788
670544,1.382058449,103.7640154
275920,1.326879264,103.7910237
112016,1.284117829,103.7782774
688695,1.391079286,103.7527033
690415,1.37124518849245,103.742455237762
599478,1.32995907,103.777252
117709,1.285100588,103.7806238
636743,1.266417437,103.6157143
588296,1.33903676,103.7860329
279473,1.321573778,103.7875896
126825,1.294358647,103.7664752
120110,1.322845078,103.7708988
127586,1.313349842,103.7586489
668615,1.360319213,103.7622035
599848,1.334506734,103.7724315
266817,1.32008922,103.7902991
669961,1.357526306,103.757729
669683,1.377560016,103.7589392
648857,1.351086244,103.700554
681801,1.375842814,103.7431959
627838,1.259112699,103.6947182
119085,1.295843405,103.7833248
718917,1.434971121,103.7096159
629039,1.323540963,103.6762166
636806,1.270339407,103.6276475
267369,1.324540199,103.7949404
669965,1.357535879,103.7573725
689461,1.377152588,103.7462218
600234,1.339932705,103.7416466
278435,1.309297833,103.7995035
729931,1.405863969,103.759312
739715,1.415912599,103.7579997
689036,1.377140391,103.7453205
638239,1.337637593,103.6901487
638287,1.337500171,103.6920248
129000,1.320605346,103.7561003
628828,1.330189259,103.6929763
668686,1.358564368,103.7600227
267342,1.32464358,103.7969497
288788,1.332893165,103.8017295
681660,1.400911079,103.7495758
278780,1.314881824,103.7820386
288696,1.332835071,103.8022782
117694,1.282779674,103.7861186
670270,1.376495198,103.77421
670273,1.377573211,103.7753528
629038,1.324742463,103.67565
597610,1.338073021,103.7762509
277733,1.310159346,103.794977
272033,1.310378501,103.7848677
627895,1.296060662,103.6691251
278667,1.329874501,103.7870245
599521,1.323755621,103.7735684
288574,1.330564676,103.8112458
678626,1.367474986,103.7699426
678628,1.367418052,103.7699162
266916,1.323943716,103.8082663
118584,1.27892037224628,103.785351854871
277781,1.330410257,103.7930644
587967,1.346126366,103.7734718
657991,1.355941712,103.741127
668790,1.359951172,103.7615725
118829,1.280639618,103.7860992
277998,1.311029258,103.7976557
277419,1.32015573,103.7889069
277694,1.311835007,103.7944785
275898,1.327524514,103.7904484
275899,1.327524514,103.7904484
118844,1.282197016,103.7862456
141093,1.305296495,103.800547
127643,1.316855883,103.7546094
276160,1.326119315,103.7839246
679785,1.371055138,103.7684085
587952,1.344503461,103.7884026
587953,1.344503461,103.7884026
658072,1.373426799,103.7527925
119422,1.274409239,103.7947965
650431,1.361069076,103.7433283
640481,1.346846145,103.72523
640483,1.347353056,103.7253204
639807,1.350728276,103.6862131
596169,1.355314467,103.764476
670637,1.388873125,103.7604886
279185,1.313197133,103.7852136
598006,1.338535619,103.7708299
678502,1.3683707,103.770106
276727,1.331683896,103.7909953
271033,1.310246364,103.7850715
270033,1.30977118,103.784714
271032,1.310063407,103.7844981
642665,1.339798317,103.7029436
668779,1.359473193,103.7615889
118573,1.278682484,103.78688
669000,1.359527848,103.7602526
669026,1.359841926,103.7596248
668994,1.359457974,103.7604166
596233,1.335808013,103.7711267
266447,1.319935254,103.8066063
739539,1.433917847,103.7569213
589158,1.341003645,103.7851029
288635,1.332928667,103.8048314
128189,1.30897924,103.7642637
599812,1.334316786,103.7709848
142034,1.296808995,103.7983615
141041,1.298228399,103.7985854
141045,1.299194385,103.7985245
671633,1.385586407,103.7583408
277511,1.319560323,103.7858774
587932,1.344213673,103.7882792
729572,1.411637797,103.7455746
677610,1.367463662,103.7740315
689339,1.391735132,103.7426251
739875,1.414976337,103.7591598
689018,1.37733071,103.7461404
678097,1.361891692,103.7684633
668231,1.374207412,103.7578396
279803,1.313344597,103.7905206
126891,1.31203259,103.753464
266583,1.328847088,103.7980973
276573,1.322912932,103.7918851
669470,1.355330194,103.7590929
600253,1.343188358,103.7367858
268143,1.317357744,103.8055619
278677,1.331030986,103.7889537
126768,1.298846987,103.7649177
680254,1.378222383,103.7438852
276126,1.325618398,103.7848904
599887,1.336289514,103.7722272
266304,1.32270278,103.8109281
678418,1.359418869,103.7683949
276324,1.314482097,103.7881869
276261,1.313314347,103.7804593
268783,1.328845604,103.7955905
677976,1.397680959,103.7537763
679828,1.370098545,103.7690933
619737,1.31154833,103.7237118
149740,1.295463429,103.8065158
287254,1.327739028,103.8073443
668728,1.35756071,103.7615594
589240,1.344435068,103.7757948
129109,1.321664879,103.7591197
267235,1.324632708,103.7963288
287913,1.333822938,103.8000075
640739,1.345942986,103.7001201
267949,1.315212782,103.8020021
267943,1.315753086,103.8021828
668664,1.358008612,103.7608219
589412,1.349010515,103.789187
589038,1.336924691,103.7847241
118420,1.291298998,103.7825504
639045,1.335504362,103.6452671
639591,1.317204168,103.6522087
267349,1.324131796,103.7959925
267351,1.324133749,103.7959284
598635,1.343008239,103.7705296
597942,1.344238573,103.7734507
669889,1.358080547,103.760152
268247,1.322651059,103.7967506
119715,1.280151615,103.787638
266933,1.322316099,103.8077508
269495,1.322962874,103.804197
641686,1.341748418,103.7047943
600235,1.339975979,103.74216
127715,1.319017673,103.7553887
127716,1.319017673,103.7553887
639111,1.325202579,103.6439615
639109,1.324191763,103.643579
648968,1.336633231,103.6937447
271031,1.309603663,103.7840235
140020,1.292750071,103.7999359
268570,1.324931621,103.7929511
275967,1.326477015,103.7910334
679659,1.372775853,103.7694768
277619,1.328947508,103.7929557
600065,1.321968839,103.7392259
288790,1.332924962,103.8015919
118880,1.282012082,103.7850455
279986,1.330938663,103.7947738
689189,1.393690349,103.7468317
127961,1.316649297,103.7565607
118940,1.291781147,103.7717139
688743,1.389884559,103.7513626
629472,1.31736554,103.6700311
638507,1.313739605,103.6559325
268115,1.320170753,103.8073503
680817,1.37754385,103.7497
140028,1.298543257,103.7998979
148953,1.290931087,103.8041069
288866,1.330674187,103.8007986
126875,1.307485081,103.7641289
648337,1.338853847,103.7047262
589317,1.346888658,103.7762222
266451,1.320053817,103.8067167
688618,1.391669964,103.7520943
619742,1.308343108,103.724029
279333,1.320611884,103.7867408
128801,1.317763568,103.7606731
128819,1.317553901,103.7594014
117881,1.278981756,103.7863685
119544,1.27974023,103.7908226
640745,1.347012926,103.6979495
680107,1.378055381,103.7535882
658662,1.370649238,103.7520406
688721,1.389562464,103.752833
669849,1.358383014,103.7577256
129364,1.319078293,103.7599224
678631,1.367360075,103.7698893
601240,1.341003499,103.742339
598263,1.336565975,103.7743191
658631,1.370841314,103.7517234
680429,1.382743255,103.7401356
119788,1.279602029,103.7891968
738006,1.417702553,103.7574396
598000,1.338581278,103.7714305
637942,1.337804134,103.6917908
629544,1.310022472,103.6619385
619977,1.330180695,103.7181467
599141,1.334091135,103.7670014
277571,1.331824764,103.7927807
669613,1.360171837,103.7650984
670206,1.373733827,103.7741138
684476,1.37727908,103.738418
276179,1.311866486,103.783349
267907,1.317449941,103.7959652
689678,1.386330831,103.7430865
689860,1.384272308,103.7479395
689865,1.383725032,103.7481473
678770,1.358645029,103.7682885
629238,1.318643497,103.6657372
596498,1.337430043,103.7709282
619856,1.335094157,103.7129447
640438,1.351409993,103.7236008
640428,1.351599135,103.7252876
608613,1.312685985,103.7304206
589847,1.339695578,103.7873065
268385,1.322483866,103.7937441
649961,1.344595842,103.7081907
589851,1.33968905,103.7866853
629065,1.325461166,103.6667639
618495,1.3352778,103.721723
129959,1.30698271,103.7706717
629291,1.318478327,103.6674747
680752,1.39227305,103.7474251
643268,1.347131796,103.707996
628850,1.329980007,103.6905732
648757,1.351308387,103.7004025
276181,1.311919851,103.7831499
670609,1.382857341,103.7620101
670533,1.384955708,103.7637652
588998,1.338631653,103.7785854
638177,1.33868077,103.6907545
637982,1.336925223,103.692474
637979,1.337591293,103.6924666
638348,1.336676352,103.6922794
680292,1.378156335,103.7398086
288864,1.330675349,103.8007352
279427,1.32492934,103.786405
598974,1.336758408,103.7685649
680667,1.40258974,103.7496297
597758,1.343252958,103.7726908
640492,1.349945436,103.7251805
126868,1.307683469,103.7643601
596229,1.358260605,103.7661684
718840,1.425390202,103.7127616
718866,1.437086654,103.7165588
669085,1.359918624,103.7571305
637625,1.300308797,103.6266541
679500,1.369952107,103.7724706
680138,1.38024085,103.7524358
289730,1.3344227,103.8036782
117689,1.282261845,103.7864668
668605,1.3598716,103.7621609
279550,1.322590242,103.7859426
276918,1.316434629,103.7806891
642686,1.341961793,103.7045422
599742,1.343370146,103.7750772
269444,1.321908926,103.8083653
117369,1.286365989,103.7805369
648460,1.350859229,103.6982868
268903,1.322082049,103.8112376
648752,1.351314357,103.7001869
287082,1.337651574,103.8046881
679325,1.3712116,103.771573
596884,1.341241745,103.7699417
277196,1.315592988,103.7797433
266799,1.317189389,103.7887183
682687,1.404405693,103.7506689
689866,1.383940885,103.7482895
596319,1.342615988,103.7749798
629105,1.324993758,103.6660798
628324,1.296259919,103.6661104
692324,1.362580545,103.7334234
659204,1.363579008,103.7447211
142032,1.299620525,103.7993864
648547,1.353810104,103.698887
618334,1.339239296,103.7176251
658700,1.371459811,103.7527697
129116,1.320940015,103.7601759
680751,1.392465817,103.7479069
277348,1.318036631,103.7824217
139409,1.300747554,103.7885883
739499,1.43594536,103.7540084
117823,1.27735579,103.7901204
128624,1.308311714,103.7618478
637439,1.286720109,103.6234168
588676,1.335217353,103.7874776
680227,1.381182497,103.7459662
739832,1.415638304,103.7572979
266573,1.329751535,103.7988862
669230,1.352534944,103.7587281
589487,1.337930369,103.780475
685476,1.377099573,103.7382957
269880,1.318543415,103.800102
640507,1.349027089,103.7184299
636846,1.274450584,103.6362619
618420,1.339989245,103.7179822
639158,1.297665631,103.6346716
127465,1.315349269,103.7538792
638503,1.308501167,103.6516857
288482,1.327493234,103.8100565
604287,1.337869388,103.7441144
600339,1.349532517,103.7315322
279065,1.313245408,103.7833572
118226,1.289830501,103.7875766
589197,1.342499486,103.7858065
276448,1.326351765,103.7924156
127756,1.312739719,103.7587031
688328,1.391156007,103.7508386
596591,1.337463693,103.7648616
648710,1.351829555,103.7007217
275853,1.327153738,103.7899289
277595,1.330508475,103.7937506
588615,1.338329035,103.78875
269461,1.321958662,103.8068984
278850,1.315446525,103.7824652
678603,1.367597532,103.7696202
588100,1.338825602,103.7818992
267809,1.323812456,103.7932503
618370,1.339212365,103.7171795
618387,1.339762046,103.7173999
670515,1.388206157,103.7672658
640856,1.347144687,103.6966548
269774,1.328877739,103.8016099
269775,1.328877739,103.8016099
650267,1.348809566,103.7598926
127139,1.309213132,103.7614528
117831,1.27784463,103.7900328
638333,1.335822721,103.6916248
639751,1.347634152,103.6854152
277863,1.329575591,103.7929415
599316,1.335151398,103.7702618
679457,1.369346109,103.7731918
288095,1.33601303,103.7911895
287184,1.331422677,103.8090565
127500,1.316010619,103.7541426
669963,1.357580199,103.7575462
596843,1.33874094,103.7657016
279381,1.323863546,103.7878053
628847,1.331130655,103.6923802
129385,1.320220527,103.7588761
589393,1.348087201,103.7886001
117320,1.281302963,103.790129
117295,1.280972519,103.790854
289740,1.330250758,103.8103871
118173,1.28117898,103.7910364
118191,1.280763904,103.790873
267792,1.322880224,103.7931077
277736,1.31039501,103.794748
277425,1.320307826,103.7889937
287616,1.332026968,103.8102956
288568,1.330798991,103.8115648
139745,1.303042552,103.7853584
589615,1.333014465,103.7905462
589045,1.337298416,103.7848236
638280,1.33781637,103.6923552
278444,1.308394772,103.7987839
641276,1.35320439,103.7036544
688381,1.390353071,103.751857
140040,1.296458426,103.8062076
641958,1.34067595460588,103.691045174451
599201,1.336339977,103.77081
269711,1.324285599,103.8094885
589545,1.338285314,103.7845897
117302,1.280903044,103.7905391
640516,1.345503653,103.7205575
640527,1.347884172,103.7164174
640458,1.350210693,103.7200319
648628,1.353917223,103.6975777
120441,1.314966523,103.7642705
688673,1.392291238,103.7525058
682692,1.40067816,103.7513772
629010,1.32831306,103.6709539
628787,1.329551082,103.6907242
589162,1.341219253,103.7850738
679979,1.378588221,103.7741224
279129,1.311783344,103.7850966
268359,1.321948214,103.794474
669029,1.360747462,103.7594416
610369,1.336981611,103.7197722
266983,1.322554925,103.8087361
127476,1.316901563,103.7536389
599717,1.341482011,103.7733789
689683,1.387214747,103.7434425
278106,1.311452162,103.7971283
629545,1.313466583,103.6585115
128459,1.313042639,103.7538861
628875,1.332986797,103.6906876
288210,1.336766761,103.790373
128141,1.308551295,103.7628434
677796,1.372635084,103.773374
111016,1.284194949,103.7783346
648926,1.341396406,103.7178721
268074,1.321914056,103.8095463
680116,1.378981923,103.7517795
648773,1.351287259,103.7014752
269140,1.323808391,103.80263
677951,1.397439192,103.7543726
275861,1.326904716,103.7903339
658258,1.368022954,103.7518997
596921,1.337732202,103.765089
128144,1.308576927,103.7628943
119711,1.280243372,103.7877142
677978,1.397721497,103.753592
650269,1.348757884,103.7594517
601271,1.341898986,103.745897
588534,1.340509881,103.7824013
596701,1.340719606,103.7697244
688665,1.392505698,103.7524727
598036,1.33716676,103.7683009
658870,1.338955316,103.7612858
268063,1.322610195,103.8102048
679649,1.371949303,103.7673823
628827,1.33109723,103.6955127
118706,1.289893964,103.7741073
599253,1.334363349,103.7703518
688325,1.390776638,103.7509334
287042,1.3358083,103.804989
268798,1.327389406,103.7949677
658687,1.371792256,103.7524091
648341,1.339894817,103.7052601
648342,1.339971685,103.7054971
648338,1.339573124,103.7044559
680686,1.404077388,103.7489021
276711,1.331283075,103.7922029
268892,1.322637026,103.8117439
688546,1.391459283,103.7520454
596986,1.338507638,103.7665123
599024,1.336906155,103.7700354
669612,1.35690906,103.7609632
679573,1.371456885,103.7655047
628422,1.305381435,103.6565925
288968,1.333308884,103.8079928
127195,1.294471773,103.7663327
268782,1.328457391,103.7959011
287604,1.332567878,103.8098067
628440,1.299723682,103.6597526
677823,1.372167588,103.7740428
640535,1.349421311,103.7170118
681684,1.404006084,103.7467671
678602,1.367625974,103.7695584
277507,1.319563935,103.7862478
599178,1.333762763,103.7671797
658661,1.370281372,103.7519364
141031,1.299361916,103.7994714
271022,1.309356763,103.7854897
267473,1.323252406,103.7963329
609854,1.3194346055402,103.735508543756
738078,1.422034537,103.7592102
117303,1.280923015,103.7904915
278990,1.311677553,103.7953656
600204,1.337191474,103.7419419
267045,1.314755409,103.7930207
638677,1.322246582,103.6586101
127005,1.316812289,103.7557425
127725,1.318964209,103.7536367
681674,1.401638827,103.7465353
680670,1.40297793,103.747753
267997,1.320993168,103.8060073
627968,1.323208692,103.7058615
276301,1.332178534,103.7876831
141033,1.298331096,103.8045159
688509,1.392484793,103.7511131
267520,1.326227571,103.7969906
279359,1.324002083,103.7859149
739773,1.416063218,103.7574746
739772,1.415996798,103.7574341
640182,1.348871063,103.7089648
596692,1.34051347,103.7698808
287735,1.327734493,103.8089241
129417,1.319873209,103.75641
287741,1.32772066,103.808391
640461,1.349556426,103.7208013
129460,1.319018397,103.7574065
658430,1.369155706,103.7517777
138701,1.297634549,103.7941883
276303,1.332543871,103.7876228
269571,1.322710239,103.80573
597055,1.344291095,103.7736544
128524,1.305079266,103.7645365
276200,1.312487817,103.7821798
275936,1.325998605,103.7917117
278313,1.314431497,103.7790033
689813,1.384755411,103.7445377
629371,1.31514829,103.6609335
637752,1.312145533,103.6312083
671546,1.388526287,103.7703529
670457,1.388176496,103.7706913
119034,1.292373404,103.7690669
268985,1.324279031,103.808099
287559,1.330484006,103.8099585
681632,1.396842299,103.7489171
142027,1.298324737,103.7998392
141026,1.298106411,103.799781
140025,1.297896651,103.7996965
276568,1.323047353,103.7924808
670542,1.382958952,103.7639516
640758,1.350154946,103.7003472
138831,1.294254203,103.7983983
138752,1.299933568,103.7939711
288212,1.336768511,103.7905727
599608,1.342085867,103.7736311
288995,1.333117644,103.8086868
266658,1.329063231,103.7992424
288434,1.327749423,103.8114144
689337,1.391703804,103.7428617
587877,1.343942938,103.7880447
628421,1.305559784,103.6568601
639746,1.34742597,103.6847276
289011,1.334543968,103.8073527
287856,1.332570562,103.8005189
267493,1.323841429,103.7951837
267422,1.323998994,103.7987957
669831,1.358197817,103.7581813
648967,1.34098386,103.6914888
267174,1.323117397,103.7977239
679830,1.370153683,103.7691861
619739,1.31145983,103.7232643
640680,1.344539888,103.7058149
278331,1.316219242,103.7883641
599693,1.344127701,103.7705371
289891,1.326802461,103.8133182
600242,1.341903505,103.7427969
600209,1.337825465,103.7400934
119364,1.278855826,103.789897
689042,1.37707352,103.7450533
599620,1.342089048,103.7727831
599529,1.323596181,103.7741629
588497,1.341393139,103.7820117
287480,1.329381196,103.8089912
618492,1.314000139,103.725258
618394,1.339580306,103.7177562
596296,1.339510471,103.7662964
289606,1.324745886,103.8113243
128445,1.310711219,103.7542825
117646,1.279689632,103.7895625
287153,1.330510533,103.8089998
279098,1.312117127,103.7835047
118113,1.279285123,103.7906414
669275,1.353019049,103.7568433
629567,1.310983968,103.6692826
596928,1.337848813,103.7655785
277231,1.318736215,103.7812188
599297,1.33304995,103.7668555
599244,1.334766292,103.7698023
648425,1.353182665,103.6988101
618388,1.339496005,103.7176205
275904,1.327014515,103.7908917
588326,1.340688235,103.7858625
628398,1.294961172,103.6637301
619744,1.308051751,103.7226042
658673,1.370681241,103.7527073
269388,1.322380226,103.80104
628945,1.324929137,103.6692365
600330,1.350554953,103.7300291
588958,1.340220305,103.7807143
640482,1.347202706,103.7247686
640940,1.343307908,103.6888734
600040,1.321350377,103.7420311
600033,1.320302528,103.7418485
670530,1.384715392,103.7652713
652453,1.352021918,103.7426886
120602,1.305124151,103.766301
628003,1.325695834,103.6904654
739794,1.417046686,103.7595435
688732,1.389748031,103.7519727
119959,1.277305354,103.8019222
266864,1.318716144,103.7894338
669922,1.357965501,103.7589111
267462,1.324338667,103.7949165
277182,1.315683252,103.7803938
267378,1.325151227,103.7945462
269010,1.322542023,103.8069134
289323,1.33400983,103.806313
627851,1.333145784,103.6952481
588903,1.340713692,103.7797013
677975,1.397667376,103.7538378
588300,1.339258044,103.7860703
597999,1.33855315,103.7714973
638069,1.312163903,103.6284201
268986,1.324189644,103.8075435
127922,1.316319122,103.7564936
127760,1.312777114,103.7588164
127767,1.313116959,103.7588517
277688,1.311724555,103.7947363
739634,1.416095445,103.7587697
641655,1.33553724,103.698482
643654,1.335844658,103.6972932
618696,1.335372412,103.7157677
266663,1.327701079,103.7994319
628833,1.331044899,103.6950277
587962,1.344803346,103.7884882
269742,1.328820985,103.801304
117288,1.300777097,103.7760206
267996,1.320879012,103.8061406
589198,1.342016049,103.7858805
619702,1.333732581,103.7173944
729760,1.410722195,103.768396
288325,1.339090215,103.8116025
266906,1.323753747,103.8085894
289473,1.332622232,103.8072538
268134,1.318806922,103.8070984
279592,1.324015555,103.7867835
636884,1.268801962,103.6284165
596909,1.337638332,103.7644755
288328,1.338511527,103.8113705
118453,1.277056513,103.795393
640747,1.347615757,103.697321
640749,1.348066128,103.6980722
596140,1.336968378,103.7682774
680483,1.375841487,103.7377574
618327,1.339063897,103.7179928
287554,1.330351933,103.80992
287557,1.330417445,103.8099391
729322,1.409315481,103.7523561
138763,1.29986606,103.7944165
628774,1.328735672,103.6884203
267114,1.326124359,103.7942253
679588,1.371383127,103.7666484
671217,1.374180984,103.7743981
120337,1.316055677,103.7691127
130003,1.30380245,103.7823203
131003,1.303674846,103.7829053
678542,1.359580807,103.768138
638415,1.331407257,103.6341615
127977,1.315797558,103.7572234
278942,1.310466969,103.7939426
289282,1.334155984,103.8053075
639380,1.327257625,103.6540156
688610,1.391867647,103.7502209
276473,1.331046981,103.7950988
669277,1.353015343,103.7566454
618778,1.332502782,103.7135856
668984,1.35925175,103.7607015
269558,1.322135773,103.8053565
117556,1.295467181,103.779774
599426,1.335955706,103.7692903
279651,1.328267903,103.7900295
588825,1.336612552,103.7880879
670203,1.373091688,103.7755659
670202,1.372191714,103.774848
670208,1.37398084,103.775028
638768,1.315374741,103.6541335
149053,1.287617926,103.8033911
629651,1.314562713,103.6740041
596315,1.342508522,103.7750047
609187,1.308026734,103.7386469
679411,1.370676769,103.7727138
618310,1.338203977,103.7180895
627460,1.318460647,103.7011765
718926,1.446755102,103.7162342
269906,1.31824147,103.7980526
640494,1.349507502,103.724914
670436,1.382259136,103.7702689
589880,1.340784441,103.787627
627647,1.255404025,103.6977111
597658,1.333414181,103.7586155
609254,1.304277258,103.7510306
680656,1.400216285,103.750393
277294,1.31896818,103.7821833
267623,1.326735407,103.7980371
678058,1.35922843,103.7676464
278618,1.317163108,103.7873403
287144,1.330090013,103.8086744
627772,1.26147421,103.6751136
689884,1.383239387,103.7498534
278073,1.309707191,103.7976406
279092,1.312362848,103.7831451
627842,1.30345199,103.6849295
141103,1.308192316,103.8000981
588235,1.335629073,103.7861943
729663,1.407876909,103.7508795
600302,1.344687884,103.7344667
139408,1.302885729,103.7877012
267384,1.325266068,103.7942186
670514,1.387587532,103.7673854
637125,1.346477403,103.6893509
688196,1.374400528,103.7395666
119785,1.279024408,103.789023
669823,1.358180764,103.758552
648563,1.353728819,103.698169
138628,1.298064293,103.7901156
640857,1.348026029,103.6967378
690105,1.35136604190042,103.736680956412
692105,1.3511161860454,103.735776794081
640647,1.340111291,103.6973881
640620,1.341454729,103.6994817
640401,1.353424941,103.7214427
688755,1.390035711,103.7506965
629707,1.326524814,103.688367
650284,1.346699052,103.7572767
289931,1.331548645,103.8126485
641679,1.344267256,103.7058337
677934,1.396194327,103.7535461
677935,1.396194327,103.7535461
277582,1.330289936,103.7916097
669070,1.359668746,103.7579616
651472,1.35933007,103.7432215
640686,1.341434635,103.704368
639632,1.352753093,103.6872161
276228,1.312829558,103.7816728
680664,1.402296185,103.7504385
680402,1.379202527,103.7394381
650432,1.360533586,103.7423646
275979,1.326524064,103.7906861
275980,1.326524064,103.7906861
629657,1.315911622,103.6733911
266392,1.318585788,103.8058553
669596,1.35682179,103.760464
128166,1.308771865,103.7635782
266869,1.318716144,103.7894338
640964,1.342010958,103.6926633
118818,1.289927921,103.7762802
278246,1.310514593,103.7978349
269662,1.317572551,103.8011993
278685,1.332170201,103.7907148
669891,1.357716028,103.76061
140170,1.290911282,103.8031208
680785,1.394855245,103.7480441
278048,1.309343548,103.798404
269262,1.31879754,103.7945651
639657,1.352322086,103.6878858
117543,1.296786443,103.7803449
658289,1.368592499,103.7516492
678383,1.358614494,103.769158
277606,1.329267748,103.7935977
739708,1.415959641,103.7585444
640906,1.341220505,103.6852284
680208,1.381460756,103.7481827
640405,1.354221279,103.7214393
628475,1.32922859,103.6958262
658672,1.370677703,103.7526146
688731,1.389724892,103.7520638
286682,1.328365811,103.8058635
118080,1.278407311,103.790299
679638,1.371785331,103.7670627
598485,1.344173154,103.7669799
637851,1.309126259,103.6306066
278832,1.314089405,103.7820012
599009,1.335861876,103.7688814
111013,1.285596158,103.7767358
640412,1.353251021,103.7261403
640404,1.353922892,103.7225057
643273,1.351832419,103.7040078
279109,1.311717741,103.7843864
119169,1.280294756,103.788056
129963,1.308621351,103.7667962
669697,1.377985217,103.758872
279982,1.331270667,103.7946716
651319,1.36093482,103.7463764
650296,1.34353706,103.7469071
650277,1.347377146,103.758003
638950,1.319624281,103.6467023
658569,1.369410775,103.7509539
268196,1.317250928,103.8033596
671613,1.384236786,103.7618809
636905,1.270473,103.6290331
269724,1.32449621,103.8091879
269710,1.324285599,103.8094885
597892,1.34368504,103.7711872
658074,1.349000733,103.7489079
597858,1.342381308,103.7722044
286894,1.337663892,103.8051639
680615,1.400899072,103.7448897
629357,1.29717984,103.6696429
669469,1.355328232,103.7590318
598660,1.345617658,103.7675017
670102,1.379107628,103.7681538
677940,1.396700856,103.7534324
609776,1.343144358,103.7340889
670146,1.375528386,103.7661852
688737,1.389805929,103.7517135
278774,1.314925295,103.7815339
119354,1.279428784,103.7901735
269050,1.324532298,103.8019753
640754,1.348664926,103.7003771
729925,1.405713405,103.7575034
279844,1.331196713,103.7907148
650511,1.35272298,103.7537964
267928,1.314996707,103.7967391
276554,1.323915905,103.7926267
598856,1.341041253,103.7655917
129231,1.322411325,103.7552093
597860,1.342491569,103.7717472
589328,1.347087131,103.776501
266699,1.319890943,103.801437
598316,1.332720963,103.7804246
678148,1.373380102,103.7631393
627942,1.331326489,103.7057839
628972,1.32606066,103.674618
684801,1.375135757,103.7430316
131012,1.304780771,103.7851865
648762,1.351305756,103.7008443
279079,1.312786298,103.7833176
670217,1.374908823,103.7735478
127531,1.316780589,103.7544137
269118,1.32416586,103.8041822
276590,1.320671878,103.7895356
276206,1.312308171,103.7820926
589172,1.34230014,103.7850713
126991,1.314454331,103.7553916
639041,1.334108175,103.6442838
287240,1.32714891,103.8082042
637579,1.314947323,103.627711
587783,1.346597192,103.7769765
587782,1.346597192,103.7769765
638952,1.318811453,103.646298
640713,1.343657113,103.6960642
683687,1.403685594,103.751205
119574,1.279609737,103.7999536
596221,1.340763153,103.7699305
637145,1.353643093,103.6940031
138895,1.298435728,103.7936458
138883,1.298590766,103.793
596255,1.335609873,103.7705689
128139,1.308536797,103.76279
267485,1.323327283,103.795655
640180,1.348054764,103.7081085
658571,1.369514898,103.7509235
671541,1.382748276,103.7629721
629155,1.323176806,103.7003114
276291,1.330731697,103.7883918
588498,1.341438387,103.7820667
681669,1.402249292,103.7482744
127400,1.31240436,103.7582728
277390,1.31837642,103.7873212
119163,1.280537498,103.7885341
276494,1.328278066,103.7947899
669624,1.353694674,103.7611232
270013,1.309707378,103.7890999
270007,1.311288236,103.7872306
268192,1.317081311,103.803619
279756,1.323737821,103.7844441
276455,1.326211441,103.792812
278229,1.310927264,103.7980183
269865,1.314954163,103.7984541
129191,1.323695589,103.7558497
277465,1.321223529,103.7892683
658641,1.370249552,103.7512063
597334,1.329167031,103.7673463
276939,1.316265467,103.7795464
658637,1.370244982,103.7510987
679800,1.371477704,103.7691448
618358,1.338872921,103.7170461
670466,1.386942955,103.7732991
275887,1.327524514,103.7904484
659554,1.343728084,103.7536313
269717,1.324373542,103.8093578
658650,1.370630218,103.7516093
648702,1.351644147,103.6987297
118681,1.289099999,103.7765235
267922,1.316830014,103.7984952
278692,1.330360356,103.7891961
127750,1.312703024,103.758527
121423,1.309508552,103.77022
131002,1.302886624,103.7836853
637707,1.291400176,103.6231156
289973,1.336301965,103.8132314
636945,1.276381455,103.631722
127753,1.313025143,103.7583799
587883,1.343942938,103.7880447
587884,1.343942938,103.7880447
278094,1.311936598,103.7989169
688653,1.392863037,103.7524167
689011,1.377756451,103.7461553
680280,1.380831899,103.7429397
680285,1.380122557,103.7418857
287532,1.328125214,103.8087767
638157,1.339078969,103.6907241
638182,1.338891458,103.6906063
680675,1.401346557,103.7459906
718865,1.443073646,103.7217233
119044,1.292876206,103.769014
288500,1.327281533,103.8099389
598393,1.345338003,103.7668052
120380,1.318344291,103.767572
610122,1.335985469,103.723866
729915,1.406737615,103.7592296
597503,1.328711913,103.767877
277908,1.328154669,103.7935005
599801,1.334693168,103.7715988
279556,1.323137472,103.786588
588618,1.338796055,103.7891842
689959,1.386173503,103.7441406
287158,1.330618127,103.8085309
276978,1.316089516,103.7814467
287661,1.328826604,103.8077499
269376,1.3219206,103.8003728
266924,1.322960377,103.8081322
267371,1.324572229,103.7948711
266831,1.317865245,103.7911263
596882,1.341024144,103.7700407
128519,1.30551695,103.7643348
648704,1.351648422,103.698586
129067,1.321041223,103.7557033
682297,1.377351206,103.743105
627771,1.261434602,103.6750589
678902,1.372256759,103.7653226
629028,1.329047316,103.6747383
627480,1.266577376,103.6756516
597052,1.343987716,103.7737655
627470,1.277947079,103.673582
639977,1.347492488,103.6834119
138993,1.287396131,103.797749
269943,1.320054984,103.7923967
289342,1.333207326,103.8066022
640684,1.344296855,103.7040989
640764,1.349397037,103.6984496
597195,1.325424228,103.7683005
279780,1.33239502,103.7909771
287225,1.326597795,103.808926
269576,1.322764679,103.8060547
598746,1.358124638,103.7636615
637740,1.301129482,103.6283019
278469,1.308228981,103.7990416
269264,1.318078732,103.7955494
640514,1.346748456,103.7201532
267452,1.323985712,103.795632
678673,1.391730927,103.7557408
688577,1.391327837,103.7510384
269937,1.319539692,103.7938754
597401,1.326597564,103.7675473
128147,1.308260295,103.7629956
640748,1.347753371,103.6979687
119633,1.291507929,103.7728015
669458,1.354920092,103.7589514
278478,1.309156815,103.7977971
637097,1.275083623,103.6353805
596807,1.338418927,103.7653352
289863,1.335285104,103.8064827
140151,1.294571007,103.8030418
269580,1.322684642,103.8062549
658491,1.371420334,103.7515538
588486,1.340949975,103.7816639
597573,1.346827747,103.7646104
658689,1.371792854,103.7524645
289130,1.333336281,103.8056861
597870,1.342769084,103.7713165
588278,1.336802096,103.7864097
120344,1.31812074,103.7690884
289883,1.325130614,103.8126699
289900,1.328044896,103.8133956
267492,1.323815524,103.7952368
288466,1.327843185,103.8101254
648352,1.351187736,103.696951
651388,1.364428235,103.7523279
637799,1.294477246,103.6241912
599331,1.333331869,103.7686923
110016,1.284339667,103.7784437
601285,1.338538229,103.7462234
589620,1.333030332,103.7903085
653467,1.355922381,103.7425517
639408,1.321392812,103.6560584
738799,1.432298275,103.7676415
642218,1.350327074,103.7108889
266389,1.319640148,103.8071345
276165,1.326819826,103.7833816
129813,1.328359582,103.761529
641631,1.343384813,103.6998259
587959,1.344803346,103.7884882
650273,1.348422645,103.7575792
668765,1.359214748,103.7619845
597474,1.325264676,103.7668753
278349,1.31541703,103.7870713
123210,1.323439847,103.7632605
589656,1.333739635,103.786609
688751,1.389978717,103.7509416
118959,1.291459174,103.7719458
658246,1.368039629,103.7522605
637052,1.246047888,103.6141717
127143,1.309331669,103.761562
129051,1.321446923,103.75672
596301,1.357542223,103.7655119
648747,1.351662857,103.7002303
737948,1.416614224,103.755266
129188,1.323507996,103.7561619
619364,1.319515661,103.714412
129360,1.319264555,103.7597934
597147,1.327544619,103.7650305
597126,1.326444441,103.7656257
277150,1.31520685,103.7811654
120107,1.322254751,103.7699607
127869,1.313772554,103.7561722
289971,1.336380302,103.8141844
275939,1.325998605,103.7917117
738045,1.416662051,103.7575177
628911,1.328353563,103.6948208
269501,1.323168642,103.8042675
596340,1.342972865,103.7745552
117829,1.277188147,103.7904832
267472,1.323314528,103.7963245
276751,1.307860372,103.8016218
268576,1.323901976,103.7934643
268114,1.320123191,103.8073984
288736,1.334244007,103.8015908
677997,1.398109471,103.7542697
269969,1.322936673,103.7939331
739567,1.435240956,103.7586819
268156,1.316752343,103.8035611
149301,1.299039651,103.803685
600241,1.341481293,103.7429734
637569,1.287082136,103.6353925
129812,1.327352625,103.7616197
638111,1.3099654,103.6322283
600060,1.322755244,103.7386581
601022,1.323297351,103.7393881
641673,1.344265182,103.7012495
658684,1.37143348,103.752231
719840,1.42124280488763,103.723379201776
680557,1.39556991,103.7443328
680632,1.396691112,103.7485797
140062,1.298493156,103.7970912
140059,1.298011246,103.7970907
610351,1.338972224,103.7198388
680682,1.402510539,103.7452912
596143,1.337005833,103.7684376
636887,1.272263944,103.6283925
737635,1.43034578,103.7539297
288613,1.332566518,103.8024335
688351,1.391013532,103.7502331
287248,1.327421043,103.8077758
122801,1.300507938,103.7636158
117998,1.280698769,103.7915903
599099,1.334614931,103.7678485
628926,1.317385389,103.7079362
596350,1.343482641,103.7744403
588669,1.335500164,103.7878551
289852,1.335028916,103.8083464
648718,1.351952598,103.7005404
596330,1.343057019,103.7748811
278611,1.317217599,103.788158
669247,1.353826154,103.757402
640628,1.342204167,103.6994476
139397,1.302352204,103.7877913
119780,1.278818434,103.7892044
289190,1.33129213,103.8073782
729238,1.412944458,103.7466899
668612,1.359988688,103.7620188
120349,1.315958638,103.7710544
117542,1.295467181,103.779774
266844,1.317581963,103.7910611
266985,1.322492499,103.808702
118816,1.289832758,103.7762451
278282,1.3151937172451,103.781226674925
671234,1.379142746,103.7719984
618414,1.339818399,103.718089
597274,1.324557682,103.7668797
127766,1.312828099,103.7590507
637765,1.31279345,103.6321136
288573,1.33137964,103.8114976
689858,1.37816693,103.7379365
278366,1.317024417,103.7862896
600113,1.338797914,103.7348077
680354,1.382645438,103.7435611
268436,1.321745366,103.7907593
689457,1.377232612,103.7467304
128169,1.308438332,103.763627
268206,1.31790516,103.8031898
629670,1.315393974,103.6686191
669455,1.354740402,103.7590099
619738,1.311944142,103.7233691
680123,1.379196361,103.7494577
680121,1.378303571,103.7501081
680026,1.377621124,103.75574
610349,1.339534196,103.7191669
118934,1.292293192,103.7717098
671177,1.380669849,103.7649552
268442,1.321652671,103.7908918
628572,1.325655414,103.7037572
597360,1.326340266,103.7681134
637585,1.314671934,103.628259
277504,1.319870206,103.7866937
598526,1.343495923,103.767267
599487,1.330300133,103.7773921
288009,1.347200483,103.7896726
688326,1.391145256,103.7508874
276430,1.325472027,103.7922458
651391,1.36577213,103.7523547
679599,1.371760833,103.7667996
638160,1.338256281,103.6910866
640624,1.340784384,103.6978761
597702,1.342973961,103.771853
120506,1.312516969,103.7608674
669052,1.359487535,103.7588511
268087,1.320986513,103.809187
588086,1.339122664,103.7814943
268534,1.323188101,103.7949165
668232,1.374161043,103.7577143
611183,1.332924737,103.7224504
658657,1.370275556,103.7517928
127579,1.314309673,103.7579516
128378,1.309492056,103.7535532
288683,1.330583267,103.802421
609774,1.343894307,103.7340255
652472,1.359825256,103.7435808
637238,1.292379663,103.627667
143043,1.296078435,103.8068643
658963,1.346970614,103.7403975
276233,1.313273196,103.7813776
119388,1.27807965,103.7899313
669030,1.360020344,103.75919
636883,1.268063566,103.6275616
588661,1.343942938,103.7880447
677831,1.371963636,103.7741516
268611,1.321592804,103.7942649
658563,1.370582174,103.7535185
658560,1.370747705,103.7535182
658561,1.370690699,103.7535184
127842,1.314198429,103.7562758
649665,1.35449695210429,103.70567438031
120213,1.323197957,103.7613236
269562,1.322299049,103.8055153
287844,1.332402713,103.7995503
637002,1.277685358,103.6327497
138704,1.297982357,103.7955145
269177,1.324351097,103.8000146
628765,1.328846773,103.6917297
268312,1.323889039,103.8087441
648705,1.351650027,103.6985323
668971,1.359358742,103.7612817
599268,1.334485192,103.7691055
138994,1.287380178,103.7977854
138995,1.287197641,103.7979681
117314,1.28106956,103.7902021
279307,1.321822135,103.7875356
597853,1.342726526,103.7723437
277298,1.318631396,103.7825667
648221,1.352113269,103.697506
599660,1.344107862,103.7708618
129880,1.318815195,103.7681537
288684,1.330409643,103.800834
680504,1.389166315,103.7426761
118853,1.281221399,103.7853482
126887,1.29271114,103.7625461
277429,1.320413698,103.7890525
692325,1.363005808,103.7335331
719457,1.441102782,103.7063247
140112,1.306616608,103.7981838
129390,1.320692702,103.7584679
637888,1.298468654,103.6316477
627809,1.302237731,103.6861869
679796,1.371398345,103.7692183
599397,1.335593207,103.768292
689010,1.377464984,103.7465591
637079,1.273123939,103.6372011
278225,1.31098081,103.7981251
129023,1.321018787,103.7565685
599673,1.342865387,103.7708634
658727,1.339552914,103.7613196
117313,1.281024243,103.7906973
117300,1.280860535,103.7910882
276837,1.315398813,103.7829071
599038,1.337070685,103.7707784
268890,1.322719854,103.8118182
286763,1.329188852,103.8054552
678758,1.357755178,103.7692157
598239,1.335482802,103.7728741
679181,1.36694981,103.7681377
269896,1.318317957,103.7990492
596910,1.337974629,103.7644789
598055,1.335821725,103.7674023
128418,1.313498522,103.7502683
628782,1.329582747,103.6918507
276207,1.313165375,103.7824629
598192,1.334882721,103.7711247
599437,1.335968927,103.7697448
276818,1.31760661,103.7810491
719688,1.443323327,103.7103219
278210,1.311225701,103.7987587
596268,1.335835527,103.7701437
597215,1.327730575,103.7696286
279310,1.322023796,103.7874444
670509,1.386627039,103.7690216
679142,1.36691597,103.7693321
139526,1.290734193,103.7983644
120362,1.312716928,103.7699026
120416,1.310335922,103.7713557
128690,1.30753415,103.7626818
688494,1.39216747,103.7511495
596398,1.345504095,103.7723058
286951,1.336794412,103.805807
658581,1.370060037,103.750727
688638,1.391833577,103.7513762
118860,1.281626321,103.7848695
618324,1.339383854,103.7178503
599022,1.336870547,103.769981
648846,1.350750243,103.7002218
268738,1.329113751,103.8005933
289614,1.325520308,103.8096593
599910,1.336770881,103.773357
658642,1.37061804,103.751322
119748,1.278002021,103.7889351
683685,1.403494282,103.7486772
640479,1.347202757,103.7245012
640411,1.353722571,103.7252027
596339,1.343329188,103.7748359
276591,1.320955538,103.7901844
277387,1.31894925,103.7880542
266625,1.321288291,103.8120791
149381,1.300169993,103.8082807
268071,1.321994053,103.8096325
276875,1.314093865,103.7854167
610326,1.335763043,103.7226688
649040,1.342428289,103.6924352
267668,1.324980765,103.79527
266910,1.32360071,103.8085336
279418,1.324577495,103.7865913
670484,1.38840059,103.7718822
608840,1.334920493,103.7483205
276695,1.316840959,103.778349
610180,1.333691422,103.7212664
638646,1.324224731,103.6571712
680669,1.402923616,103.7482687
600024,1.323496353,103.7378842
669132,1.360210455,103.7627362
117657,1.279995439,103.7898025
648883,1.351078608,103.7014715
149058,1.29716996,103.7996518
648220,1.352114867,103.6974515
648244,1.35191409,103.6976596
681686,1.404389567,103.7478564
589329,1.347115233,103.7764523
678972,1.375600053,103.7639989
739695,1.415211137,103.7584944
600258,1.343786349,103.7386358
600259,1.344174546,103.7398756
141151,1.294859437,103.8030169
266923,1.323588807,103.80801
649812,1.344130044,103.7177615
649813,1.343956138,103.7173104
289813,1.334279602,103.7897462
118961,1.291594314,103.7719499
628789,1.329553802,103.6902306
269762,1.331021879,103.7962645
267447,1.32377402,103.7973288
128163,1.308394706,103.7634595
657978,1.356021493,103.7406976
618725,1.331778209,103.7243951
276696,1.31661898,103.7789473
127757,1.313047901,103.7584996
588795,1.33629684,103.7878648
638888,1.323627903,103.6428825
658389,1.370112841,103.7525851
278223,1.311007021,103.7981779
677850,1.372862871,103.7720435
679126,1.367279226,103.7686065
629191,1.320894282,103.6708022
669556,1.363583528,103.7652634
597968,1.343433949,103.7728266
627862,1.277219113,103.7122545
129131,1.320414848,103.7591464
679045,1.366020803,103.7698049
728851,1.429623762,103.7479552
119499,1.277511615,103.791404
138696,1.296950868,103.7938573
642657,1.335960987,103.7008403
627893,1.307432931,103.673334
669919,1.357522991,103.7598966
269729,1.32458247,103.8091187
596778,1.338174625,103.7643855
679892,1.372127635,103.7690312
649481,1.350086666,103.7012136
278989,1.31163683,103.7954064
276924,1.3158779,103.7789819
638705,1.317314042,103.6490192
287776,1.331667517,103.7988356
289264,1.332763764,103.8051838
640909,1.341175181,103.6864521
129361,1.318967236,103.7586461
129365,1.319049215,103.758735
629788,1.331313644,103.7040371
599601,1.342019632,103.7750642
682690,1.403183777,103.7518731
688712,1.390085937,103.7528368
269102,1.323907457,103.8063422
596566,1.336516237,103.7710182
117406,1.285889314,103.7835121
669079,1.360299637,103.7570315
729349,1.412855819,103.7535267
589926,1.342307056,103.7864111
597118,1.32531653,103.7660039
597358,1.326141533,103.7679946
618304,1.324103911,103.7123883
628830,1.329997371,103.6924587
648240,1.351906844,103.6979815
648252,1.351814658,103.6972316
648679,1.352080486,103.6987624
279140,1.312722929,103.7854003
679663,1.372655471,103.7695127
268185,1.316775199,103.8038953
627736,1.301568931,103.6850774
718874,1.440953148,103.715357
648830,1.350760166,103.6997545
669916,1.357938308,103.7591639
640690,1.341186885,103.70671
643682,1.343152907,103.7053946
266339,1.323172429,103.8004588
678145,1.373293653,103.7631563
118193,1.280803905,103.7907769
117305,1.280963016,103.7903953
729452,1.419451635,103.7422802
138826,1.293228898,103.7984733
637764,1.312846894,103.6319701
638245,1.337328206,103.6903869
680352,1.382844724,103.7431573
636891,1.279558496,103.6311265
276930,1.3158779,103.7789819
609296,1.29753074,103.7544104
637927,1.336682504,103.6914078
600284,1.339487653,103.7462264
648680,1.352323369,103.6990289
596886,1.341347593,103.7699966
729477,1.411198065,103.7430222
627684,1.333818155,103.7035131
679312,1.371345216,103.771154
277464,1.320037596,103.7884293
679874,1.371196524,103.7687587
597364,1.326496945,103.7686211
128813,1.317245316,103.7590829
689717,1.385605526,103.7464818
588630,1.347855625,103.7868919
636745,1.286316961,103.6223724
648650,1.352950234,103.6981233
599597,1.34201876,103.7751734
587849,1.348067034,103.7742195
648818,1.352430277,103.7002306
729151,1.417178964,103.7450062
596333,1.343167015,103.7748685
678267,1.376082456,103.7636537
268556,1.324311758,103.7936831
276865,1.315171452,103.7847899
677788,1.372805273,103.7731287
600342,1.34605164,103.73142
118742,1.292365297,103.7701794
598919,1.33448695,103.7664056
588288,1.33757544,103.7862778
118145,1.279723774,103.7866803
269598,1.323208202,103.8058475
287406,1.326550437,103.8085727
618769,1.330584098,103.7154362
138699,1.297205584,103.7943549
288438,1.327534493,103.8117657
129192,1.323734835,103.7557848
599473,1.324893524,103.7752266
599175,1.333833924,103.7673923
628138,1.303351201,103.6853945
669008,1.360230516,103.7597896
678774,1.358845087,103.7682789
597024,1.34231876,103.7741451
277145,1.315160728,103.7819703
269478,1.322592936,103.8050368
129370,1.319490435,103.7600844
118665,1.288932204,103.7770263
119415,1.274212375,103.7950325
619897,1.337387257,103.7126978
597029,1.342778597,103.7744037
627824,1.307946832,103.6711913
277411,1.31990103,103.7887325
588403,1.338690027,103.7811789
588178,1.342688157,103.7760617
596443,1.345879049,103.771723
140163,1.291876436,103.8026323
140042,1.298332886,103.8023
118654,1.289261173,103.7778443
277423,1.320259328,103.7889657
609151,1.303193717,103.7297239
268645,1.320747793,103.7937652
289514,1.332361337,103.8063919
268509,1.322035114,103.795819
599271,1.333498501,103.7682749
279309,1.321901736,103.7875245
598831,1.340751203,103.7660589
596690,1.339845741,103.7693465
589124,1.339139482,103.7853058
289366,1.336450411,103.8069948
269894,1.318651882,103.7992875
638035,1.304365176,103.627567
269276,1.320601351,103.7949211
637096,1.276249132,103.6330431
680607,1.399016586,103.7441822
638342,1.336321973,103.6920082
139598,1.30817548,103.7740032
597303,1.326149145,103.7665683
648222,1.35211172,103.6975578
141040,1.297006873,103.8060571
728653,1.408439563,103.7568864
640642,1.340369897,103.6958398
636904,1.273793578,103.6260826
636817,1.318029389,103.6307572
678863,1.37145011,103.764064
276168,1.326033871,103.7836128
266713,1.320261815,103.7999674
658458,1.369197258,103.7525791
658456,1.369194882,103.7525232
658064,1.339051107,103.7590387
658707,1.371825961,103.7531343
670437,1.382509573,103.7695481
670402,1.380312263,103.7680736
128568,1.306074998,103.7662802
279388,1.323209402,103.7877273
608560,1.316255841,103.732243
279584,1.323955905,103.7863574
127418,1.311780517,103.7570129
638249,1.338465912,103.6918119
658400,1.370298712,103.7522238
629062,1.324089597,103.6655875
618592,1.326852682,103.7241256
127157,1.309497547,103.7637838
277389,1.319036486,103.7880631
268029,1.317354371,103.8022686
598500,1.345435596,103.7663919
598761,1.340183994,103.7668836
688393,1.390431555,103.7515061
651433,1.361898007,103.7423749
598291,1.33326882025894,103.780052205833
598290,1.33353104,103.7800422
637046,1.277512663,103.6206599
637118,1.278279553,103.6319473
138675,1.305181565,103.7909593
267998,1.31910943,103.8050284
648863,1.351095523,103.7008945
128583,1.306278427,103.7671038
599680,1.343105092,103.7707277
141019,1.292972875,103.8005353
679860,1.371933858,103.7693683
286786,1.329157932,103.8059396
276584,1.320882195,103.7895882
650229,1.348276604,103.7546809
267680,1.325257629,103.7946826
279652,1.32888084,103.7913251
269935,1.320489668,103.7935563
266362,1.322901405,103.8000224
272016,1.309637894,103.7876471
129462,1.318539073,103.7577549
289440,1.335246434,103.8068757
728950,1.422821606,103.7484969
278314,1.314347068,103.7789368
609163,1.304826051,103.732214
117304,1.280941991,103.7904434
279149,1.314174483,103.7837153
138588,1.306245568,103.7912375
627971,1.323204533,103.7082212
596313,1.342453546,103.7750115
275970,1.326477015,103.7910334
639740,1.347192231,103.6843011
588018,1.340090004,103.78235
602287,1.338459241,103.7442222
598207,1.334962005,103.7718323
275923,1.326477015,103.7910334
278852,1.315228536,103.7823793
628472,1.328296578,103.6957329
127847,1.313533143,103.7560202
638325,1.339969728,103.6915947
678781,1.359091983,103.7682494
608550,1.333059993,103.7435037
588557,1.341959873,103.7820364
627536,1.275442284,103.6759806
277503,1.319484328,103.7866955
651114,1.349906686,103.7458125
638995,1.322119634,103.6389228
639240,1.33061518,103.6492072
648735,1.351669553,103.6999069
637916,1.336902064,103.6907144
276942,1.316265467,103.7795464
628589,1.326961062,103.7026034
600121,1.335081481,103.7365043
679551,1.371003243,103.7654043
679851,1.371516281,103.7696949
638337,1.336070712,103.6918151
637918,1.336855714,103.6907507
637964,1.336825473,103.6916825
638288,1.337602146,103.6919491
276621,1.319771704,103.7889166
599435,1.335098012,103.7700214
286892,1.325792853,103.8112225
288534,1.325655903,103.8120599
287800,1.333111179,103.8001376
668618,1.360110695,103.7618357
641962,1.342103809,103.6918418
276836,1.315882562,103.7834101
118688,1.289264926,103.7760173
149171,1.29036079,103.8057565
118918,1.291925155,103.7712239
277575,1.331068846,103.7924352
628582,1.324089468,103.7001036
670115,1.378014377,103.7692052
679633,1.371404194,103.7676462
587848,1.348323213,103.7742494
119502,1.277667158,103.7914602
688697,1.390936166,103.7527309
648743,1.351665084,103.7001225
648772,1.351288758,103.7014237
588632,1.34851412,103.7866788
268572,1.324978786,103.7929021
119600,1.29093551,103.7737132
739800,1.417046078,103.7600126
609432,1.328121119,103.741481
276726,1.331863492,103.7916195
599786,1.334606736,103.7705866
637136,1.296083068,103.6267953
718918,1.443032894,103.7194072
629146,1.321576631,103.6931285
129301,1.31945926,103.7591034
640961,1.341286949,103.6920694
640931,1.341621407,103.6897342
658965,1.350319392,103.7415936
739788,1.417034156,103.7588461
588552,1.341813716,103.7824723
144055,1.297119748,103.79737
269498,1.323066148,103.8042311
129031,1.320876598,103.7569173
140098,1.306822191,103.8014471
140097,1.306160472,103.8014957
279435,1.325003472,103.78684
688581,1.3913514,103.7509332
739571,1.436297839,103.7589967
670482,1.389160997,103.7722919
129396,1.320910761,103.7577293
598869,1.341129301,103.7665137
269466,1.320857903,103.8046818
118859,1.282984649,103.7856697
658307,1.368617298,103.7521863
629630,1.318622664,103.6761209
596442,1.345847067,103.7716575
276203,1.313029765,103.7824138
589144,1.340217681,103.7851725
668843,1.358386927,103.7614555
681502,1.388714708,103.7429563
126769,1.298818312,103.7648562
668336,1.376427499,103.7598388
597493,1.328150119,103.7681493
597898,1.344224072,103.7712236
139465,1.304983733,103.7759418
627821,1.259160509,103.714024
117452,1.282247016,103.7834536
596166,1.355044175,103.7650803
680425,1.38121893,103.7394824
680421,1.381778969,103.7407475
719864,1.417156921,103.7270585
628772,1.328695786,103.6892931
670236,1.379024909,103.7712151
279387,1.323282921,103.7877366
119328,1.279823909,103.7902478
117642,1.279297889,103.7894066
287514,1.326647005,103.8092675
269611,1.323723197,103.8043449
269213,1.323634484,103.8096053
637879,1.298789182,103.6307583
287046,1.335963543,103.8049769
637783,1.308941839,103.6259668
658270,1.368072091,103.7514728
286792,1.329337674,103.8056757
668337,1.375852021,103.7590561
596405,1.345717668,103.7714658
279504,1.323495577,103.7874219
267622,1.326390072,103.7981811
597357,1.32586295,103.7682261
669375,1.354330964,103.7597888
688625,1.392053297,103.7518718
637693,1.291496904,103.6240065
268981,1.324516321,103.8082657
269046,1.324324433,103.8020296
670120,1.377054602,103.7694441
670128,1.375995112,103.7697662
670223,1.375735175,103.7736092
127827,1.314115822,103.7554275
267463,1.324350739,103.7948432
597372,1.327077318,103.7689811
640820,1.346332296,103.6951884
267888,1.31548672,103.7948001
277271,1.317923615,103.7820382
268740,1.328841688,103.8003712
628713,1.331563674,103.7012431
275844,1.327028377,103.7897894
275845,1.327028377,103.7897894
269128,1.324018254,103.8032574
668698,1.358809388,103.7596871
596618,1.337658383,103.7660273
149067,1.306950199,103.8024623
680211,1.381921057,103.7479012
589651,1.333823987,103.7863472
679131,1.367133491,103.7691241
128771,1.308722442,103.7652334
640433,1.352779845,103.7228586
628376,1.301194951,103.6636048
689416,1.377439983,103.7583519
268157,1.316791905,103.8030217
588554,1.341793973,103.7822662
276289,1.313379336,103.7790178
628605,1.327283891,103.6981165
596237,1.335754615,103.7710281
278316,1.314213355,103.7787994
589208,1.342138463,103.7852139
638119,1.310908461,103.631844
278755,1.314286856,103.7809001
288376,1.325030465,103.8120175
288460,1.326337315,103.8107558
680232,1.38058555,103.7470984
128627,1.309240058,103.7622191
141038,1.297735984,103.8043197
689037,1.377645317,103.7447604
638126,1.311037831,103.6292428
587871,1.343942938,103.7880447
587872,1.343942938,103.7880447
596180,1.340548479,103.7736491
596761,1.338585906,103.7643969
619478,1.314955117,103.7041812
609283,1.30026543,103.7464807
266492,1.318398963,103.8051197
638486,1.320072903,103.660235
117469,1.288820247,103.7772441
117470,1.288779375,103.7772215
117326,1.281637425,103.7899533
637698,1.290781992,103.6245472
627829,1.252880325,103.6995516
129383,1.320037061,103.7590484
670242,1.380072088,103.7718336
639483,1.32919566518897,103.634313313557
638860,1.323028344,103.6368882
629047,1.32455972,103.6729568
642673,1.34439825,103.7016635
627868,1.26119891,103.6950833
588827,1.337716907,103.7868436
289729,1.337232462,103.8036306
609259,1.301464966,103.7530591
587870,1.343942938,103.7880447
639586,1.333479468,103.6366719
128518,1.305578608,103.7646408
276913,1.31568708,103.7784034
683809,1.375659736,103.7441912
597867,1.343171858,103.7716475
688254,1.376085648,103.7344478
609341,1.320945208,103.7506633
128167,1.308433873,103.7635731
276576,1.322234113,103.7918874
598157,1.336279673,103.7651845
119703,1.279620095,103.7881043
127447,1.294319293,103.7675326
679763,1.371691925,103.7683608
658835,1.338284956,103.7619067
278063,1.309393787,103.7979237
278080,1.30966277,103.7976745
278059,1.309296897,103.7980089
599095,1.334854476,103.7678152
597611,1.338288648,103.7754791
126978,1.292003944,103.7616046
598509,1.343914345,103.7677506
119381,1.278414427,103.7896381
670407,1.381444711,103.7683059
628346,1.306986873,103.6603778
639367,1.325318703,103.6507793
639460,1.326946394,103.6547633
139001,1.287474857,103.7983165
640641,1.340668114,103.6963568
640968,1.341181892,103.6936687
288485,1.327387001,103.8102503
276382,1.310296349,103.7979283
138633,1.29882455,103.7877589
597847,1.342683062,103.7725898
128302,1.311405853,103.7548591
276750,1.308440903,103.8019294
599127,1.334399076,103.7671938
658262,1.368017972,103.751792
599675,1.342919331,103.7708339
599531,1.323680715,103.7737522
277077,1.316268887,103.7816008
279536,1.323015937,103.7858772
629989,1.272126306,103.661586
597325,1.328114549,103.7677253
689390,1.377887385,103.7581744
598908,1.335337956,103.7662829
658285,1.3691036,103.7510377
699810,1.377911948,103.7125693
144091,1.295340411,103.8125852
588141,1.347585995,103.7705906
279494,1.323799453,103.7869023
269563,1.322013374,103.8057291
739519,1.436042304,103.7555499
127965,1.316456314,103.7567237
266460,1.319329468,103.8070853
689040,1.377078001,103.7451215
127789,1.31343021,103.7595255
588623,1.339195966,103.7884595
269167,1.323483783,103.8011001
719861,1.423541337,103.7215842
278228,1.310764814,103.7983756
268382,1.321382062,103.7933189
276341,1.311422974,103.7991589
287093,1.33779032,103.8050813
637600,1.311213672,103.626818
278473,1.308129736,103.7989806
589649,1.332812708,103.785404
679490,1.370006687,103.7714426
596192,1.334184054,103.7696127
279463,1.320994115,103.7870534
600279,1.340728859,103.7467812
600269,1.34146035,103.7456777
600283,1.339085068,103.747058
658340,1.369701164,103.7512413
658342,1.369703121,103.7512976
276496,1.327786533,103.794637
688771,1.390250595,103.7498051
669076,1.360425989,103.7570586
599033,1.336687238,103.7707887
266510,1.32127322,103.8032746
286696,1.328795558,103.805184
277052,1.315694678,103.78417
117883,1.278940941,103.7864074
267549,1.326875453,103.7948516
618376,1.339302326,103.7173172
268454,1.321899466,103.7909304
117837,1.277743295,103.7903601
588495,1.341455341,103.7826204
640409,1.354097927,103.7253247
640434,1.352404533,103.7227097
679380,1.372112967,103.7703832
638799,1.313496687,103.6531948
739799,1.417048671,103.7599327
267541,1.326804243,103.7957262
627873,1.273111137,103.7232333
679057,1.364083567,103.772345
669262,1.353327733,103.7580352
598783,1.340307061,103.7661715
681621,1.399636926,103.7475726
142052,1.30190334,103.7972432
267612,1.328079679,103.8010037
599815,1.3347686,103.7721192
670272,1.377573173,103.7744621
278475,1.307747108,103.7985415
277195,1.315041945,103.7797058
117568,1.294965513,103.7712216
120801,1.299716177,103.7638348
288016,1.347177141,103.7900642
127428,1.315167586,103.7531638
599176,1.333797759,103.7672939
640432,1.352563729,103.7235695
128559,1.306039412,103.766018
596318,1.342074964,103.7746328
640821,1.346998108,103.6945288
739691,1.414984153,103.7581327
692220,1.35849311,103.7300441
627705,1.306466207,103.6731272
628134,1.302047464,103.6883207
159960,1.289003462,103.8043293
658421,1.369505812,103.7515957
288659,1.337102002,103.8044255
596704,1.339773114,103.7692011
289510,1.332642302,103.8064293
619866,1.335715664,103.716418
639372,1.325906595,103.6529183
269441,1.321695376,103.8089674
275950,1.326190123,103.7911347
279647,1.328921978,103.7905668
277603,1.33000742,103.7935633
127832,1.314458581,103.7561143
128655,1.309189934,103.7617429
139258,1.306528584,103.7872035
289255,1.332552145,103.8057649
648616,1.353362814,103.6975217
596752,1.33916469,103.7643538
669475,1.354950041,103.7593283
658794,1.340694754,103.7613528
658666,1.370657931,103.752184
659528,1.343506328,103.7520346
680509,1.387999958,103.7418182
289884,1.325130614,103.8126699
289208,1.331036693,103.8066951
590002,1.339174804,103.7753414
670175,1.379796041,103.7659895
289577,1.336426571,103.7990688
637917,1.33698677,103.6911698
269307,1.320581577,103.7965708
598449,1.345828221,103.7654379
588809,1.336768913,103.7866458
629889,1.301764103,103.6782914
649924,1.344664353,103.7130451
128959,1.32209314,103.7564153
627800,1.304401697,103.6737137
642221,1.345760757,103.7130837
599839,1.335227674,103.7729006
599044,1.336391952,103.7694258
680151,1.378410614,103.7572511
680164,1.381159263,103.7563626
680163,1.380910277,103.7569258
681158,1.37966152,103.7565696
658254,1.368027934,103.7520074
279371,1.324822116,103.7878971
127959,1.316744065,103.7564837
118963,1.291705117,103.7719596
276260,1.312900097,103.7807803
641990,1.335255178,103.6950834
640975,1.340241479,103.6935496
641989,1.335973352,103.6945678
127880,1.312742146,103.7562527
129029,1.320984866,103.7568624
278646,1.323007272,103.7844933
668960,1.358781007,103.7613572
610344,1.34116422387526,103.720810618159
611342,1.34024487676761,103.722403423164
612344,1.34085429135186,103.721002998861
609256,1.303528325,103.7527232
728792,1.406763705,103.7520683
689484,1.376214483,103.755599
640448,1.352632579,103.719401
640421,1.350197638,103.7273488
269647,1.315675043,103.8002752
638130,1.311226605,103.6287367
598223,1.335130446,103.7724097
159952,1.28893478,103.8056078
268211,1.318450843,103.8025032
287139,1.330224214,103.8092511
637562,1.299540489,103.6270774
276925,1.3158779,103.7789819
276926,1.3158779,103.7789819
709654,1.444977889,103.7071985
126857,1.308207305,103.7651095
599182,1.335316364,103.7668813
600041,1.321587379,103.7409869
672547,1.388437745,103.7692526
671611,1.383392055,103.7616018
670165,1.37685097,103.7651237
588471,1.340083947,103.7816284
641221,1.345224066,103.7128007
600105,1.337387468,103.7385276
289615,1.325491575,103.8094297
608614,1.31278207,103.7298043
588789,1.336217019,103.7881377
288639,1.333667984,103.8046527
640519,1.345538106,103.7175832
648848,1.350749361,103.7002782
608627,1.313728262,103.7296761
288037,1.348561235,103.7911356
267959,1.318779987,103.8044219
611344,1.34102117952834,103.721486756605
277185,1.315022309,103.7802492
627488,1.317258749,103.7015235
266907,1.324400725,103.808567
275958,1.326201153,103.7911207
275959,1.326201153,103.7911207
618401,1.340020258,103.7176872
598398,1.34579499,103.7663961
279242,1.321439322,103.7836523
587885,1.343942938,103.7880447
139653,1.308469655,103.7765085
276477,1.330780658,103.7949852
668853,1.358560594,103.7612119
689451,1.377404727,103.7472804
269141,1.323885876,103.8025976
611118,1.335580732,103.7233179
719863,1.417403826,103.7263312
670232,1.37647118,103.772398
670118,1.376804203,103.7684637
289670,1.333978772,103.790871
149006,1.29092469,103.8058606
269258,1.318963008,103.7940867
596001,1.318378052,103.7760574
127449,1.29477441,103.7677561
278357,1.315942481,103.786663
268410,1.322056814,103.792835
288906,1.328649617,103.8068777
677903,1.380482405,103.7598018
267024,1.315460657,103.7932182
596803,1.338334391,103.7652244
638762,1.317571793,103.649287
278169,1.310027811,103.7985198
267986,1.321182319,103.8057513
641821,1.346519566,103.6948612
680423,1.382024147,103.7403107
680225,1.381090653,103.7448896
278155,1.309244657,103.7989236
269863,1.31484417,103.7984631
729449,1.420981077,103.7423689
596431,1.345147503,103.7706
648353,1.350992734,103.6978213
599345,1.333073424,103.7689004
266778,1.322444903,103.8107123
128094,1.314063885,103.7566404
276268,1.312839596,103.7804853
669036,1.359638308,103.759179
598094,1.336824484,103.7649187
677698,1.37023599,103.7736176
266951,1.323461535,103.8084398
668300,1.377392921,103.7591857
659248,1.354876312,103.753138
288895,1.327774938,103.8062212
638820,1.328364981,103.6388892
287080,1.337223833,103.8047248
640495,1.349690738,103.7243623
117681,1.290539594,103.7765017
610327,1.336151468,103.7226334
599492,1.33102412,103.7757007
648471,1.35142247,103.698886
596280,1.335199144,103.7709145
619095,1.317748703,103.7217475
640724,1.345047449,103.6981478
139248,1.304579595,103.7857625
139225,1.306452863,103.7859883
681476,1.376520185,103.7380257
127912,1.315412212,103.7574349
608531,1.334599257,103.7429445
587910,1.344213673,103.7882792
289222,1.331576988,103.806721
278980,1.311227351,103.7956052
648446,1.353056254,103.6975838
129449,1.318784214,103.7580227
276446,1.326337806,103.7921997
587852,1.345619476,103.775721
650638,1.349363453,103.752321
670415,1.383359054,103.768932
648805,1.352536183,103.7007009
637402,1.31697662,103.6284355
598402,1.343722747,103.768117
598118,1.341166552,103.7733686
597400,1.326647184,103.7680192
627795,1.308794701,103.6749166
629919,1.308255525,103.6749279
629918,1.308266256,103.6750129
643681,1.34449473,103.7047605
277461,1.321230653,103.7893898
589183,1.342552354,103.7855072
671525,1.386316579,103.7653687
618367,1.339452577,103.7169139
129061,1.321241194,103.7560937
650433,1.361324373,103.7418012
629927,1.312370958,103.6791884
680216,1.383198774,103.7471833
658200,1.37033176,103.7535211
267054,1.314709238,103.7915166
267705,1.325846469,103.7932479
127717,1.319017673,103.7553887
127718,1.319017673,103.7553887
127719,1.319017673,103.7553887
618318,1.339506955,103.7180086
648427,1.353264918,103.6986929
267674,1.325131527,103.7950022
619730,1.31260492,103.7254272
640635,1.342793288,103.698397
139224,1.306487728,103.7865551
118817,1.289880017,103.7762626
149860,1.290253965,103.8058479
266592,1.327525418,103.7984148
729453,1.42085168,103.7415233
266298,1.321536519,103.7927751
266230,1.321581144,103.7928733
596317,1.342561917,103.7749907
266619,1.322358015,103.8122101
598872,1.341125515,103.7666902
117691,1.282476684,103.7863498
648737,1.351668399,103.6999633
636976,1.274335511,103.618532
669829,1.358206048,103.7582581
279816,1.312688565,103.7903834
119604,1.29093522,103.7737122
118560,1.277514778,103.7893316
648412,1.352859983,103.6992865
638495,1.309582051,103.6524375
678793,1.360253895,103.7681562
598736,1.355613175,103.765933
118756,1.292577187,103.7695412
117702,1.282192047,103.7865084
128042,1.297630146,103.7666847
139529,1.290182373,103.797313
629936,1.316042198,103.6799735
599841,1.33525999,103.7729587
117635,1.291168461,103.7707782
589622,1.333299241,103.7887989
649409,1.349392107,103.7201218
289930,1.331222611,103.8131712
269132,1.323763867,103.8030291
658678,1.370698373,103.7530452
129418,1.320480403,103.7565135
629437,1.314097538,103.6622334
267752,1.322030009,103.8101185
117782,1.285579558,103.7940028
598822,1.339906794,103.7650314
129962,1.308912438,103.7670551
278609,1.316950721,103.7884736
267030,1.314598962,103.7934276
619332,1.308738546,103.7223559
267400,1.325565851,103.7932411
275953,1.326201153,103.7911207
119074,1.294835542,103.7837258
637036,1.2940387,103.6439809
599611,1.342082391,103.7734336
637747,1.301458456,103.6274188
279837,1.33101444,103.7911636
117821,1.277409976,103.7900173
638142,1.338653459,103.6915874
641670,1.344097248,103.7028606
590009,1.338304798,103.7735416
590010,1.337539566,103.7731611
669813,1.358131566,103.7594447
277690,1.311755732,103.794691
648598,1.353778508,103.6979074
598537,1.343666926,103.7661455
138599,1.305909007,103.7734817
279083,1.312605431,103.7834407
287702,1.329530473,103.8078563
278099,1.31222531,103.7984485
588281,1.336992373,103.7863681
658252,1.368030475,103.7520624
629914,1.308373683,103.6754623
278648,1.323045917,103.7850606
268424,1.321264,103.7908825
275863,1.326904716,103.7903339
119603,1.29093522,103.7737122
599674,1.344748169,103.7715276
287058,1.336285696,103.8049319
648390,1.35248891,103.6997987
669232,1.352449246,103.7584211
596258,1.335935623,103.7704515
682813,1.373894874,103.7447348
636879,1.324191763,103.643579
636880,1.324191763,103.643579
118512,1.274862736,103.7952324
670218,1.37446598,103.7736063
589187,1.342671243,103.7856736
739882,1.415394659,103.7589105
287241,1.327520164,103.8082521
639518,1.330235212,103.6509471
629674,1.315348215,103.6680121
637487,1.300017914,103.6240034
627663,1.333818199,103.702616
619870,1.336289467,103.7170211
119242,1.292850443,103.7700691
598818,1.339870797,103.7652108
658011,1.369008728,103.7531096
599218,1.335043772,103.7683473
286700,1.328910647,103.8050054
599617,1.342088282,103.7729814
628612,1.324518193,103.7036944
128744,1.308005782,103.7642558
629679,1.313692738,103.6659152
588390,1.341093829,103.7797942
287517,1.326445269,103.8095642
286701,1.328942335,103.804962
599310,1.333564563,103.7673454
670150,1.37704616,103.7668835
692112,1.354861637,103.7346284
267344,1.324707417,103.7968356
596936,1.337891826,103.7658157
729145,1.417636505,103.7468949
670168,1.377582856,103.7644023
670137,1.374990587,103.7695099
288486,1.327368317,103.810303
596412,1.345076396,103.7710762
618486,1.339517258,103.7186336
278201,1.311478464,103.7989053
668712,1.359188304,103.7589995
597558,1.346193364,103.7645138
589209,1.342054994,103.7850337
658469,1.369216895,103.7529513
668969,1.359321663,103.7613319
149382,1.299332866,103.807166
276947,1.316265467,103.7795464
629040,1.324812518,103.6751884
129064,1.321214579,103.7558873
658224,1.368953703,103.7535254
658225,1.368897086,103.7535253
658331,1.368646346,103.7528841
610182,1.333691295,103.7225032
679861,1.371990673,103.7693632
268138,1.318255418,103.8066251
268149,1.316847048,103.8053989
267908,1.31750439,103.7961431
651113,1.349900191,103.745317
610162,1.329648344,103.7220915
610159,1.329285993,103.7223857
117475,1.2885872,103.777055
129476,1.318569697,103.7573189
597133,1.326775936,103.765353
118543,1.275698793,103.79162
119713,1.280196707,103.7876754
678607,1.367519944,103.7692054
668851,1.358526462,103.7612594
637482,1.301209196,103.6243511
670237,1.378567561,103.7706474
619197,1.329693185,103.7160154
276131,1.32609984,103.7853948
269713,1.32431495,103.809445
628825,1.331097076,103.6956745
277846,1.329535134,103.7939881
728770,1.407801581,103.7485901
129203,1.322905108,103.7586856
269426,1.322358985,103.8096766
267523,1.326633112,103.7971316
688589,1.391398666,103.7507226
589041,1.337088737,103.7847676
288017,1.348288597,103.7905287
688570,1.39160853,103.7513787
670147,1.376020766,103.76549
117603,1.295633459,103.7751229
637875,1.298883446,103.6305055
628879,1.333158261,103.6923256
658260,1.368020512,103.751847
589364,1.347089298,103.7880609
269182,1.323793931,103.8004156
670142,1.376391724,103.7679128
597829,1.34262772,103.773253
719920,1.437360979,103.6993835
279586,1.323950416,103.7864514
640190,1.345076762,103.7118504
670110,1.377863721,103.7681392
658079,1.338340406,103.7585696
288248,1.33668438,103.8030695
642268,1.347494155,103.7079409
698934,1.385243917,103.7219631
266921,1.323061405,103.8081937
286998,1.336717067,103.8053047
679890,1.372259297,103.769021
289202,1.331266329,103.8071149
598153,1.336509473,103.765131
588157,1.347097175,103.7703965
629627,1.317367629,103.6762945
658612,1.371240134,103.7525804
119305,1.277829998,103.7911511
267703,1.325768049,103.7934301
598085,1.336522928,103.7655465
677759,1.371628077,103.773155
269568,1.32230106,103.8059466
279489,1.323359108,103.7865892
648740,1.351324286,103.6998276
589484,1.33863258,103.7801638
596100,1.336631147,103.7667091
605288,1.3403455,103.7437109
600221,1.34084175,103.7369183
609934,1.327726023,103.7460281
670179,1.379846762,103.7650757
598333,1.333951254,103.7784798
659245,1.355734919,103.7525125
679128,1.367278873,103.7686835
640525,1.347316362,103.7163296
596352,1.343621942,103.7744116
277163,1.317113225,103.7822998
267771,1.322425786,103.7923082
289611,1.324860788,103.8105768
641275,1.352412933,103.7022212
596553,1.336561522,103.7719487
648470,1.350855234,103.6986234
126792,1.298311696,103.7651618
638138,1.338744286,103.6916781
278338,1.315437021,103.7876423
679831,1.370181218,103.7692325
268450,1.321775837,103.7911077
689686,1.386527099,103.743342
728863,1.428328876,103.7492131
266442,1.320077342,103.8061992
658034,1.369774546,103.7529509
277607,1.329473044,103.7931989
689456,1.37732492,103.7468479
129002,1.320652892,103.7560622
729057,1.421603099,103.7467312
670111,1.378167474,103.7683657
718786,1.42592097,103.7244322
278256,1.310403022,103.7974814
644987,1.336596609,103.6953782
642989,1.335872533,103.6948382
267012,1.315478099,103.7912469
658058,1.369231924,103.7532206
596914,1.338011811,103.7645912
648382,1.352354399,103.6999685
639508,1.328830305,103.6528009
618328,1.339325975,103.7177591
629081,1.3282677,103.6738258
679847,1.37124715,103.7699385
628885,1.333769879,103.6934522
269493,1.322140133,103.8044678
266740,1.322283455,103.8105621
277341,1.317993915,103.7828714
267469,1.323543853,103.7963533
266637,1.320772821,103.8115103
268987,1.324213249,103.8080584
128527,1.305620407,103.7647545
269286,1.321320343,103.7958081
268908,1.321491681,103.8116295
287644,1.328060927,103.807273
638385,1.328111998,103.6375751
598796,1.339935955,103.7659053
677963,1.397231994,103.7540575
589961,1.336326333,103.7857299
643274,1.352914538,103.7038285
643276,1.35323553,103.7044426
638712,1.316780749,103.6458294
719837,1.419490758,103.7224557
596298,1.339511446,103.7661725
277732,1.310213108,103.7950102
127422,1.31199807,103.7570672
117405,1.273096031,103.7928317
598903,1.33470203,103.7662128
610322,1.336876825,103.7245563
677952,1.397504348,103.7543864
268251,1.322710437,103.7969156
267231,1.324510727,103.796326
648304,1.352106947,103.6977183
648257,1.351808104,103.6974985
648223,1.352110141,103.697612
619616,1.343316375,103.7219231
267496,1.323992414,103.7948397
276193,1.312357814,103.7824505
275890,1.327524514,103.7904484
275944,1.326011442,103.7915395
127141,1.309252064,103.7614885
129286,1.320568778,103.7576642
669691,1.377742019,103.7600376
117664,1.28047929,103.7896401
678037,1.398369796,103.753093
680102,1.377082841,103.7543944
589856,1.338952319,103.7880382
737654,1.430698976,103.754595
653471,1.358995837,103.7433948
639635,1.353091799,103.6871922
288135,1.340870403,103.789469
129043,1.321618169,103.7572289
599156,1.334196305,103.7673343
268616,1.321322357,103.794118
670216,1.374637466,103.7746643
142046,1.299070712,103.7979842
117840,1.277693497,103.7905219
599257,1.333849492,103.7703534
140058,1.297769693,103.7970901
287468,1.329988316,103.8080914
266271,1.321068215,103.7915867
266660,1.328802151,103.7990231
276557,1.324043674,103.7924734
728678,1.432769681,103.7510029
629156,1.323176806,103.7003114
608561,1.316016025,103.7310531
739890,1.4156889,103.7592081
599195,1.336489293,103.770742
688246,1.378026048,103.7454669
289223,1.331348176,103.8063885
278206,1.311534258,103.7985921
275977,1.326477015,103.7910334
596200,1.34497575,103.772753
628012,1.3267091,103.6902006
266301,1.320885392,103.7963083
267334,1.324455377,103.79745
287457,1.330450707,103.808237
269396,1.322690261,103.798595
648796,1.352070055,103.7007518
266766,1.318954026,103.8075672
596265,1.335246501,103.7707827
648725,1.352157362,103.7002414
288503,1.326774993,103.8101971
639630,1.352612944,103.6871322
639631,1.352675902,103.6871854
640853,1.347169512,103.6930875
276439,1.325786431,103.7920195
269192,1.323629872,103.7998271
288107,1.33800873,103.7902851
638669,1.321022516,103.6573756
629043,1.32324878,103.6747681
596294,1.339506656,103.7664635
266411,1.31982496,103.8068188
588143,1.347801665,103.7706557
609517,1.346490727,103.7290539
641181,1.348490838,103.7080973
598505,1.345453473,103.765802
639415,1.323103855,103.6539384
739911,1.416693754,103.7605674
638457,1.319716432,103.6529796
668613,1.360272693,103.7622444
648404,1.352735663,103.6994656
269569,1.322597442,103.8057413
739906,1.416572766,103.7599182
688557,1.39120277,103.7515999
597517,1.324908035,103.7653593
129283,1.320357581,103.7574212
267837,1.313646587,103.7960785
276235,1.313274655,103.781324
719876,1.42521282405471,103.721733205104
587911,1.344213673,103.7882792
678948,1.373155092,103.7657015
288805,1.333359623,103.8011022
266581,1.329044155,103.7981472
278030,1.308695248,103.7987529
278498,1.309689337,103.7973866
278480,1.309241023,103.7977287
266739,1.322475076,103.811277
739561,1.436524411,103.7566451
268456,1.322234048,103.7910954
688770,1.390243979,103.7498588
658313,1.368624721,103.7523468
729154,1.417817743,103.7483095
680690,1.402955635,103.7520528
719021,1.430684688,103.7230642
668973,1.359392079,103.7612363
627789,1.308718504,103.6743113
596639,1.339362964,103.7688119
267058,1.314999535,103.7921352
269534,1.322830944,103.8010575
609034,1.303909712,103.7368952
618422,1.340032695,103.7179549
658653,1.370268962,103.7516493
277622,1.328558334,103.7929033
669051,1.36054415,103.7584073
276556,1.324004249,103.7925207
279415,1.324563235,103.7863696
648549,1.353839823,103.6988441
637198,1.316057319,103.6343236
637197,1.316026598,103.634409
588303,1.339177108,103.7856493
680681,1.403043344,103.7455898
279273,1.321836624,103.7853629
287775,1.33167641,103.7983591
718855,1.432662232,103.7124726
629578,1.31395644,103.6636449
627451,1.244616973,103.6711572
269442,1.322026635,103.8087384
669645,1.37045672,103.7586401
689014,1.377403716,103.746342
126791,1.298285312,103.7651057
588327,1.340484266,103.7854293
638861,1.322418801,103.6375175
127254,1.31374541,103.7580731
596623,1.337079484,103.7661255
287402,1.328277783,103.8085757
287328,1.328124297,103.8084674
287327,1.328085946,103.8084403
611138,1.327936965,103.7241782
669681,1.377506256,103.7588007
599381,1.332898504,103.7670973
598845,1.340786657,103.7666408
140117,1.30659245,103.80027
653438,1.357757318,103.7394086
627550,1.31236213,103.6993158
627569,1.312752019,103.7001959
598257,1.336382419,103.7740119
277218,1.319485418,103.7818162
588233,1.336106223,103.7859318
688523,1.392528352,103.7515274
637477,1.30062485,103.6257167
681567,1.395398279,103.7461542
637872,1.298168625,103.6307915
598224,1.335898486,103.7727623
641691,1.342365516,103.7058385
267684,1.325372261,103.7944785
599323,1.334142825,103.7703734
597655,1.332126887,103.7578406
269047,1.324393653,103.8023576
118911,1.292069776,103.7706973
128444,1.312515435,103.7542664
669464,1.35536555,103.7586501
639499,1.321481664,103.6609528
679503,1.369903298,103.772882
627863,1.253413233,103.6990691
691117,1.355899349,103.7354742
287413,1.32710284,103.8078652
278904,1.313603749,103.7789835
636968,1.291893383,103.6367362
119577,1.280885744,103.7988506
130001,1.302529947,103.7832717
276295,1.331702029,103.7887831
275830,1.330858261,103.7887932
279956,1.331890135,103.7865076
628849,1.331146794,103.6918753
679526,1.370452291,103.7711448
598559,1.345367034,103.7655783
679706,1.370671384,103.7688124
266397,1.319849631,103.8073822
597273,1.324524509,103.7669572
658858,1.338824183,103.7608521
598354,1.345382108,103.767393
671518,1.386667406,103.7668587
129044,1.321598064,103.7571703
289850,1.333777985,103.8088066
629057,1.324372754,103.6704505
729933,1.40506644,103.7579685
268532,1.323023402,103.7951862
598327,1.332610058,103.7788106
276587,1.320963016,103.7903917
669100,1.35963944,103.7571732
128614,1.308960933,103.762484
671181,1.379409662,103.7634631
678890,1.372115264,103.7649053
679401,1.372340925,103.7717969
128962,1.321981317,103.7560696
278358,1.316496476,103.7866066
139836,1.306317138,103.7759852
668714,1.359239364,103.758887
269009,1.322566891,103.8070475
277180,1.315750747,103.7804706
128053,1.298511935,103.7649322
128054,1.29848555,103.764876
118109,1.279486833,103.7907451
628344,1.304848604,103.6617439
642517,1.34509259,103.7206633
645660,1.336290616,103.7038265
640669,1.342505644,103.7030636
640667,1.34136633,103.7015422
640979,1.339733216,103.6944943
276497,1.327591695,103.7946656
698994,1.396164548,103.7311789
597442,1.325522797,103.7653789
117723,1.283499064,103.7966303
648440,1.353347779,103.6978071
278113,1.312197676,103.7973255
268742,1.328556007,103.800376
678797,1.360446076,103.7681498
119352,1.279405498,103.7902195
669566,1.359000479,103.7644068
288648,1.336382219,103.8041379
599902,1.336445839,103.7730875
286757,1.329012161,103.8057212
286758,1.329043089,103.8056781
117435,1.291307191,103.7725315
129526,1.317466954,103.7582825
678069,1.359705217,103.7675913
637262,1.318120073,103.6290838
599137,1.334331282,103.7669039
277239,1.318278088,103.7809108
677807,1.372611154,103.7738068
598764,1.340554382,103.7667628
628831,1.331083063,103.6951892
598820,1.339865485,103.7651541
659163,1.349426189,103.7403076
688778,1.391998623,103.7508985
637643,1.289604525,103.6304847
638562,1.336485234,103.6385135
278339,1.315303741,103.7876328
600268,1.341866529,103.7450352
600271,1.341681996,103.7462455
640814,1.345667861,103.6957916
638709,1.316664708,103.6470688
681668,1.401653864,103.7504806
126774,1.298675747,103.7645504
629835,1.334206291,103.7040846
677793,1.372942857,103.773485
117577,1.298431145,103.7708141
118518,1.275429657,103.7957637
288261,1.334873289,103.8034071
139255,1.305946118,103.787321
688686,1.391556721,103.7526224
648477,1.351419393,103.6990462
117701,1.283458998,103.7852898
266911,1.3242503,103.8084643
637867,1.299071974,103.63
139242,1.306114229,103.7860817
648879,1.351081776,103.7013638
678811,1.361088735,103.7681936
679766,1.370358496,103.768763
658623,1.370856087,103.75201
269030,1.324043146,103.8070283
119106,1.280186809,103.7873957
669744,1.359921035,103.7633921
680007,1.381474449,103.7545215
658694,1.371450351,103.7525748
128067,1.314931514,103.7560273
289429,1.33447404,103.8068104
688733,1.389758861,103.751924
669590,1.35888577,103.7626186
119344,1.279306136,103.7904142
268619,1.320826776,103.7948533
658218,1.36927916,103.753525
668685,1.358195055,103.7597944
289252,1.332162621,103.8056476
269349,1.321921928,103.7984972
596380,1.344630873,103.7725317
118426,1.291117369,103.7803585
279863,1.33237768,103.7921431
275772,1.323977464,103.7928627
276425,1.325961576,103.7924597
658570,1.369460087,103.7509396
637840,1.311233312,103.6309727
638350,1.33753932,103.6924976
679122,1.367372202,103.7685442
679291,1.368215956,103.7692303
629815,1.332465532,103.7077226
638974,1.317600687,103.6461007
638978,1.318196158,103.6453151
597236,1.329498557,103.7684498
597027,1.342720558,103.7744154
276358,1.31089031,103.7988558
120701,1.307611942,103.7613764
120716,1.302409531,103.7628048
120710,1.306289119,103.7615181
287569,1.330475377,103.809558
287574,1.330475377,103.809558
287335,1.328610139,103.8087566
286651,1.328573914,103.8088073
597502,1.329096352,103.7679141
596546,1.337340422,103.7717621
658500,1.372068338,103.7529461
650323,1.361032221,103.7480914
118617,1.282420833,103.7831427
618408,1.339683133,103.7181738
276296,1.33140457,103.7889504
650507,1.352221043,103.7539799
637685,1.291915174,103.6251572
609188,1.30772607,103.7358482
658518,1.372410737,103.7522324
288452,1.327741304,103.8103803
278032,1.30873054,103.798697
680106,1.377957988,103.7529316
679880,1.372219302,103.768862
278876,1.313491886,103.7811114
119794,1.279323347,103.7890279
148994,1.291901581,103.8070745
279460,1.321424474,103.786873
684690,1.402149787,103.7521016
739919,1.416665936,103.7600443
589408,1.348934811,103.7888827
599096,1.334792985,103.7678147
266348,1.32330882,103.7999902
149297,1.298647882,103.805446
670476,1.38889499,103.7729059
670483,1.388797251,103.772126
670474,1.38863382,103.7723883
670510,1.387588972,103.7689829
267130,1.326178757,103.7949032
628985,1.326223455,103.6714303
276940,1.316265467,103.7795464
599462,1.344876216,103.7690998
120417,1.310225666,103.7709018
268523,1.322795352,103.7956013
688600,1.391802303,103.7505233
117306,1.280983099,103.7903472
118174,1.281479044,103.790319
679589,1.371625008,103.7660735
718849,1.43242755,103.7164574
117651,1.280180504,103.7895111
118556,1.277478325,103.7896825
289158,1.3343167,103.8054762
658229,1.368425998,103.7527746
688892,1.381155291,103.7519039
278614,1.31673371,103.7878247
276725,1.331638071,103.7911431
718890,1.429666441,103.7160634
267091,1.32482694,103.7984391
629384,1.315125189,103.6624701
599028,1.336937531,103.7702164
678935,1.372209085,103.766376
596516,1.336903558,103.7723565
639036,1.334071388,103.6455328
128414,1.314145221,103.7489803
287561,1.330486944,103.8095645
588679,1.335641509,103.7873777
658010,1.369006368,103.7530581
680788,1.39579181,103.7482876
729370,1.423949537,103.750777
689388,1.37794305,103.7582769
668968,1.358944285,103.7611264
267909,1.317814322,103.7959444
276366,1.310693793,103.7987098
589102,1.337049829,103.7852301
677938,1.396660893,103.7536151
677939,1.396660893,103.7536151
678596,1.367826848,103.7691378
658611,1.370876964,103.7524412
129278,1.319651095,103.7572238
683803,1.373387319,103.744026
266600,1.327728122,103.7968041
277270,1.318257924,103.7816233
118609,1.280752543,103.7839876
127884,1.312490391,103.7564162
128705,1.307534297,103.7631604
287390,1.328743072,103.8084825
279499,1.323827795,103.7871107
276257,1.313147467,103.7804567
267442,1.323913718,103.7962533
587915,1.344213673,103.7882792
587916,1.344213673,103.7882792
596435,1.344524984,103.770496
640679,1.344594679,103.7060894
640691,1.341770677,103.7063128
670211,1.374664155,103.7761452
728650,1.411030609,103.7581625
287524,1.327999267,103.8089702
129788,1.300776882,103.7680755
637216,1.316246292,103.6344875
288894,1.327692565,103.8061382
689002,1.377555799,103.7469067
276270,1.312851913,103.7804325
128689,1.307568855,103.7626353
637141,1.355398282,103.6923795
126776,1.298618564,103.7644277
650148,1.349279931,103.7438575
139163,1.304954487,103.7746934
589462,1.335468035,103.7860222
629317,1.318096685,103.6683642
596923,1.337752228,103.7651977
589224,1.342564307,103.7848452
589167,1.34245591,103.7847747
601219,1.340607509,103.737454
670445,1.383580324,103.7707685
658795,1.340660345,103.7613922
597409,1.327250118,103.7679482
688780,1.39194436,103.7508882
609278,1.299079417,103.7442245
267300,1.325747537,103.796188
596211,1.345126553,103.7725687
596381,1.34521663,103.7726188
596210,1.345171521,103.7725935
596377,1.344932264,103.7727284
636888,1.273881745,103.6293253
596730,1.341838594,103.7662926
598718,1.353412636,103.7687016
267923,1.316033371,103.7963072
118033,1.279152048,103.7910516
589745,1.3392091,103.7871438
276542,1.32658128,103.7924027
648636,1.353577499,103.6972474
278537,1.310259641,103.8023758
619300,1.31991597,103.7254587
658824,1.338051101,103.7614383
639074,1.320664013,103.6473284
608601,1.336205098,103.7572013
669364,1.354693,103.7603318
648423,1.35312046,103.6988997
618390,1.339521953,103.7176651
588624,1.340628166,103.7889993
658487,1.371345105,103.7514765
628979,1.325319676,103.6727944
128186,1.308947957,103.7641547
119458,1.276670401,103.7928729
119115,1.280297168,103.7870671
118694,1.290784846,103.7755396
648760,1.351304244,103.7005609
653440,1.35513827,103.7378612
611166,1.331288102,103.7219593
648816,1.352399764,103.7002764
118535,1.276549144,103.7942056
650450,1.352510591,103.7440829
688550,1.391483012,103.7519402
627757,1.261764034,103.6747788
658535,1.372251322,103.753338
679844,1.370873735,103.7699111
266929,1.322643256,103.8078622
129167,1.322831191,103.7564312
278317,1.3141671,103.7787525
659921,1.352026274,103.7573722
619025,1.327600946,103.7127765
267709,1.326437721,103.7974897
128145,1.30822095,103.7628941
287908,1.333890404,103.7994523
669494,1.355308962,103.7599549
289189,1.33129213,103.8073782
279676,1.327015226,103.7920622
270001,1.312879757,103.786855
270015,1.309143843,103.7884199
699002,1.383403723,103.728224
276150,1.325759748,103.7842195
658833,1.338179053,103.7617808
268669,1.328372167,103.7965705
678024,1.397117463,103.7534512
639070,1.320180142,103.6478091
619554,1.319132291,103.7250266
600316,1.346006527,103.7320798
638058,1.30774725,103.6294027
269590,1.323049169,103.8062776
277299,1.318564809,103.7826497
629681,1.315456476,103.6661971
266880,1.319331791,103.7899765
276545,1.327330895,103.7927369
597750,1.343206929,103.7729242
269639,1.313201302,103.8004552
278661,1.324866526,103.7845732
668169,1.377093732,103.7574306
597041,1.34321657,103.7739465
127762,1.31278843,103.7588776
269134,1.323585452,103.8030929
618828,1.32751042,103.7098381
658841,1.338726602,103.7619654
597025,1.34258017,103.774438
680464,1.376914111,103.7358575
680447,1.38063154,103.7375414
289316,1.333139737,103.8067449
588822,1.337990656,103.7863985
679402,1.372195933,103.7718768
678048,1.358048881,103.7679104
267787,1.322703006,103.7924953
129524,1.317498348,103.7582013
677974,1.397627064,103.7540221
149008,1.290825023,103.8057106
609775,1.343539036,103.7346518
629407,1.310236947,103.6655486
279023,1.314126339,103.7845987
608585,1.337777979,103.7531563
119795,1.27928268,103.788996
598740,1.356318714,103.7664281
669237,1.353799022,103.7581298
269656,1.316919815,103.8004157
277325,1.316731248,103.7820938
597085,1.324193194,103.7671911
677703,1.370391971,103.7739231
589215,1.343241463,103.7860377
589216,1.343191218,103.7859844
268294,1.317402848,103.7951662
679059,1.36044692,103.7769826
648543,1.353748764,103.6989758
669824,1.358620018,103.7585314
266991,1.324195795,103.8092302
648536,1.353183705,103.6992024
629351,1.287896043,103.6654698
637404,1.316901207,103.6286377
118677,1.288872746,103.7764303
268354,1.321946768,103.7950165
279587,1.324338647,103.7864021
119342,1.279653966,103.7905874
658701,1.371814611,103.7528937
688760,1.390095476,103.7504295
597698,1.34223825,103.772006
118520,1.276202285,103.7961676
688694,1.391128938,103.7526952
277822,1.32982103,103.7939
589486,1.338212731,103.7805816
659443,1.35740789,103.7499669
659442,1.357813478,103.7495143
729660,1.407391897,103.7535445
267693,1.326154931,103.7937039
287866,1.333332916,103.8007141
587784,1.346597192,103.7769765
658352,1.369716542,103.751613
598620,1.3420412,103.7711882
668681,1.358100513,103.759949
279390,1.323021273,103.7876963
681118,1.379518487,103.7500028
619103,1.313280408,103.7179239
127334,1.294358647,103.7664752
640672,1.343984614,103.7006477
629730,1.326198633,103.6939123
287479,1.329431498,103.8088822
729062,1.421966136,103.7491773
639928,1.35124871,103.6821033
277422,1.319433292,103.7877632
277482,1.321052729,103.7888553
126823,1.293630017,103.7680992
127302,1.293495151,103.767442
599163,1.333783562,103.7667195
598087,1.336506124,103.7654571
127220,1.314342482,103.7572004
266530,1.317877893,103.8043413
598330,1.332310852,103.779903
648488,1.350737038,103.6991795
588537,1.340958745,103.7826902
597046,1.343795244,103.7741555
279959,1.331509757,103.7869395
599665,1.342576316,103.7709961
288795,1.333315804,103.8015667
287860,1.333005739,103.8006944
289251,1.332271152,103.8059682
142053,1.302058783,103.7965817
680451,1.380052093,103.7356514
680461,1.378177638,103.7345505
680462,1.37751333,103.7352274
636804,1.270123011,103.6276248
289699,1.333775029,103.803483
126993,1.314502826,103.7554307
680215,1.382893631,103.7471209
679746,1.372261416,103.7686765
658633,1.370837381,103.751631
119417,1.274264145,103.7949571
117545,1.295774648,103.7809765
266904,1.324108766,103.8087986
648262,1.35179927,103.6978719
598987,1.336381886,103.7683866
127303,1.293742021,103.7675816
638782,1.316694501,103.652718
149544,1.304286898,103.7969528
600124,1.334300311,103.7377954
127593,1.314713778,103.7577029
143085,1.295443599,103.8090357
619651,1.329166129,103.7241549
718823,1.42517524,103.7060697
287582,1.330924431,103.8103328
649517,1.351039482,103.7236692
127883,1.312560403,103.7563714
129400,1.320599344,103.7573137
668702,1.35887238,103.7595757
141043,1.298096771,103.8025981
277356,1.317473754,103.7820977
637793,1.29590648,103.6254495
640617,1.34092565,103.7005614
596568,1.336332798,103.7711035
649817,1.344417766,103.7173075
589051,1.337607265,103.7851017
688567,1.391261699,103.7513408
269330,1.321699046,103.7971882
638098,1.309961513,103.6307765
609384,1.303242804,103.7495172
629755,1.325211828,103.6865318
637371,1.341834035,103.6819229
658277,1.368497274,103.7512764
658044,1.370141058,103.7531702
658045,1.370143514,103.7532243
729567,1.413943762,103.7452373
117847,1.277836592,103.7899264
278108,1.312452909,103.7978607
638993,1.32162584,103.6397785
669101,1.35962539,103.7571288
679889,1.37238483,103.7689854
119722,1.279546498,103.7877292
279486,1.323733993,103.786454
669108,1.359182985,103.7575285
669107,1.359216743,103.7575599
599614,1.342098077,103.7732332
679287,1.366603669,103.7674122
267544,1.325711268,103.7951813
279061,1.313264558,103.783239
127213,1.314652957,103.7567045
587996,1.341262632,103.784218
688766,1.390177447,103.750065
287674,1.328521392,103.8071867
640675,1.345513844,103.7031615
628877,1.333500021,103.691038
638085,1.310524243,103.6292689
729041,1.41866367,103.7473415
739656,1.417242274,103.7587355
688448,1.390449065,103.7499053
638865,1.321898631,103.6370062
669114,1.359216845,103.7572773
277677,1.311354803,103.7951922
596234,1.336150584,103.7711013
278402,1.316867534,103.7867186
129472,1.318297511,103.7574918
596931,1.338043493,103.7648207
679297,1.368728565,103.769522
277370,1.318116101,103.7875203
269820,1.322194777,103.7992956
729562,1.418832261,103.7423179
119301,1.277727762,103.7911146
276553,1.323866976,103.7926854
680203,1.381337282,103.7494497
680204,1.380791257,103.7492267
629151,1.323120207,103.7017148
629885,1.303468565,103.6788796
669696,1.378075162,103.7588354
126820,1.294003046,103.7680153
278900,1.31398931,103.7792832
289027,1.335017739,103.8071608
681484,1.376684642,103.7368179
648833,1.351105202,103.6998725
267377,1.324723586,103.7945452
688500,1.392183086,103.7513071
609778,1.342308694,103.7351367
277984,1.311520756,103.79831
286779,1.328970471,103.8062632
269887,1.318846644,103.8009864
141048,1.297962977,103.8017053
629837,1.334205878,103.7037581
288702,1.332216251,103.8011898
269512,1.323138104,103.8038393
118111,1.279388916,103.790695
119608,1.291285717,103.773861
118135,1.278679711,103.7862647
678732,1.367609316,103.7703607
117526,1.278668453,103.7877671
737967,1.416199487,103.75545
669031,1.360557701,103.7594288
276401,1.310202903,103.796792
637266,1.317968757,103.6294894
637265,1.318006586,103.629388
288836,1.3315503,103.7993013
599714,1.341621921,103.7719746
267542,1.325846775,103.7952771
287086,1.33782508,103.8047855
658843,1.338862332,103.7619238
129464,1.31846106,103.7576717
677977,1.397694455,103.7537148
278171,1.310072106,103.7984861
279009,1.314851678,103.7835829
278981,1.311273384,103.795591
718787,1.42624675,103.7231268
677855,1.372125354,103.7725821
638992,1.322559749,103.6407722
288492,1.327111363,103.8103801
678026,1.397640412,103.7539606
640216,1.34967447,103.7116805
643218,1.350696697,103.7114592
597476,1.325342023,103.7666945
648319,1.343084543,103.7178661
648318,1.343084543,103.7178661
679893,1.372064708,103.769036
604285,1.337890206,103.7460393
276390,1.310187827,103.7975267
648360,1.350841278,103.6958482
609478,1.345598724,103.7331137
678887,1.371705512,103.764824
288023,1.348363766,103.790696
269031,1.324628284,103.8072771
648871,1.351089187,103.7011449
640463,1.350576987,103.7232411
669627,1.353155097,103.7606799
268400,1.320934327,103.7922722
658711,1.37148039,103.7532011
648600,1.35371052,103.6978448
119356,1.279381509,103.7900867
268085,1.321054946,103.8092491
278636,1.318630818,103.7806868
138567,1.301494773,103.7919698
588344,1.341518413,103.7853057
269024,1.321792376,103.8058915
669173,1.353747958,103.7593626
266472,1.318235733,103.8061218
739446,1.437549381,103.7435988
288913,1.330292911,103.8041109
278161,1.309816337,103.7987039
637796,1.29468454,103.6250206
670238,1.379794849,103.7706637
670172,1.379445266,103.7666671
619339,1.308738546,103.7223559
737639,1.430530369,103.7541427
138946,1.295782397,103.7958991
142042,1.296508987,103.8074965
699809,1.377911948,103.7125693
270042,1.307903833,103.7929614
288914,1.329121089,103.8072129
618474,1.340071409,103.7191741
118667,1.288894963,103.7771333
668294,1.377214931,103.7588804
598596,1.340570761,103.7730092
278462,1.308674389,103.7983157
278075,1.309801668,103.7975649
266287,1.320905191,103.7916741
266286,1.320902314,103.7917276
277766,1.33024995,103.7944154
276624,1.319621379,103.788822
680140,1.380018058,103.7531484
129030,1.320928637,103.7568889
128038,1.299534174,103.7662581
119533,1.280049813,103.7912121
287555,1.329339244,103.8103105
119409,1.274632124,103.7950158
638781,1.314694049,103.6531738
598266,1.33649551,103.7751521
267676,1.325163849,103.7948803
699795,1.374962593,103.7237469
288102,1.33602835,103.7900732
640925,1.340149983,103.6891464
610156,1.32789041,103.7217888
689397,1.37784795,103.7583159
138697,1.296768841,103.7946471
598819,1.340619509,103.7656845
608535,1.336296369,103.7417314
139944,1.295606366,103.791257
278066,1.309489806,103.797849
144089,1.295673171,103.8109882
128398,1.31267137,103.7531614
118308,1.281417109,103.7972209
739536,1.433703794,103.7561556
587850,1.348275803,103.7745407
587841,1.348807408,103.7745055
127437,1.311444149,103.7576915
648719,1.351947713,103.6998962
118842,1.282197016,103.7862456
597244,1.330303126,103.7674207
597422,1.328899187,103.7693704
128397,1.311655845,103.7519232
679668,1.374423954,103.7664561
638519,1.31278069,103.6563329
269126,1.323826267,103.8032896
128278,1.310329476,103.7545684
668335,1.375909251,103.7592333
289616,1.325534714,103.8093669
128534,1.305277165,103.7651341
117615,1.292746825,103.7696895
598083,1.336547501,103.7656963
289937,1.331110352,103.8141369
288327,1.338783773,103.8115957
600274,1.342098328,103.7467103
278204,1.311588994,103.7986264
639079,1.320924714,103.6448527
267554,1.326511468,103.7947556
287747,1.327842734,103.8080733
658534,1.372279416,103.7532887
658536,1.372225834,103.7533828
120730,1.304777153,103.763122
120729,1.304927243,103.7635194
279686,1.326350445,103.7915963
668710,1.359161894,103.7590523
678006,1.398301614,103.7534013
728687,1.410482163,103.7444232
289079,1.328200161,103.805441
267041,1.314646748,103.7924153
129229,1.32245851,103.7553297
598567,1.343129646,103.7670116
648625,1.35399643,103.6976541
659536,1.342122399,103.75055
639417,1.323484553,103.6532417
267772,1.322463908,103.7922272
658470,1.369219835,103.7530028
658468,1.369214355,103.7528953
679329,1.369502298,103.7692871
277321,1.316375615,103.7823261
129269,1.319039469,103.758242
587920,1.344213673,103.7882792
670451,1.385082106,103.7722192
678828,1.36069065,103.7678646
129267,1.31920049,103.7576134
600050,1.320603555,103.7377922
637646,1.294642878,103.6259514
128795,1.3178794,103.7600542
670520,1.386467579,103.7665076
637825,1.293768135,103.6246913
279241,1.321838376,103.7835941
589840,1.337399054,103.7882037
278109,1.312430698,103.7977404
638269,1.337601703,103.6906946
118425,1.290799472,103.7813045
138835,1.294502334,103.7976873
599234,1.334730595,103.769299
268730,1.313683715,103.7938828
268731,1.313649939,103.7939316
599493,1.334211834,103.7744806
638042,1.308391752,103.6307626
128157,1.308341323,103.763256
637330,1.31871215,103.6292847
278874,1.313495207,103.7813557
598994,1.335834106,103.7683985
628735,1.331666919,103.6954528
678642,1.367876903,103.7698589
118089,1.277871502,103.790746
277404,1.319138627,103.7871751
288111,1.338282196,103.7903639
609164,1.305532983,103.7320512
127308,1.293806276,103.7678657
268504,1.321751929,103.7960143
651154,1.347371802,103.7436981
650620,1.349705366,103.7484032
637827,1.293376808,103.6242822
637828,1.293376808,103.6242822
587973,1.34776995,103.7729258
588955,1.340120177,103.7806973
288186,1.337118532,103.7911147
276500,1.327785157,103.7940749
120450,1.313538861,103.7654763
149296,1.299007239,103.8047893
588331,1.340706859,103.7854134
597733,1.342829214,103.7735403
628643,1.325033263,103.6850083
129333,1.318033651,103.7582035
609299,1.304077444,103.752498
637244,1.318606117,103.6295686
637245,1.318579791,103.6296393
637246,1.318553253,103.6297106
277594,1.330576746,103.7937841
629197,1.310028544,103.6724315
629354,1.300132794,103.6688886
128528,1.30513353,103.7649099
610328,1.336634513,103.7226004
118926,1.292292197,103.7712426
648726,1.352186316,103.7001987
286791,1.329304607,103.8057173
668339,1.375768012,103.7589973
276300,1.331911645,103.7880984
618428,1.340295093,103.7178487
669950,1.35796963,103.7575368
600306,1.346070466,103.7352527
275792,1.322957402,103.7853755
690132,1.357630303,103.7326878
267902,1.316597066,103.795667
629106,1.326966806,103.6675678
680456,1.379021762,103.7352147
719843,1.430792856,103.7077194
288835,1.331186299,103.7990844
669926,1.357957039,103.7587318
619285,1.319698349,103.7224481
668795,1.359800876,103.761169
678756,1.357760114,103.7690808
598468,1.34325197,103.7677331
117826,1.277282371,103.7902731
267345,1.324168505,103.7961918
637780,1.311844649,103.6321383
267536,1.326304534,103.7955355
287315,1.328501155,103.8083505
589226,1.342283399,103.7846587
287460,1.330518784,103.8078326
269299,1.320286787,103.7963793
597006,1.333407356,103.7600801
629922,1.308213781,103.6746045
121211,1.323556045,103.7621013
599986,1.332948009,103.783393
668284,1.376884031,103.7583045
598895,1.33480221,103.766463
648384,1.352317738,103.6998953
129011,1.320907089,103.7562243
277555,1.33102973,103.7926182
287002,1.336744055,103.8054738
596594,1.33748643,103.7649768
279100,1.312061136,103.7836131
598219,1.335044103,103.7723132
636982,1.312595421,103.6301346
669233,1.353270287,103.7587967
669478,1.355316795,103.7594038
611346,1.340053533,103.7201703
139647,1.300562124,103.7849197
679129,1.36719194,103.7691016
600112,1.339209815,103.7358244
266977,1.322989522,103.8084306
127634,1.316303502,103.7549707
127412,1.311867193,103.7578948
669505,1.354951979,103.7603129
668328,1.376618392,103.7597264
129163,1.321853591,103.7576943
289723,1.336061544,103.8038526
286737,1.328880315,103.8056996
129123,1.319826087,103.7607355
287521,1.32780536,103.8091745
678028,1.397775569,103.7533462
668340,1.37577454,103.7585077
117538,1.271899597,103.7968984
610115,1.333670814,103.7246596
610111,1.333889396,103.7233061
678155,1.373835917,103.7631248
648717,1.351916923,103.6999419
277866,1.329274548,103.7928323
678883,1.371666951,103.7647034
279558,1.323106603,103.7867001
117933,1.278722684,103.7904373
589113,1.338413976,103.7854272
278374,1.316166968,103.7883121
679678,1.372392976,103.7687675
636937,1.270195854,103.6344796
627683,1.333741214,103.7035129
680621,1.399146409,103.7472052
277085,1.316661459,103.7811874
596607,1.337204562,103.7655327
119781,1.278864085,103.7891795
269581,1.322911388,103.8053595
268453,1.321867566,103.7909762
288712,1.332389932,103.8016724
129200,1.323813641,103.7571908
690316,1.363473937,103.7401094
627864,1.307002821,103.671858
677702,1.370366096,103.7738748
688374,1.389931228,103.7521096
119705,1.279684524,103.7880079
596459,1.337077506,103.7686346
679139,1.366817756,103.7691871
275833,1.326765416,103.7902147
599084,1.336799269,103.7677315
288946,1.331497926,103.80744
637598,1.342800554,103.6847984
648478,1.351072207,103.6986296
289029,1.335377599,103.8069919
118147,1.279819398,103.7867008
638559,1.335813713,103.6380047
287617,1.332168234,103.8103184
639023,1.329707138,103.6406107
267524,1.326386571,103.7966936
119410,1.274789175,103.7946793
286920,1.337701663,103.805405
669888,1.357769168,103.7606443
677932,1.396194327,103.7535461
288148,1.341819818,103.7904868
596509,1.337620421,103.7724953
718825,1.425858769,103.7144419
629234,1.318892299,103.6644431
627867,1.269070887,103.6984599
138813,1.293434477,103.79814
637034,1.352949367,103.6892235
637035,1.354282744,103.6894395
276277,1.313185678,103.7798855
637014,1.287792976,103.6231334
637026,1.28595262,103.6266358
637440,1.28662487,103.6236906
658771,1.339725862,103.761206
277265,1.318407486,103.7818425
286930,1.336177543,103.8058887
628947,1.326305218,103.6685916
600336,1.350410398,103.7314815
288250,1.336460843,103.8031011
688656,1.392430877,103.7521322
628626,1.323653231,103.6912368
619483,1.314946917,103.7068557
277107,1.316921091,103.7797675
637249,1.318473816,103.6299232
277322,1.316476259,103.7822443
597516,1.324582156,103.7654214
648349,1.347425687,103.703602
269319,1.320896903,103.7969275
599923,1.337502523,103.7737971
289259,1.332820095,103.8055481
597766,1.343313122,103.7723992
648559,1.353806917,103.6982439
598731,1.355428543,103.7672439
127236,1.31503336,103.7573146
279925,1.321342464,103.7846406
637267,1.317930929,103.6295909
672163,1.376762823,103.7646316
268150,1.316912325,103.8053637
127512,1.316240183,103.754361
598830,1.340267208,103.7650591
598797,1.340264225,103.7657137
129104,1.320242763,103.7599844
638717,1.313899786,103.6453489
669439,1.353651709,103.7589658
640464,1.350300629,103.7223139
267506,1.324559829,103.7940682
679680,1.372649548,103.769883
628632,1.323789938,103.689864
139153,1.30399649,103.7760111
269369,1.321922042,103.8001047
677787,1.373047784,103.7733401
639462,1.327329226,103.6555437
278365,1.316457412,103.7863143
266742,1.322233008,103.81109
589031,1.336358088,103.7850143
599713,1.345249473,103.7717162
598812,1.339887163,103.7653853
267775,1.322568552,103.7921033
277355,1.317535346,103.782113
638053,1.306561472,103.6294828
126847,1.308208719,103.7649331
129371,1.319173632,103.7588731
629673,1.314310101,103.667938
277700,1.311072974,103.7948764
276444,1.326153486,103.7921082
278552,1.310812517,103.8007271
596826,1.338972989,103.7658858
127574,1.313264019,103.7582421
619859,1.335314227,103.7133178
619978,1.329486391,103.7204561
266976,1.323194661,103.8085648
287485,1.32888612,103.809763
679305,1.370033013,103.7698998
286711,1.328779379,103.8054293
287595,1.331077042,103.8111842
692113,1.354042073,103.7348292
288474,1.32789603,103.8099696
596545,1.337481859,103.7717814
648793,1.352330923,103.7009954
287392,1.328276122,103.8081728
287319,1.328367607,103.8082374
277922,1.328150376,103.7922522
680124,1.38010501,103.749632
277171,1.316320665,103.7809562
140045,1.297386857,103.803034
640265,1.34567943,103.7065993
279554,1.322700776,103.7863711
599518,1.324034751,103.7738723
628593,1.327291742,103.70165
129302,1.31939923,103.7591428
596586,1.337061172,103.7647486
639040,1.3338052,103.6440011
288086,1.335335494,103.7907352
658836,1.338372033,103.7619744
269088,1.323463558,103.8061597
276838,1.315750804,103.7834276
597751,1.342860743,103.7728611
689867,1.384171999,103.7484159
677755,1.371937427,103.7729696
677697,1.37017961,103.773366
128235,1.310089578,103.7553814
628458,1.325208827,103.6954248
278291,1.314314874,103.7801086
688614,1.391623237,103.7523048
639047,1.331070885,103.6416512
286772,1.328707196,103.8062255
128365,1.309248049,103.7555827
680113,1.377939318,103.7509154
679697,1.369670704,103.7659591
589110,1.337992581,103.7852993
128056,1.298432779,103.7647636
128057,1.298406287,103.7647075
629318,1.318503481,103.6692047
618337,1.338902033,103.7177356
648521,1.353376409,103.6995143
278296,1.314685894,103.7799562
287366,1.328851649,103.8093258
287814,1.333578198,103.801347
277854,1.329790145,103.7933657
269664,1.317613194,103.8014353
138637,1.304997832,103.7887187
599699,1.344636544,103.7708855
737945,1.416331126,103.7550782
143039,1.2975571,103.7989197
286771,1.328678212,103.8062693
279130,1.311372702,103.785163
639494,1.321888826,103.6590354
128192,1.309168563,103.7645825
709151,1.390997506,103.6948895
276519,1.327507254,103.793886
668713,1.358933664,103.7584821
629899,1.306710732,103.6766267
597630,1.318321811,103.7776766
588146,1.347846139,103.7703857
278057,1.309257082,103.7980437
269130,1.323960201,103.8029895
128965,1.321887339,103.7557889
648660,1.352732517,103.698433
597899,1.344250096,103.7712813
596232,1.359234113,103.7662066
589663,1.333028909,103.7860047
266576,1.329595067,103.7983611
679498,1.369989939,103.7722325
689864,1.383560171,103.7479506
627691,1.334129866,103.7031874
681692,1.400209214,103.7512714
682686,1.404664799,103.7485045
129026,1.321156773,103.7567966
287232,1.327147993,103.808791
669848,1.358490628,103.7576372
267976,1.320567651,103.805321
659589,1.344044452,103.7502945
628943,1.323084106,103.670527
266735,1.322755029,103.8115364
658568,1.369355959,103.75097
268664,1.32769313,103.7962403
129264,1.318890082,103.7583623
679667,1.372545259,103.7695222
648376,1.352307638,103.6994323
612166,1.331246577,103.7222558
118590,1.279948272,103.784854
658371,1.37008422,103.7520511
637706,1.29120699,103.6234643
596186,1.338793116,103.7709317
648245,1.351915639,103.6976078
599360,1.333071269,103.7677039
588268,1.336141215,103.7865164
598226,1.335988464,103.7728786
266228,1.312713639,103.8009834
739673,1.417947533,103.7588606
287123,1.329739744,103.809259
668109,1.376148324,103.7581011
127358,1.295125063,103.7662371
267301,1.326082103,103.7966051
599251,1.334605706,103.7703349
658699,1.371812325,103.7528427
688758,1.390071964,103.7505347
658272,1.368249648,103.7513838
728860,1.429313705,103.7495183
627558,1.313055961,103.7002099
627560,1.31331776,103.7005979
587981,1.33782897,103.7836965
289126,1.333280958,103.8055664
588459,1.33975631,103.7806052
117724,1.283663439,103.7958688
648876,1.350712519,103.7012538
629758,1.32692848,103.6856696
276381,1.310315317,103.7979869
277992,1.311193716,103.7980441
276958,1.316079983,103.7760882
628794,1.329555305,103.6894035
681345,1.383189957,103.7449253
668293,1.376420734,103.7596754
598814,1.339881707,103.7653271
598498,1.34535918,103.7664616
599232,1.334718547,103.7691514
129289,1.320526026,103.7581353
129792,1.301998532,103.7685479
271018,1.311580651,103.7919258
288510,1.326381464,103.8100715
637064,1.291060107,103.6201145
637063,1.290096713,103.6202313
119304,1.27831692,103.791427
729364,1.421606122,103.7505741
677937,1.396660893,103.7536151
127381,1.308936289,103.7611565
629619,1.321718871,103.6787695
639178,1.324710181,103.6485788
599171,1.333359022,103.7668137
596323,1.342724543,103.7749603
597656,1.330770054,103.7514783
638195,1.338277764,103.6905526
609654,1.33582028,103.7393668
658076,1.338502957,103.7556765
589320,1.347342118,103.775864
688399,1.390468144,103.7513447
286947,1.336768326,103.8056378
598855,1.340997106,103.7655495
599069,1.334492511,103.7681024
266914,1.324039904,103.8083331
278320,1.314188414,103.7793069
279361,1.324126057,103.7858155
289069,1.335480341,103.8078967
278437,1.309238568,103.7994783
688421,1.390603938,103.7507345
637677,1.292116255,103.6246216
628739,1.331666456,103.6949654
689420,1.377213922,103.7579341
267808,1.32391152,103.79312
276585,1.320941565,103.7904748
126817,1.296503844,103.7675209
118709,1.291020313,103.7740571
737872,1.430559704,103.7538689
119784,1.278978727,103.789048
651383,1.362586007,103.7521099
269015,1.322210302,103.8067449
678001,1.398177261,103.7539622
679780,1.370635696,103.7692087
588915,1.341036554,103.7800593
599258,1.334530868,103.7696109
267781,1.322915948,103.7922522
648414,1.352909939,103.6992141
618309,1.315130592,103.725596
268169,1.317181651,103.8046187
268868,1.317406819,103.8058116
268647,1.320630632,103.7938721
278098,1.312179293,103.7985195
267855,1.315534318,103.8005203
669742,1.360594708,103.7617233
608922,1.323918041,103.7418976
628790,1.329556702,103.6900672
268323,1.316378801,103.7934095
658606,1.371249975,103.7527751
637641,1.288267452,103.6351733
629977,1.319862966,103.6924653
689285,1.39470783,103.7432018
278858,1.314459275,103.7823027
609280,1.300237718,103.7459138
269011,1.322421273,103.8068908
266669,1.327798887,103.7985905
668343,1.375932582,103.758726
269420,1.322649176,103.8099511
677964,1.397246722,103.7539779
287087,1.337870539,103.8048105
618445,1.340211273,103.7188027
269480,1.322616432,103.8049727
267685,1.325895985,103.7941946
287920,1.334315823,103.7998531
287921,1.334278797,103.7999288
598013,1.337717747,103.769867
139100,1.306469946,103.7750566
279593,1.324369329,103.7866739
598905,1.334676307,103.7661519
289037,1.335784989,103.8074165
139965,1.295660154,103.7888507
279015,1.314701558,103.7839772
627645,1.264622454,103.701482
737963,1.416054652,103.7554807
658512,1.372093236,103.7520447
596731,1.339433657,103.765357
638454,1.319898347,103.6518989
287591,1.330736796,103.8111484
648545,1.353778417,103.6989329
650356,1.361934863,103.7508695
117416,1.295561961,103.7732567
618339,1.338870879,103.7176886
278227,1.31095141,103.7980654
588802,1.337197353,103.7869381
737643,1.430502969,103.7543754
648754,1.351313027,103.7002382
596737,1.339373539,103.7648491
128410,1.312271374,103.7484764
139595,1.307401984,103.774246
639532,1.325633551,103.6587841
589093,1.33649963,103.7852094
267568,1.326821534,103.7939063
599260,1.33452251,103.7695241
599853,1.335733769,103.7734563
596720,1.33933394,103.76733
596722,1.33885692,103.7672516
596794,1.339030736,103.7646089
596270,1.335582335,103.7702663
649820,1.34200448,103.7166876
596890,1.341553185,103.7700998
119350,1.279375457,103.7902674
637657,1.28816407,103.6334366
611165,1.330725423,103.7219138
609831,1.302836338,103.7438374
637405,1.316863508,103.6287388
266498,1.320075573,103.8038242
648272,1.351603229,103.6979223
119111,1.280348993,103.7875357
269054,1.324745721,103.8019364
629623,1.31563591,103.6763147
266741,1.322344475,103.8111842
639779,1.344555627,103.6854427
128808,1.318822051,103.7619254
149166,1.290574012,103.8061796
266971,1.323635308,103.8088797
596275,1.3353433,103.7703869
627690,1.33420723,103.7031873
128733,1.30823901,103.7636883
596613,1.337238327,103.7657218
275856,1.326904716,103.7903339
639139,1.331865795,103.6478868
119752,1.278724493,103.7892584
668312,1.377154884,103.7593291
278158,1.30973353,103.7987919
638778,1.315456289,103.6526429
596342,1.343031756,103.7745536
658493,1.371455847,103.7515908
117710,1.285189203,103.7805976
739486,1.435226739,103.7541853
266125,1.321710576,103.8036218
276159,1.326709606,103.7837121
637173,1.316403581,103.6333449
637174,1.316324823,103.6333166
268641,1.319668987,103.7941732
619484,1.312317012,103.7063287
278848,1.31519248,103.7827822
671180,1.378709142,103.7649788
688624,1.391705083,103.7519367
128079,1.31414001,103.7570179
599653,1.342204116,103.771387
119547,1.279890511,103.7906451
648587,1.354057584,103.6985971
276386,1.310223391,103.7977032
140164,1.291518248,103.8025131
619566,1.316253448,103.7254983
599151,1.334152666,103.7672414
609787,1.345221976,103.7327667
637177,1.316081868,103.6332301
279134,1.312682193,103.7829868
738406,1.439460806,103.767572
597353,1.325556923,103.7680497
648839,1.351101428,103.7000697
118838,1.281887646,103.7863692
718831,1.435823746,103.7246336
637327,1.31713495,103.6292959
287652,1.327900045,103.8066981
127790,1.313175303,103.7597596
269484,1.322842743,103.8047967
640520,1.346098838,103.7178764
588558,1.340495351,103.782592
640817,1.344705986,103.695721
640830,1.34533161,103.6934366
609339,1.321926328,103.7486495
669390,1.354691276,103.7594079
287553,1.330351933,103.80992
589417,1.347216213,103.7884909
677815,1.372405412,103.7739223
126787,1.321363529,103.7691511
729575,1.413994996,103.7457639
719452,1.372793295,103.6943163
670519,1.387740504,103.7662894
670513,1.388056683,103.7677254
608566,1.31633028,103.7313964
278351,1.315523611,103.7869876
269915,1.317699934,103.7997191
618825,1.330148258,103.7097452
600373,1.349348859,103.7323559
601372,1.349003421,103.7321237
600371,1.348308359,103.7319199
639183,1.325884093,103.6477906
139594,1.307750947,103.7742919
267161,1.323649301,103.7983247
598832,1.340322592,103.7650685
127268,1.314519486,103.7575028
629127,1.303590233,103.6961936
637366,1.297743305,103.6209766
668322,1.376741937,103.759621
739629,1.416451611,103.7583808
289321,1.332882317,103.8064506
277439,1.320750554,103.7892285
277923,1.32858005,103.792764
598766,1.340551465,103.766646
279867,1.332479467,103.7916932
266349,1.323288693,103.7999025
117422,1.281196728,103.7834783
636822,1.317865809,103.6311958
609149,1.306245493,103.7315222
648608,1.35355228,103.6976939
638381,1.33292462,103.642031
648437,1.353467115,103.69792
627454,1.274040651,103.7188457
127626,1.315947698,103.7552461
640952,1.342537789,103.6914381
610164,1.330435626,103.7214993
609218,1.309443262,103.7347212
668272,1.376177124,103.7578535
680277,1.379872279,103.7446056
680282,1.380254434,103.7432144
648325,1.354709655,103.7026419
679781,1.371166675,103.7684007
129908,1.310438767,103.7658266
276372,1.310557949,103.7985332
596382,1.344643594,103.772476
288832,1.331265766,103.7988083
599020,1.336866835,103.7698492
628173,1.325645547,103.6920188
688676,1.392148143,103.7525275
650109,1.347003767,103.7461704
638102,1.309736494,103.6313835
128161,1.308371555,103.7633599
688668,1.392110456,103.7521809
629422,1.313257861,103.6628575
619475,1.312311867,103.7039026
679179,1.36699763,103.7681092
287857,1.332817624,103.8000922
279681,1.330155505,103.7906479
598737,1.356085625,103.7655575
597208,1.326645782,103.7691964
587844,1.348961233,103.7740578
648605,1.354376543,103.6980913
597468,1.325411239,103.7675308
597410,1.327613539,103.7685616
597375,1.327440138,103.7691294
599852,1.334364642,103.7724881
279430,1.324688583,103.7872317
596502,1.337423441,103.7710524
278652,1.323508967,103.7860759
729671,1.408619166,103.7487695
119365,1.279038211,103.7895304
629012,1.328368188,103.6719762
688373,1.390306005,103.7520675
129185,1.323353622,103.7564134
648379,1.352433782,103.6992286
288793,1.333295113,103.8016854
669570,1.356015378,103.7625878
289423,1.334098718,103.8067233
645664,1.338986762,103.7025382
680663,1.401984751,103.7507884
277279,1.31767274,103.7817471
628106,1.326482936,103.6845163
637847,1.309836514,103.6321811
699006,1.385796084,103.7301915
275780,1.324383787,103.7925777
275781,1.324343709,103.7926268
719028,1.420197506,103.7074127
278337,1.315937497,103.787653
138833,1.294458195,103.7980666
127572,1.313247301,103.7581841
266928,1.323340103,103.8078849
648250,1.35192348,103.6973414
608567,1.338254915,103.7532411
129266,1.318939049,103.7583186
141163,1.292102087,103.8023613
277097,1.317231265,103.780515
609148,1.303087128,103.7320568
127265,1.314362711,103.7575962
669488,1.355313267,103.7597673
268636,1.32078122,103.7937347
658231,1.36842355,103.7527192
688748,1.389944245,103.7510956
277346,1.318076031,103.7824546
629025,1.329548374,103.6723177
275955,1.326201153,103.7911207
267990,1.320482527,103.8056821
677802,1.37249551,103.7735209
127527,1.316389265,103.754678
677736,1.382769005,103.760658
659549,1.339330818,103.7557813
627946,1.332428179,103.7062685
129402,1.3204395,103.7571447
640545,1.352290539,103.7152464
598609,1.341480633,103.7717663
596822,1.339283849,103.7657088
670030,1.3844076890389,103.757369205968
266618,1.322349836,103.8123286
609832,1.307345079,103.7503161
618331,1.338985123,103.7178701
141086,1.295649031,103.8102305
142086,1.296073886,103.8105566
637200,1.316119626,103.6341544
289435,1.335077783,103.8065616
128104,1.313265833,103.7566291
659524,1.342535826,103.7514978
609961,1.331021221,103.7483312
139592,1.308547111,103.7742151
118939,1.291946604,103.7716219
688763,1.390142293,103.750219
276242,1.31263696,103.7812777
639150,1.332618232,103.6505805
286660,1.328246229,103.8055934
286661,1.328277613,103.8055505
627846,1.332828525,103.6945187
141060,1.293085872,103.8118849
627620,1.26924562,103.6709715
589143,1.340049381,103.7846943
278578,1.31263223,103.7976462
599897,1.336649554,103.7726889
596326,1.34230107,103.7744718
588287,1.337481122,103.7862833
120108,1.322123929,103.7702659
729357,1.417959039,103.7520996
629532,1.311911281,103.6617216
127144,1.309372244,103.7615996
119159,1.281140057,103.7882958
649490,1.348723545,103.7020247
288940,1.330527054,103.8070982
638062,1.307204426,103.6289364
639249,1.332126596,103.6517467
668220,1.3745561,103.75759
637900,1.333854794,103.6713488
637901,1.333854794,103.6713488
618322,1.339413044,103.7178986
276306,1.333060006,103.7897775
710005,1.422046938,103.7040017
639170,1.324083455,103.6496771
638758,1.318691142,103.6488343
739655,1.417234221,103.7585837
598267,1.337642884,103.7739855
118566,1.277678061,103.7889104
118964,1.291760514,103.7719645
658857,1.338467366,103.7608696
679879,1.372169617,103.7688658
268557,1.324347505,103.793613
640729,1.346400673,103.6978703
121108,1.322258385,103.7701466
599229,1.334693663,103.768943
638612,1.329913627,103.6413616
129042,1.321638482,103.7572837
679192,1.366881364,103.768618
639267,1.331817926,103.6463853
269153,1.323758319,103.8019569
718824,1.42508391,103.7083861
597097,1.324460285,103.7665894
599432,1.335349122,103.7700071
598063,1.336187302,103.7670479
269888,1.318840762,103.8005651
277001,1.315425042,103.7853375
287311,1.329298752,103.8087079
658315,1.368627261,103.7524017
279288,1.322384051,103.7859677
286741,1.328996275,103.8055209
637215,1.316277539,103.6344029
129530,1.318292095,103.7589425
128537,1.305213644,103.7653645
119366,1.278837734,103.7899979
608600,1.313485134,103.7305016
729358,1.422318656,103.750091
266336,1.324226701,103.7993801
277447,1.321155974,103.7898603
679196,1.366782791,103.768691
739678,1.417819941,103.7593423
279693,1.331757463,103.7923676
118401,1.292400933,103.7799909
266234,1.321392049,103.7928907
269556,1.3220827,103.8052984
637759,1.313132671,103.6312037
699191,1.385400681,103.7292488
287324,1.328467352,103.8085264
289787,1.332907736,103.802958
669456,1.354801503,103.75899
596831,1.338892674,103.7653822
288848,1.330893634,103.7999864
679656,1.373186259,103.7682477
277483,1.321114018,103.7888763
287196,1.331127678,103.8101736
658393,1.370120433,103.7527391
669385,1.354352962,103.7594254
266229,1.321555112,103.792816
287579,1.330740795,103.8101845
269215,1.323266468,103.8093863
289305,1.335098629,103.8050051
678371,1.358721801,103.7687946
668800,1.360136573,103.7613348
668619,1.36039345,103.7621075
596542,1.338001113,103.7713711
588818,1.337500575,103.7864922
276616,1.319922066,103.7890147
269378,1.321326964,103.8004025
638487,1.313009525,103.6561076
128542,1.305411855,103.7655832
118655,1.28984245,103.7780752
149167,1.290468915,103.8062687
288938,1.330468408,103.8071198
126848,1.308006873,103.7646513
658504,1.372003239,103.7530862
289157,1.334783408,103.8055199
600118,1.336968473,103.7354277
599403,1.335602,103.7684801
277902,1.328545933,103.7938544
277108,1.31713598,103.7812487
266108,1.32237932,103.8024187
268612,1.321623347,103.7941881
658056,1.36922505,103.7531103
599290,1.334177365,103.7694968
639752,1.347634151,103.6854152
637824,1.293768135,103.6246913
739431,1.438680369,103.7444929
269758,1.331021879,103.7962645
627687,1.334051722,103.7035134
119374,1.278604547,103.7899916
267302,1.325682762,103.7960033
639238,1.329889284,103.6493558
638293,1.338416649,103.6925374
680025,1.377987156,103.7551876
128224,1.307504369,103.7564122
128132,1.307983519,103.7621381
627782,1.308122478,103.6738704
277898,1.328876715,103.7939934
637846,1.310090776,103.6322745
129553,1.319002193,103.7594842
276979,1.31618448,103.781375
126840,1.295624285,103.7690874
638219,1.338451996,103.690047
668318,1.376847409,103.7595622
269455,1.322065833,103.8078674
638057,1.308101118,103.6292961
679451,1.369701312,103.7729442
278905,1.31360828,103.7789006
597520,1.324410082,103.7653322
129293,1.32016356,103.7584744
596804,1.339328384,103.7645487
667970,1.361967253,103.7642664
276498,1.328230759,103.7942696
128088,1.314282138,103.7565166
669135,1.360059274,103.7626359
618469,1.340336195,103.7191312
637636,1.29928878,103.6278034
588893,1.340592751,103.7795594
277955,1.317107917,103.7866213
598729,1.354608743,103.7674751
638256,1.338158476,103.6914006
658005,1.368436069,103.75299
637548,1.315093201,103.6317525
658423,1.369507654,103.7516479
278035,1.309043639,103.7987857
287290,1.32954366,103.8083251
267448,1.323875636,103.7959099
286725,1.328474577,103.8059341
126870,1.307640619,103.7643223
287088,1.337910609,103.8048327
129588,1.315553543,103.7645964
128370,1.309645447,103.7560715
119050,1.293202113,103.7692194
629676,1.315279933,103.6675498
278699,1.32449181,103.7852792
596209,1.345339902,103.7726574
637334,1.346167014,103.6797239
276579,1.322580198,103.791536
648254,1.351812452,103.6973391
728680,1.433599728,103.7473564
598300,1.334506936,103.780143
669605,1.356932893,103.7595758
597262,1.324292748,103.7674813
669680,1.37745944,103.7586881
669118,1.359360227,103.7574433
669109,1.35913731,103.757486
640560,1.353776014,103.719701
641957,1.34029397264893,103.690618028772
279086,1.312615192,103.7828979
648826,1.350762158,103.6996467
677942,1.396700856,103.7534324
128071,1.314352454,103.7569005
118830,1.280219979,103.7861443
288478,1.32795019,103.8097518
128458,1.312868565,103.754012
266814,1.320016914,103.7897356
598482,1.344352674,103.7673879
638767,1.316358273,103.6516959
588547,1.341651951,103.7829909
659856,1.347986126,103.7393052
638803,1.312268018,103.6532887
678093,1.36154163,103.7686985
269316,1.322142212,103.7972612
739670,1.417745641,103.7586449
728660,1.434310023,103.7505575
729574,1.432252011,103.7470027
637217,1.316215617,103.6345717
739893,1.415897164,103.7599215
128472,1.306176985,103.7565094
598945,1.333321455,103.766431
599361,1.333313928,103.7692806
658792,1.340767733,103.7612177
289009,1.334508318,103.8075286
628602,1.327118226,103.6996348
267126,1.326332226,103.7945413
269049,1.324468658,103.8023445
599228,1.335075761,103.768889
658404,1.370309259,103.7524393
609033,1.302239986,103.737328
149952,1.292035732,103.8063851
159958,1.289912172,103.8043715
288462,1.326107657,103.8103598
638902,1.319579328,103.6388162
629539,1.313972273,103.6602765
637604,1.297615079,103.6243861
118116,1.278266576,103.7905695
279194,1.313033361,103.7850308
128644,1.308592795,103.761966
117584,1.297626406,103.7727817
127466,1.316375706,103.7535681
650283,1.346943658,103.7575394
598014,1.337731208,103.7697872
658609,1.370879114,103.7524925
597001,1.318217243,103.7757762
597148,1.327485284,103.7661036
648858,1.350743064,103.7005483
268567,1.324800485,103.7931232
117930,1.278982754,103.7907003
277401,1.319645639,103.7885728
287200,1.331316056,103.8103175
140161,1.291543916,103.803508
597761,1.342935648,103.7724771
279047,1.314939438,103.7831485
277573,1.331504838,103.7926662
590008,1.337964912,103.7740157
129784,1.311168531,103.7734222
679382,1.372302473,103.7705014
599223,1.334668698,103.7686478
118047,1.278969766,103.791483
596446,1.34551022,103.7717792
596445,1.34554829,103.7718135
637273,1.317769349,103.6290179
119340,1.279677817,103.7905388
640213,1.349459342,103.7128403
277760,1.33049665,103.7946605
118819,1.289975448,103.7762977
637282,1.315383676,103.6283713
648569,1.353545498,103.6979945
680814,1.376590774,103.7474618
629150,1.320717019,103.667525
589788,1.34375439,103.7867185
588461,1.339928333,103.7808053
596990,1.338771485,103.7665747
648534,1.35315205,103.6992482
269540,1.323408691,103.810093
128423,1.313816013,103.7514868
129053,1.321408142,103.7566055
288007,1.346630715,103.7894367
629915,1.308299206,103.6752661
637514,1.314013513,103.627328
668905,1.359526901,103.7597054
119140,1.280457959,103.7876774
629880,1.30489082,103.6785028
677690,1.370787664,103.7729042
639929,1.350508452,103.6813804
659084,1.366690807,103.7505479
658717,1.339666684,103.7616966
127863,1.314140496,103.755953
629495,1.316347184,103.6666414
286720,1.329045913,103.8050292
597369,1.327134883,103.7685241
119606,1.291166976,103.7738067
268615,1.32105696,103.794833
276256,1.312711155,103.7807447
599200,1.336169872,103.7702778
638329,1.340163996,103.6914235
637943,1.337853316,103.6917528
629984,1.321803981,103.6901184
119527,1.278388126,103.7916995
267354,1.324566548,103.7956706
629343,1.300791149,103.6651229
287671,1.328656344,103.8079807
269098,1.323655724,103.8056012
709145,1.385414591,103.6969435
268353,1.322159088,103.7953188
688704,1.390556346,103.7527862
668692,1.3586651,103.759872
276294,1.331488137,103.7886458
269382,1.322256478,103.800656
588284,1.337174691,103.7863371
679859,1.371879181,103.7693727
126872,1.307621974,103.7642712
289081,1.328261002,103.8053526
289080,1.328230004,103.8053961
287202,1.331520953,103.8102864
677970,1.397369241,103.753424
658721,1.339623548,103.7615537
599076,1.33401301,103.7681779
669695,1.378425853,103.7598046
599434,1.335155773,103.7700038
277006,1.316209268,103.785436
118682,1.289152059,103.7765452
658962,1.348491111,103.7408737
120442,1.314122542,103.7645186
275759,1.313052312,103.7832008
279551,1.322637181,103.7860626
287640,1.327983695,103.807132
286764,1.329219687,103.8054119
688785,1.378637078,103.7458318
599789,1.334646606,103.7711512
649825,1.339148073,103.7152549
640689,1.340835043,103.7060067
642683,1.342971567,103.7047605
641692,1.341719647,103.7071506
619891,1.336972522,103.7116102
629858,1.316031279,103.6897053
628418,1.307917036,103.6570058
682820,1.37473335,103.7500631
276398,1.310163311,103.7969754
737966,1.416394146,103.7558635
128443,1.308389879,103.7558001
627692,1.334051591,103.7031874
269651,1.316418145,103.7997248
287251,1.327920214,103.807841
638106,1.310146494,103.6316451
679644,1.37156895,103.7680081
268019,1.317351675,103.8028021
739782,1.416827044,103.7579064
629881,1.305890616,103.6780304
669607,1.355720362,103.7601749
679324,1.371008962,103.7714264
669845,1.358787746,103.7576415
678819,1.359935606,103.7678389
738043,1.41654766,103.7574672
597699,1.342360368,103.7719356
597312,1.3267895,103.7669321
288472,1.327877344,103.8100211
639235,1.328626376,103.6496152
640901,1.339878619,103.6865476
658329,1.368643753,103.7528289
681343,1.383837192,103.7459488
709828,1.403147432,103.7026987
599683,1.343360236,103.7706035
127179,1.294992428,103.7666359
639535,1.323085454,103.6617468
127744,1.312661188,103.7582924
596981,1.338310897,103.766464
729493,1.40763201,103.7434018
118965,1.291815913,103.7719694
127632,1.316192828,103.7550697
118431,1.291675977,103.7796244
127936,1.315535999,103.7570762
118076,1.278439137,103.7901866
638589,1.334853105,103.6360243
639132,1.328787419,103.6464391
267150,1.323723067,103.7989102
658740,1.338969951,103.7605984
276668,1.327558777,103.7934651
688609,1.391524404,103.7501616
587854,1.345563797,103.7757534
267615,1.327273663,103.8005935
597037,1.342990824,103.7739977
596341,1.343383214,103.7748251
597943,1.344301841,103.7734296
287064,1.336799095,103.8048288
597933,1.343303516,103.7737426
648814,1.352367584,103.7003228
599884,1.335745758,103.7721908
128096,1.314015925,103.7566713
628135,1.300481592,103.6878835
276319,1.314957245,103.7883552
276326,1.314869119,103.7883039
279377,1.324251087,103.7878438
269314,1.321149728,103.7966229
587899,1.343942938,103.7880447
638951,1.319280799,103.6463838
596947,1.338157209,103.765516
141035,1.297049718,103.7982277
266881,1.318716144,103.7894338
286768,1.329335815,103.8052334
286769,1.329366909,103.8051898
268067,1.322419194,103.8100154
597111,1.325127476,103.7659826
117991,1.280293304,103.7916917
120704,1.306347506,103.760538
599640,1.342316327,103.771669
276805,1.317099489,103.7816418
287482,1.329188463,103.8092007
598209,1.334968263,103.7718977
599709,1.345078819,103.7714945
638301,1.338921696,103.6922646
729646,1.401355001,103.7537927
629921,1.30823418,103.674758
275978,1.326524064,103.7906861
639458,1.326281569,103.6547147
637557,1.313095568,103.6290965
598643,1.343664234,103.7702773
689964,1.388578984,103.7472341
669467,1.35536524,103.7589006
640268,1.347837253,103.7077531
268889,1.322481143,103.8121454
126904,1.31160696,103.7544644
275905,1.327014515,103.7908917
138577,1.299941797,103.7894043
639595,1.320753289,103.6482217
619557,1.318340324,103.7234584
598593,1.340561446,103.7731462
629216,1.317688082,103.6642353
639405,1.318864139,103.657777
269789,1.319278969,103.7971173
269113,1.323896565,103.8048702
276894,1.315857097,103.7803165
268254,1.322431447,103.7973694
648738,1.351325964,103.6997711
679804,1.372400928,103.7690446
688701,1.390721441,103.7527624
619701,1.333213411,103.7171248
275965,1.326477015,103.7910334
275966,1.326477015,103.7910334
688303,1.390637928,103.7515519
159951,1.290310132,103.8066528
129415,1.320536695,103.7565794
287903,1.333509471,103.7996031
289333,1.333948612,103.8059654
677779,1.373443336,103.7726704
266832,1.318328905,103.7915093
598732,1.355559454,103.7677098
599560,1.323273135,103.7731918
719029,1.420100859,103.7084476
679873,1.37130742,103.7687494
659765,1.34659073,103.7655892
597112,1.325649794,103.7655846
638115,1.310473611,103.6324169
288352,1.324565546,103.812187
128575,1.307051549,103.7662935
278879,1.313551035,103.7807494
679839,1.370429382,103.7696506
119367,1.278987914,103.7895053
678704,1.36780395,103.770508
627814,1.303245689,103.6843987
279095,1.312475588,103.783767
278445,1.308957081,103.7993741
597704,1.343193891,103.7718633
276507,1.327837593,103.7930106
640649,1.338958929,103.6970324
629022,1.329651003,103.6731451
628013,1.326874117,103.690414
127604,1.313608013,103.759342
277264,1.318153922,103.7821538
600208,1.3384364,103.7426669
600210,1.338894938,103.7385551
589964,1.336634388,103.785882
597794,1.344389689,103.772673
289263,1.333110541,103.8054535
279436,1.324733862,103.7875444
648672,1.352488312,103.6987913
269660,1.316260087,103.8012041
678706,1.367877657,103.7705417
596547,1.337249955,103.7717473
268123,1.319546468,103.8079277
266738,1.322522542,103.8113199
618820,1.335158903,103.7111197
628281,1.268929844,103.7153407
658580,1.370005264,103.7507432
140056,1.293360743,103.809857
141083,1.294642864,103.808264
269148,1.323282945,103.8020525
698813,1.362728363,103.7408781
289335,1.334337051,103.8059809
266315,1.321193871,103.7966705
267988,1.321350843,103.8058916
588770,1.334876986,103.7883999
608557,1.316211135,103.7325272
629920,1.308244456,103.6748424
267652,1.324736529,103.7960751
288522,1.325142665,103.8101089
637483,1.301209182,103.6243511
278065,1.309783097,103.797998
277605,1.32952908,103.7932208
127245,1.313579457,103.7576721
129366,1.319028389,103.7599675
118402,1.292561477,103.7797752
279113,1.311649495,103.7845586
268249,1.32234774,103.7971715
688280,1.390852029,103.7521684
637384,1.293509378,103.6258978
627677,1.33366205,103.7037581
668889,1.359271833,103.7602141
719455,1.44010029,103.7086633
678151,1.373523305,103.7631116
658655,1.370273226,103.7517414
627813,1.30580378,103.6752532
609298,1.299598191,103.753402
668899,1.359433192,103.7599116
140055,1.293382949,103.8093307
677981,1.397762096,103.7534077
118519,1.275960353,103.7959501
609131,1.313014799,103.7340073
598381,1.34430835,103.7677769
671629,1.385977535,103.7589631
117411,1.299894205,103.7720579
637183,1.315877834,103.6339704
267611,1.328240543,103.8012383
276895,1.315646199,103.7800318
588470,1.340127364,103.7814501
678498,1.368188478,103.7700017
648255,1.351811169,103.6973922
637488,1.299549587,103.6240011
119623,1.291049656,103.7731766
678266,1.376751193,103.7638914
289100,1.333595693,103.8056636
637729,1.301145898,103.6271598
658638,1.370613431,103.7512143
637754,1.313412224,103.6304536
638152,1.338415783,103.6912912
637156,1.316929436,103.6341421
596889,1.341501795,103.770074
127426,1.311954962,103.7567048
629580,1.314180512,103.6634073
648447,1.353013791,103.6975533
688258,1.384374064,103.7543746
669560,1.36154017,103.7651022
639454,1.325581799,103.6536648
688442,1.390372689,103.7501596
677865,1.371569658,103.7725193
637403,1.316938918,103.6285366
279535,1.322304033,103.7846125
287464,1.330270662,103.8078631
287597,1.33132903,103.8110063
140081,1.303787444,103.8003853
638596,1.335522433,103.6370883
598435,1.343860884,103.7685899
627787,1.308686651,103.6740603
679233,1.369138519,103.769053
637278,1.317636839,103.6293731
599101,1.334493995,103.7678655
267770,1.32223257,103.7926231
596128,1.339534621,103.7702847
276418,1.325266501,103.7925453
269075,1.32318106,103.806934
287614,1.332220536,103.8081803
288756,1.335748231,103.7898309
276505,1.327580059,103.7932962
628982,1.325322175,103.6715859
117446,1.288277561,103.7769383
117472,1.28870558,103.7771583
120449,1.313615679,103.76481
269859,1.314189083,103.7992671
117688,1.283302915,103.7863883
638052,1.30694504,103.6296355
609479,1.345975161,103.7337611
596332,1.342549022,103.774654
596391,1.345425691,103.7715778
597595,1.316695864,103.7759944
641180,1.347617698,103.7086439
659168,1.35142945,103.7428866
267501,1.324710938,103.7940672
619895,1.337428016,103.7125392
117836,1.277760383,103.790304
618284,1.314036675,103.7262457
619968,1.328047652,103.718665
120310,1.32027016,103.7659449
120317,1.318038007,103.7645191
120316,1.318470095,103.7645261
278208,1.311271829,103.7987848
278393,1.31606832,103.7871258
268522,1.32284076,103.795638
266819,1.319720003,103.79063
266132,1.322638052,103.8032455
618448,1.340650074,103.7183031
288484,1.327418993,103.8101446
739865,1.414585546,103.7588156
596501,1.337907305,103.7710686
276716,1.331654454,103.792171
117683,1.290447308,103.7764698
279105,1.311996867,103.7848099
289504,1.331664767,103.8070338
670636,1.387341815,103.7579703
127006,1.316909541,103.7558182
287329,1.328162669,103.8084944
279840,1.331398141,103.7911891
597314,1.326939419,103.7670347
286765,1.32924734,103.8053664
286766,1.329278183,103.8053233
139158,1.304280341,103.7753786
636814,1.318123758,103.6305042
268992,1.324057801,103.8079646
599238,1.334743967,103.7695258
677785,1.373074708,103.7732957
266347,1.323320243,103.8000442
288764,1.336518953,103.789598
739707,1.415641188,103.7583181
688340,1.391235313,103.7504879
648392,1.352524869,103.6997557
117679,1.290633534,103.7765355
268367,1.321732057,103.7937743
288869,1.331080883,103.8008935
142041,1.296477318,103.8069288
668855,1.358607213,103.7611693
637841,1.311177527,103.6311156
628457,1.325380119,103.695426
118754,1.292394905,103.7693549
276517,1.327827077,103.7924874
587988,1.338518499,103.7832582
269448,1.322135982,103.8080025
267393,1.325089006,103.7932294
278856,1.314819933,103.7823087
288374,1.325091553,103.812162
289131,1.332957781,103.8058731
277396,1.318628351,103.7872128
277997,1.311048151,103.7977016
638670,1.321645704,103.6570715
669701,1.377767551,103.7586073
268437,1.322098483,103.7914971
277384,1.318445971,103.7870108
269871,1.316665018,103.7992732
598429,1.343269865,103.7691894
658318,1.36897098,103.7523747
638926,1.319423024,103.6418383
658847,1.339139468,103.761841
288119,1.339760893,103.7900394
638178,1.337863766,103.6905786
619346,1.307960003,103.7220583
627646,1.256145539,103.6976643
279658,1.328275865,103.7913502
276338,1.311467404,103.7991838
627969,1.323338376,103.7064582
609147,1.304082905,103.7305071
637281,1.317557562,103.6295858
639309,1.328462057,103.6521798
269883,1.31777673,103.8008632
288955,1.331089907,103.8076665
668678,1.358359466,103.7603565
599128,1.335118974,103.7672659
278742,1.309830606,103.8029138
287781,1.332942645,103.7992091
267340,1.324364053,103.7970594
129347,1.318365966,103.7579884
658408,1.370319626,103.752656
677729,1.384098079,103.7579916
129304,1.31940309,103.7586632
679404,1.37187486,103.7720828
628874,1.332528173,103.6903773
628732,1.331668453,103.6959372
659585,1.344555569,103.7516959
599303,1.333923989,103.7686091
277911,1.328153714,103.7932617
679138,1.366774819,103.7691267
679793,1.370773954,103.7684303
129157,1.321276084,103.7574492
119351,1.279379904,103.7896989
278908,1.31347995,103.7823482
128051,1.298564707,103.7650445
128052,1.29853832,103.7649883
287899,1.333420583,103.7985556
268051,1.323009536,103.8105477
637515,1.314141264,103.6273743
639646,1.352594643,103.6880751
276127,1.325923698,103.7852413
658017,1.368658828,103.753165
597248,1.330394496,103.7672809
267151,1.323709884,103.7988308
277070,1.316074217,103.7817861
678008,1.398342363,103.753217
275771,1.32382755,103.7927327
278111,1.312317095,103.7975192
278356,1.316399965,103.7866835
278543,1.311859458,103.8020526
729372,1.425232906,103.7500321
619936,1.333553317,103.7143662
289509,1.332500799,103.806251
289322,1.333802392,103.806329
117693,1.282655564,103.7862109
719011,1.419567064,103.7061663
119105,1.280146979,103.7873586
287166,1.330966704,103.8086993
268015,1.317245634,103.8030449
287469,1.329341727,103.8096149
597975,1.34385964,103.7725473
128531,1.305244508,103.7650337
688289,1.39054831,103.7519515
288868,1.330631245,103.8009461
597771,1.342991216,103.7721441
659551,1.338927283,103.7550824
277991,1.31122419,103.7980918
599882,1.335703212,103.7721337
598193,1.334890014,103.77119
680450,1.37953909,103.7360765
680448,1.380223068,103.7373465
628986,1.326176985,103.6708828
627525,1.263594301,103.7280015
267558,1.326559829,103.7945588
648621,1.354097717,103.6977548
126828,1.29533268,103.7671987
637479,1.300534879,103.6250915
637478,1.30084443,103.6252043
268902,1.321997209,103.811746
638481,1.320811797,103.6643923
269402,1.322850205,103.7990791
608579,1.33612846,103.7528103
127829,1.313987363,103.7553769
589217,1.343141511,103.7859197
719685,1.441789499,103.7092578
276166,1.326115235,103.7836892
648607,1.354355024,103.698036
149066,1.304061644,103.8021104
279137,1.312551456,103.7852269
658323,1.3686342,103.7526638
692117,1.355523486,103.735447
648744,1.351321076,103.6999353
119612,1.291478559,103.7739457
267628,1.326095816,103.7976713
287452,1.331043906,103.8079442
678549,1.360779427,103.7686674
658507,1.371854151,103.7519113
729355,1.416944815,103.7522474
596283,1.335367624,103.7709694
677691,1.370690727,103.7729584
628416,1.308749537,103.6580103
728647,1.434929015,103.7462463
139584,1.307707788,103.7751146
597154,1.327921351,103.7652216
679679,1.372594627,103.7698876
129118,1.320623827,103.7604305
619347,1.307960003,103.7220583
670243,1.380520756,103.7712911
729054,1.421003459,103.7445436
127397,1.311867617,103.7581963
678563,1.360759339,103.7689905
688318,1.391098156,103.7510978
678605,1.367545561,103.7697332
119697,1.279952688,103.7883319
627816,1.290124916,103.7102693
599125,1.334447696,103.7673024
288709,1.335086101,103.8021311
588483,1.341037594,103.7822214
127510,1.316511092,103.7541774
267267,1.326202035,103.7991908
597089,1.324212614,103.7669677
658391,1.370115356,103.7526391
659527,1.34299604,103.7518161
596423,1.345436753,103.7710062
598552,1.344265727,103.7658519
277480,1.320937472,103.7888178
679387,1.37275924,103.7703545
277237,1.318378108,103.7809392
669930,1.357970613,103.7585506
618413,1.339968215,103.718403
127420,1.311867169,103.7570811
278299,1.314663025,103.7797365
739677,1.41786415,103.7592945
289497,1.331977198,103.8074843
688451,1.390761464,103.7498331
599512,1.324142803,103.7736693
267551,1.326948228,103.794576
267631,1.325775005,103.7974763
287610,1.332434908,103.8086508
629822,1.33350613,103.7040847
128970,1.321771389,103.7551841
127577,1.314216099,103.7579143
658035,1.369776633,103.7530023
658037,1.369779445,103.7530586
658039,1.369782505,103.75311
117711,1.285152067,103.7804794
681489,1.375600948,103.74036
268432,1.32141919,103.7905997
668961,1.359154275,103.7615608
278603,1.315873787,103.789844
596582,1.337032366,103.764624
288694,1.332580457,103.8021493
289701,1.333629161,103.8037319
627823,1.289389097,103.7245177
277076,1.316264148,103.7821278
269508,1.322418136,103.8045453
286788,1.329216595,103.805851
286787,1.329190185,103.8058972
288113,1.337744258,103.7898182
596810,1.339201166,103.7651035
142061,1.293860989,103.8115839
629825,1.332428207,103.7020738
648418,1.352970764,103.6991225
119687,1.279566706,103.7886113
118648,1.287489957,103.7784674
653194,1.344533299,103.7445724
650232,1.349336089,103.7549418
650247,1.349927212,103.7569803
287851,1.332027289,103.7997809
678920,1.37245569,103.7659033
117825,1.277301798,103.7902223
627781,1.308132992,103.673956
269666,1.318422613,103.8011871
139940,1.295690417,103.7875025
268091,1.320575709,103.8088278
588729,1.336132639,103.7877354
678930,1.37256369,103.766198
269510,1.323247869,103.8038339
728686,1.40894853,103.7445381
668977,1.359462018,103.7611395
599231,1.335078073,103.769024
276555,1.32395533,103.7925794
277449,1.321164634,103.7898051
278077,1.309891616,103.7974848
278049,1.309059674,103.7982639
129014,1.320646705,103.755453
269974,1.323178141,103.7936448
596605,1.337180326,103.7654773
729657,1.405567559,103.7556087
128039,1.299080753,103.7658195
119028,1.28646429,103.7931825
648877,1.351083415,103.7013075
287054,1.33617811,103.804948
118141,1.280130292,103.7862596
677723,1.38987347,103.77027
678777,1.358913261,103.7682605
598843,1.340762059,103.7665794
248434,1.304874012,103.8032225
142088,1.29579395,103.8092648
275770,1.324132777,103.7923657
276558,1.324092638,103.7924147
117377,1.301491004,103.7736052
267338,1.324377072,103.7971821
619421,1.322697443,103.7279575
658800,1.340278461,103.7615013
268606,1.321321374,103.7944826
287592,1.331454025,103.8104851
679452,1.369255992,103.7722279
680279,1.380694622,103.7434344
678896,1.372180027,103.765077
268545,1.323800141,103.7943017
288981,1.333929075,103.8079567
618363,1.339395067,103.7168225
138809,1.294028683,103.7974639
648775,1.35135408,103.7015849
289249,1.332204673,103.8060953
597022,1.342260597,103.7741573
648746,1.351319765,103.6999861
679976,1.379000786,103.7740862
636854,1.324191763,103.643579
636855,1.324191763,103.643579
276313,1.315583342,103.7886808
677727,1.379953002,103.7600657
658395,1.370123965,103.7527906
628170,1.326150425,103.6922414
648301,1.352213112,103.6979891
618773,1.332577609,103.7151945
269303,1.320457601,103.7964731
688309,1.390674296,103.7513895
608838,1.332259902,103.7480748
627892,1.263393652,103.7006359
598673,1.344312107,103.7702581
637328,1.318780415,103.6291008
637329,1.318738696,103.6292133
668279,1.376761929,103.7580967
598546,1.344718358,103.7661647
117698,1.283303147,103.7855615
600051,1.320772701,103.7370353
597972,1.343489527,103.7725815
669512,1.355014718,103.7606527
128363,1.309183956,103.7554991
668862,1.358395129,103.7607681
668719,1.359049371,103.7582688
128283,1.30827889,103.757059
639129,1.329511445,103.6456983
597247,1.330349567,103.7673515
117993,1.280314445,103.791633
718908,1.425071096,103.7094039
688688,1.39144983,103.7526406
637277,1.317663428,103.6293019
738035,1.416295578,103.7573195
613175,1.332787862,103.7216401
596789,1.338241883,103.764725
129749,1.292934231,103.7686934
268246,1.322299933,103.7970347
596944,1.337931574,103.7660543
650376,1.358317052,103.7495799
659523,1.340124665,103.7572436
669389,1.354691403,103.7594717
648614,1.353436336,103.6975837
597627,1.31984372,103.7793267
277861,1.329994611,103.7929144
276640,1.319403103,103.7891836
637094,1.271200459,103.6304097
128074,1.314640587,103.7562933
289472,1.332410555,103.8072447
688683,1.3917767,103.7525832
289013,1.334862149,103.8072298
618768,1.330107839,103.7142922
638274,1.338121235,103.6920378
129284,1.32035716,103.7575262
129287,1.320532619,103.7578769
269897,1.319738515,103.800383
679366,1.372073837,103.7710917
267650,1.325191232,103.796288
117484,1.289123456,103.7755864
128593,1.306272871,103.766398
599124,1.335150823,103.76737
688711,1.390144024,103.7528317
698932,1.373646898,103.6872041
266849,1.317391196,103.7909752
589459,1.335434801,103.786321
589747,1.33922768,103.7865726
658660,1.370647062,103.7519893
738046,1.416760507,103.7571895
738047,1.416703088,103.757558
680002,1.381946425,103.7518882
599289,1.333198322,103.7673113
681253,1.377409164,103.7439408
677814,1.372178214,103.7736856
117658,1.280341106,103.789952
119212,1.294166535,103.7801259
678556,1.360114628,103.7689418
269654,1.316554355,103.8002573
639304,1.328438174,103.6504202
277352,1.317854721,103.7822196
127664,1.317824893,103.7552111
288062,1.347377135,103.7910612
608556,1.316274025,103.7328651
638716,1.316042236,103.6449775
679762,1.37135816,103.7687456
276429,1.325921694,103.7925734
599898,1.336307841,103.7728497
669064,1.359967865,103.7583496
128164,1.308753578,103.7635194
679765,1.371639514,103.7683644
277809,1.329649318,103.7943136
266504,1.32043542,103.8033029
639506,1.328604002,103.6530339
658752,1.339548207,103.7604532
279276,1.322231707,103.7853447
597773,1.343359316,103.7721614
287487,1.328807167,103.8100467
288870,1.331073686,103.8009652
648548,1.353387811,103.6989065
729149,1.417307443,103.7460496
596610,1.337521324,103.7655298
699817,1.37301469,103.7185176
669094,1.359449977,103.7572343
628852,1.331170334,103.6909185
609032,1.301039038,103.7371095
288013,1.348105612,103.7902814
648701,1.351641427,103.6988197
128399,1.31262317,103.7530961
627745,1.261419971,103.7095803
118693,1.289362706,103.7755541
278662,1.325070182,103.7846724
598672,1.344250341,103.7702564
276565,1.323327911,103.7920456
267215,1.324085296,103.7967756
627591,1.281062351,103.6800799
678425,1.35961123,103.768965
597560,1.34620898,103.7645664
268915,1.321780186,103.8115084
628642,1.325090721,103.6853186
279375,1.324436714,103.7878301
648771,1.351290416,103.7013674
638071,1.311556327,103.6281967
648371,1.352084098,103.6996915
276609,1.320407281,103.7903731
270026,1.30838826,103.7855513
270027,1.308371263,103.7851335
278392,1.316348037,103.7873309
279179,1.313371536,103.7852941
268293,1.317633562,103.7948579
629073,1.326839436,103.6700463
287655,1.328523331,103.8075973
268694,1.314345867,103.794311
119156,1.280999249,103.7881949
587781,1.346597193,103.7769765
289134,1.333364252,103.8058069
597198,1.32540051,103.7687082
267895,1.316710543,103.7948616
619160,1.316338046,103.7106315
637253,1.318338492,103.6292795
597023,1.342503538,103.7744598
629892,1.303938997,103.677265
598632,1.342835618,103.7706279
267958,1.319548723,103.8042876
266420,1.319391114,103.8055826
589705,1.347834307,103.7872406
268690,1.313516392,103.7943894
648335,1.339058163,103.7052469
648248,1.351920459,103.6974473
648243,1.351912503,103.6977141
648264,1.351796123,103.6979782
648225,1.352105538,103.6978795
597821,1.342627572,103.7735151
127252,1.313636126,103.7581317
598522,1.343122871,103.7675701
678813,1.360983683,103.7685413
267166,1.323101124,103.7980897
668301,1.376545303,103.7594707
276645,1.318435,103.7879552
288732,1.332592722,103.8016893
648213,1.352217669,103.6977216
648206,1.352385571,103.6976351
648205,1.352387542,103.6975559
599296,1.334024693,103.7700177
286798,1.329513089,103.8054082
286797,1.329480469,103.8054501
729481,1.416477739,103.7432096
276321,1.314695373,103.7882297
609651,1.337313282,103.7366413
266774,1.31811008,103.8067873
678081,1.360321616,103.7675201
127932,1.315751751,103.7569268
596259,1.335449638,103.7707252
269351,1.32260051,103.7983443
648228,1.352100812,103.69804
286761,1.329131676,103.8055456
289902,1.32839143,103.8127512
266879,1.318716144,103.7894338
129171,1.323051109,103.7560691
267360,1.324689997,103.7954174
627537,1.274183628,103.6763615
266518,1.320130402,103.8017384
127443,1.306142317,103.7651726
589919,1.34118526,103.7872038
128140,1.308181457,103.7627318
598394,1.345419072,103.7667513
267123,1.325903458,103.7946787
267333,1.324824249,103.797509
588791,1.336302089,103.788094
588680,1.335330369,103.7873355
689424,1.377220144,103.7584151
648211,1.352370635,103.698026
637176,1.316165504,103.6332597
149005,1.291256419,103.8057706
627773,1.261516528,103.6751719
680660,1.401022358,103.7498624
266580,1.328909435,103.7987892
118699,1.290546921,103.774606
679132,1.367137298,103.7687015
650634,1.349711475,103.751536
718881,1.430892884,103.7109275
128541,1.305342717,103.7655435
276951,1.316897175,103.7806446
279915,1.32016411,103.7850591
269675,1.3130458,103.7997707
597355,1.32571346,103.7681452
598949,1.333364645,103.7665601
637102,1.276966404,103.6351191
677794,1.372710573,103.7732712
268477,1.317496398,103.7936321
117604,1.294362976,103.7769391
658227,1.368428374,103.7528269
668874,1.358627529,103.7604283
678787,1.359934978,103.768163
678834,1.360995769,103.7684785
619829,1.331928388,103.7129217
658397,1.370125688,103.752847
269251,1.318555724,103.7932275
128973,1.321684129,103.754871
627676,1.333740348,103.7037583
679755,1.371908269,103.7683437
117451,1.288578704,103.7772187
117450,1.288500932,103.7771809
679872,1.371415618,103.7687411
117403,1.282176708,103.7786568
629236,1.318962757,103.6656481
650235,1.348483521,103.7563004
141110,1.307042228,103.7989574
128945,1.322252798,103.7557154
276264,1.312805256,103.780625
276642,1.319335999,103.7891534
596930,1.337862145,103.7656375
288606,1.334209015,103.8023874
289622,1.330607222,103.8001432
739786,1.417027881,103.7586165
279195,1.312998403,103.7849895
268098,1.320099884,103.8080153
277200,1.315751736,103.7796311
639039,1.335065878,103.6464596
679815,1.371971167,103.768881
679817,1.372020452,103.7688775
679877,1.372070092,103.7688731
591201,1.318482878,103.7753475
637877,1.298845687,103.6306366
627832,1.272258068,103.7274235
277773,1.330540758,103.7935667
598249,1.335805079,103.7733337
118924,1.292296977,103.7711132
268543,1.323966579,103.794508
679238,1.368754392,103.7685327
289613,1.325320586,103.8097443
599328,1.333999502,103.769753
267565,1.32726619,103.7937788
268406,1.321076651,103.7914362
728679,1.432642639,103.7472358
679771,1.371439296,103.768379
679523,1.370836586,103.7761764
279848,1.330783211,103.7917272
650246,1.349647063,103.7576178
139844,1.305884903,103.7770302
128055,1.298459162,103.7648198
677995,1.398055348,103.7545155
286715,1.328899044,103.8052517
267155,1.323270045,103.7985318
658781,1.339827845,103.7615434
127242,1.31514113,103.7574609
629091,1.32811536,103.6753696
629130,1.303896372,103.6980478
267626,1.326186967,103.7977812
289818,1.334687167,103.7900456
268741,1.328409588,103.800932
598483,1.344067146,103.7670722
118660,1.289028522,103.776758
689099,1.398082901,103.7513125
638977,1.316997744,103.6444187
658705,1.371820573,103.7530372
637633,1.29992702,103.6276635
658875,1.338676596,103.7615039
629845,1.318432395,103.6824861
659519,1.340105407,103.7532489
288146,1.335251622,103.790158
601273,1.342411418,103.7459752
618341,1.33884406,103.7176444
677947,1.397119265,103.7543033
729369,1.425981686,103.7469073
128098,1.313959773,103.7566988
679144,1.366981818,103.7694337
120509,1.311157766,103.7610175
599255,1.334046943,103.7703816
269912,1.314036505,103.7984791
637688,1.291243782,103.62468
618366,1.3391544,103.7170884
679833,1.370196109,103.7694109
718846,1.421191382,103.7091038
678095,1.361483628,103.7678392
597855,1.342735655,103.7722808
689105,1.3991327,103.7509903
289816,1.334433631,103.7902039
289272,1.333527149,103.805312
267229,1.324385909,103.796708
269891,1.317806458,103.7990633
648524,1.35297889,103.6994986
618321,1.339153281,103.7181308
277897,1.329278275,103.7937962
288094,1.334348871,103.790652
288921,1.329585941,103.8075431
629579,1.31427171,103.6638114
638383,1.332055521,103.6412569
128526,1.305089575,103.7646503
679651,1.372076745,103.7675309
287312,1.328633247,103.8084437
266284,1.320896203,103.7918366
266283,1.320893622,103.791892
618335,1.338928883,103.7177797
669110,1.359103552,103.7574547
648507,1.353141851,103.6998536
658575,1.369757718,103.750852
139589,1.308155081,103.7750479
139842,1.306297826,103.7769264
139843,1.306304033,103.7772762
637815,1.31323836,103.6558822
628909,1.328732091,103.6938004
279469,1.321049773,103.7873505
599667,1.342678644,103.770967
588298,1.339120963,103.786037
589889,1.342340427,103.7884616
629916,1.308288436,103.6751822
269677,1.316514336,103.8014383
628848,1.330201847,103.6907345
120464,1.311448454,103.7687855
279683,1.326580517,103.7915408
619399,1.324995229,103.7296511
619419,1.325504977,103.7300895
279501,1.323845658,103.7872057
269409,1.323016013,103.8102914
588227,1.336178453,103.7856809
268244,1.322603624,103.7966405
628427,1.305513285,103.6541515
289082,1.328288618,103.8053068
658273,1.368298377,103.7513626
599893,1.336513457,103.7725163
669558,1.362493665,103.7658912
277297,1.318741267,103.7824589
650446,1.350173391,103.7390864
267429,1.32392827,103.7981871
637870,1.298249002,103.6306203
128571,1.305794256,103.7668786
128578,1.306243157,103.7667029
677762,1.372427586,103.7733432
279930,1.31855874,103.7854913
288475,1.327895871,103.8099112
629951,1.314843099,103.6805104
598825,1.340760268,103.765881
276373,1.310527888,103.7984752
608610,1.312308375,103.7321479
267188,1.32345932,103.7972204
117880,1.279360129,103.7864889
266970,1.323764226,103.8089497
679541,1.370501596,103.7652676
277090,1.316610972,103.781854
739448,1.437957305,103.743407
729648,1.402631209,103.7554056
688356,1.389826105,103.7525794
658755,1.340177242,103.7609708
668178,1.377329566,103.7573557
668179,1.377238605,103.7573812
277778,1.33016392,103.7929843
267245,1.325353014,103.7960853
618617,1.335448407,103.7195662
641859,1.349978421,103.6962247
289363,1.336572922,103.8074726
679646,1.370587,103.7680789
588739,1.33629475,103.787268
639776,1.345574536,103.6859473
639242,1.330649045,103.649812
652442,1.357133637,103.7381722
651442,1.356604807,103.7386282
678864,1.371838043,103.764086
679320,1.370609765,103.7716218
628163,1.327048001,103.69202
597977,1.343872557,103.7724913
639587,1.333748028,103.6363572
637170,1.316669482,103.6334398
637172,1.316486005,103.633373
589702,1.347333809,103.7873081
643183,1.348656806,103.7090974
267726,1.319198507,103.798527
129399,1.320652114,103.7574705
119416,1.274624,103.7945689
128387,1.31248723,103.7536062
119526,1.278334181,103.7916801
266765,1.319011633,103.8076158
599747,1.3437894,103.7747939
589648,1.332931712,103.7851236
728683,1.410853251,103.7445737
618439,1.340368977,103.7187772
127638,1.316557603,103.7547819
669946,1.357944753,103.7577269
678044,1.357891494,103.7680225
629703,1.325676063,103.6883903
610364,1.337141753,103.7204761
128193,1.309173053,103.7646423
637092,1.269639032,103.6319413
289103,1.334043402,103.8057608
648239,1.351905207,103.6980357
648251,1.351924216,103.6972877
648253,1.35181381,103.6972869
596825,1.338452438,103.7659389
648627,1.353958071,103.6976164
689101,1.398747384,103.7505318
126800,1.290768863,103.761204
277169,1.316882767,103.7819962
642183,1.348326131,103.7096901
599278,1.334443244,103.768525
629123,1.305537408,103.6968791
266272,1.321065382,103.791642
648258,1.351806554,103.6975503
589546,1.337941155,103.7841666
268575,1.323745112,103.793614
629705,1.326216809,103.6885354
629266,1.318687461,103.6663512
267038,1.31435358,103.7917753
599541,1.323120153,103.7738057
117932,1.279007022,103.7906441
269355,1.322359014,103.7989239
638785,1.318070984,103.6514173
688739,1.389829451,103.7516082
658837,1.338429123,103.7619964
679444,1.370025709,103.7717277
289877,1.324815412,103.8133187
596240,1.336101065,103.7709493
679381,1.372249086,103.7698497
637248,1.318500182,103.6298526
718859,1.431645696,103.7099499
678049,1.358091348,103.7678793
628051,1.306886704,103.7034204
289063,1.335177767,103.8079446
276198,1.312568845,103.7822196
669901,1.357938674,103.7598068
637883,1.298694918,103.6310111
129186,1.323327938,103.7562884
679887,1.372375346,103.7688799
639369,1.326042934,103.6514583
269295,1.320645797,103.7960716
277099,1.317427282,103.7802643
129003,1.320247992,103.7559237
596161,1.355154357,103.7662097
267083,1.325382241,103.7974978
117634,1.291018261,103.770759
278289,1.314716687,103.7804162
639420,1.324854276,103.6519879
667981,1.364786511,103.7647636
287155,1.330515572,103.8085192
637869,1.299024843,103.6301264
629590,1.318087913,103.6637122
276541,1.32657617,103.7926488
277481,1.320998745,103.788839
276424,1.325367186,103.7923993
269051,1.324600705,103.8023181
126824,1.293827953,103.7682464
628741,1.331665814,103.6944143
639032,1.332547028,103.6432869
289506,1.332198878,103.8068358
629917,1.308277784,103.675098
608558,1.316910987,103.7323713
608551,1.316642807,103.7333536
266338,1.324340678,103.7996937
679187,1.366800656,103.7682371
667980,1.363033894,103.7641285
610350,1.338671624,103.719137
288571,1.331534626,103.8111822
628208,1.271116729,103.736254
268710,1.314029888,103.7964918
739520,1.426135281,103.7581206
267368,1.32487361,103.7950234
117504,1.291729881,103.7687729
637781,1.333854794,103.6713488
638797,1.313253038,103.6535085
267839,1.313791357,103.7965073
688741,1.389853105,103.7515028
129005,1.320346388,103.7558091
279298,1.322538648,103.7866658
648511,1.353203304,103.6997647
658829,1.338476057,103.7615683
638122,1.310850553,103.6297459
128182,1.308914809,103.76405
287078,1.337171376,103.8047432
596894,1.341899682,103.7702699
278740,1.308684332,103.8016891
658692,1.371445672,103.7524822
684805,1.372416653,103.744744
269313,1.321388455,103.7964866
269616,1.322941606,103.805267
589448,1.33489967,103.7878054
266751,1.320589487,103.8091187
275795,1.323888835,103.7857872
679810,1.371822517,103.7688924
679811,1.371872293,103.7688885
679813,1.371921691,103.7688848
627680,1.333506703,103.7035128
627621,1.265019656,103.6746359
599862,1.334687351,103.7730143
598313,1.333600143,103.7795114
587965,1.344803346,103.7884882
618777,1.332374512,103.7141534
596615,1.337238431,103.765785
278884,1.313570587,103.7800651
638380,1.333354313,103.6424582
599294,1.334213103,103.7700222
278213,1.31129047,103.798446
127786,1.313065876,103.7596796
638828,1.324049236,103.6367609
639188,1.326445835,103.6472038
287072,1.337010332,103.8047797
276231,1.313269548,103.7814684
680253,1.376777495,103.7445489
599669,1.34274452,103.7709298
597403,1.326749757,103.7676689
598540,1.344208988,103.7666117
628388,1.306264421,103.6574542
669462,1.355332703,103.7585304
669600,1.355997561,103.7612523
599703,1.344796894,103.7711038
277407,1.319798987,103.7886641
598935,1.333818906,103.7664265
278447,1.308897509,103.7993617
596696,1.340481496,103.7696919
118417,1.292306866,103.779487
596700,1.340700416,103.7696722
627500,1.254868419,103.6607806
688261,1.383886605,103.7539246
267040,1.314549963,103.7921268
267556,1.326521527,103.7946374
739548,1.434279321,103.7591824
286944,1.336415762,103.8055723
688647,1.393028011,103.7523916
289708,1.334976986,103.8036678
679943,1.378130236,103.7727626
118606,1.281127132,103.7849446
668111,1.376285093,103.7582823
266585,1.328590183,103.7979522
149003,1.291376635,103.8058978
648698,1.351683837,103.6990319
119133,1.281150744,103.7873691
276379,1.310350683,103.7980966
677840,1.371645531,103.7736818
149866,1.290421373,103.8053215
671636,1.386915665,103.7585381
667978,1.363932031,103.7645836
589737,1.3383888,103.7873749
648825,1.351111319,103.6996569
276435,1.32586031,103.7927483
648831,1.351106619,103.6998211
119759,1.280046089,103.7889649
618642,1.32554466,103.7255746
677821,1.372214311,103.7740179
678544,1.359583856,103.7681939
119138,1.280492511,103.7876349
277308,1.317725875,103.7832311
279847,1.330760638,103.7918909
269853,1.313275025,103.7985444
667982,1.3647904,103.7641689
637786,1.309625479,103.6275161
129342,1.318237234,103.7578705
688588,1.39172409,103.7508743
128381,1.311159563,103.7528158
589174,1.342317142,103.785202
142085,1.303785353,103.7992526
278870,1.313486158,103.7818535
677756,1.372342551,103.7731947
678716,1.368064815,103.7709241
588490,1.341104326,103.7817759
119389,1.278066315,103.7899821
276241,1.313283448,103.7810904
658268,1.367985654,103.7515528
658284,1.369052586,103.7510526
269165,1.323671894,103.8013679
680671,1.402555018,103.7480217
267094,1.325891854,103.7979108
277380,1.318548643,103.787802
267778,1.322682465,103.7919645
637664,1.352018353,103.6890341
129062,1.32122239,103.7560356
637345,1.318483087,103.6358454
637344,1.318804948,103.6361455
119025,1.287394631,103.7926585
117283,1.286291431,103.7912684
279921,1.320910005,103.7851775
658682,1.371431066,103.7521797
588740,1.335945082,103.7871752
637472,1.351752965,103.6790093
128085,1.313984573,103.7571083
596939,1.338101326,103.7651596
669093,1.359497712,103.7572886
267912,1.318019531,103.7967617
287379,1.327985019,103.8104139
679842,1.370510778,103.7698278
289055,1.33645987,103.8076121
679578,1.371232362,103.7663515
288575,1.329877473,103.8105397
119454,1.276842408,103.7929322
119461,1.276951706,103.7929837
609914,1.326191662,103.7495121
640681,1.344138301,103.7051664
652293,1.345949255,103.7542483
648550,1.35341838,103.6988631
618397,1.339918126,103.7176239
688432,1.390301708,103.7504752
649965,1.349720269,103.7098742
138614,1.308220427,103.7733152
609158,1.302310531,103.7302751
127748,1.312700136,103.7584662
118773,1.292413764,103.7685128
128170,1.308805507,103.7636826
266288,1.320908526,103.7916186
129551,1.318864792,103.7596807
688644,1.392792237,103.7520799
668180,1.377181179,103.7573975
119026,1.287435009,103.792624
288733,1.332678853,103.8017333
678078,1.360164789,103.7675375
677700,1.37030692,103.7737429
128456,1.312377143,103.7543677
275758,1.312691144,103.7854753
596163,1.355323901,103.7660912
679046,1.36629198,103.7701971
599526,1.323753195,103.7742419
618393,1.339852722,103.7175374
637250,1.318452207,103.6289747
648224,1.352108601,103.6976638
683297,1.377807754,103.7430672
683296,1.37658461,103.7422972
680297,1.377078974,103.741912
129791,1.302220342,103.7678703
289710,1.335280144,103.8035417
288643,1.334443271,103.8046584
678025,1.397351442,103.7535041
709147,1.385852995,103.6963879
668271,1.376498976,103.7576496
599098,1.334673442,103.767835
268358,1.321948888,103.7945336
637226,1.317498078,103.6351208
618348,1.339016747,103.7172729
658394,1.369769208,103.7528433
627786,1.308675247,103.6739713
127710,1.316481025,103.7552503
597830,1.34230114,103.7732507
588282,1.338330231,103.7858762
127566,1.313193806,103.7579547
599269,1.333572919,103.7686866
628908,1.333278801,103.6930073
637575,1.291163654,103.636328
619699,1.332427361,103.7175394
597099,1.324540098,103.7663643
117620,1.280882269,103.7852247
668175,1.376668941,103.7575409
679374,1.371692991,103.7698721
267591,1.325322554,103.7985551
658785,1.339871558,103.7616879
276977,1.316016947,103.781492
286883,1.337619144,103.8048683
648590,1.353931507,103.6980587
276365,1.310300159,103.7987498
639196,1.32407071,103.647095
629602,1.319348785,103.6698311
588238,1.336007679,103.7861131
638739,1.318729932,103.6394431
688772,1.392214835,103.7508677
288637,1.333339392,103.8046775
267299,1.32598531,103.7967865
641760,1.349593902,103.700194
669453,1.35460611,103.759001
275900,1.32701057,103.7908894
276371,1.310219179,103.7986014
639223,1.326788705,103.647732
638250,1.338434144,103.6917505
679825,1.370015814,103.7689539
269570,1.322370269,103.8059713
148813,1.300544075,103.797738
689863,1.383791851,103.7478051
277328,1.317506864,103.7825375
248432,1.305329067,103.8031906
596404,1.345219438,103.7713031
119228,1.292348981,103.7834705
618375,1.339567696,103.7170967
118525,1.278503473,103.7969012
288375,1.3250476,103.8120701
589108,1.337995439,103.7854648
637873,1.298930579,103.6303792
267882,1.315162038,103.7963675
267047,1.315426561,103.7926109
269793,1.31877272,103.7963656
628778,1.329595645,103.6925085
598225,1.335161078,103.7724738
688564,1.391572366,103.7515404
276189,1.31215513,103.7826033
648707,1.351654298,103.6983886
627852,1.333148653,103.6947635
287261,1.328388248,103.807805
678421,1.359511615,103.768727
618489,1.339428656,103.7184943
614138,1.328460311,103.7232878
590021,1.338131993,103.7719863
629658,1.314321304,103.671971
636831,1.318375732,103.6306928
276232,1.312689143,103.78164
679768,1.370393335,103.7688243
127228,1.314814684,103.7571014
737946,1.416645946,103.7551824
596567,1.336430743,103.7711178
648880,1.350709311,103.7013615
279950,1.3310108,103.7866738
129176,1.323468263,103.7555581
629406,1.311276336,103.6635282
117965,1.279673776,103.7914973
596236,1.33613461,103.7710516
648475,1.351420611,103.6989938
640208,1.347003674,103.7142164
627774,1.319125,103.694428
629374,1.314535146,103.661913
629103,1.327929171,103.6704727
627656,1.334207285,103.7029434
648219,1.352116425,103.697398
275954,1.326201153,103.7911207
129816,1.325458996,103.7613867
728855,1.429524181,103.7491008
288423,1.329631416,103.8116902
127244,1.315159675,103.7575204
279942,1.32985386,103.7861778
718870,1.440377478,103.7195351
737641,1.430385515,103.7541722
648784,1.352063209,103.7013836
627714,1.232295829,103.6793109
596273,1.335440311,103.7703387
739663,1.417254838,103.7595371
596534,1.338421927,103.7713126
286733,1.328761059,103.8058759
268365,1.321644789,103.7936341
287649,1.328293789,103.8074363
287700,1.3294196,103.8078001
739540,1.432425098,103.7564852
637106,1.276768718,103.6326994
127440,1.296033244,103.7666828
289001,1.334468794,103.8078039
638147,1.339373963,103.6911095
619485,1.314640919,103.7080454
669437,1.353566198,103.7589332
269823,1.319103984,103.7972889
658827,1.338433886,103.7614795
678798,1.358855502,103.767945
638067,1.311897804,103.6291167
596815,1.338409179,103.7656392
629909,1.304812853,103.6750901
609265,1.298785916,103.754448
648383,1.352516979,103.6991109
128075,1.314250426,103.7569642
119213,1.294447039,103.7799711
629023,1.329675846,103.672846
598233,1.335361097,103.7727183
267275,1.325495273,103.7991624
669620,1.357174167,103.7587157
597706,1.343408181,103.7718813
119355,1.27928137,103.7896521
266673,1.327298097,103.79861
268210,1.318098791,103.8030711
267994,1.320580444,103.8064005
269291,1.32083987,103.7958853
268073,1.321583631,103.8097364
599239,1.335121007,103.7694294
599174,1.333846798,103.7674596
629066,1.326201419,103.6669396
637473,1.302105536,103.6253836
609773,1.343158067,103.7353621
129040,1.3216788,103.7573992
658279,1.368596723,103.7512332
268634,1.320949768,103.7934877
596662,1.337808822,103.769039
127227,1.314091926,103.7573595
668314,1.377058461,103.7594036
598940,1.335290551,103.7657435
287679,1.328819228,103.808303
277458,1.319895806,103.7883145
600205,1.337564401,103.7428811
600231,1.341127495,103.7381012
128652,1.308944721,103.7615509
589881,1.341056674,103.7876836
629413,1.310444845,103.6613663
648510,1.352762756,103.699811
648582,1.351953523,103.6995314
118850,1.282592633,103.7858718
127430,1.31529326,103.7528679
117638,1.27911437,103.7892896
588306,1.339542365,103.7860739
589441,1.334574946,103.788664
637306,1.316297109,103.6302839
619864,1.335600996,103.7147671
679881,1.372272227,103.7688588
638726,1.318307833,103.6382219
289010,1.333495023,103.8083575
127450,1.294745225,103.7681646
118413,1.293211485,103.7774359
118407,1.293390301,103.7777778
118412,1.293024441,103.7777289
269913,1.31692803,103.7988899
269872,1.317353256,103.7991224
598200,1.335335579,103.7714766
117639,1.279158971,103.7893243
129217,1.322522,103.7564891
678032,1.398068878,103.7544541
658630,1.37120729,103.7519149
278481,1.308466991,103.7980709
678786,1.358317574,103.7680571
589179,1.342464521,103.7853057
288975,1.333619239,103.8079798
277228,1.318747746,103.7817024
658372,1.369737442,103.7522003
648788,1.352187364,103.7012026
118658,1.288479169,103.7768463
288468,1.325842149,103.810351
599573,1.323500417,103.7727913
267547,1.326693537,103.7951056
643662,1.337480828,103.7040163
644660,1.33638401,103.7033827
641676,1.345957186,103.7045391
638756,1.319052947,103.6491733
739915,1.416810107,103.7608185
278453,1.308733275,103.7992894
266633,1.321089908,103.8112615
276124,1.325695878,103.7849668
729642,1.398945064,103.7531915
637359,1.28986541,103.631762
629531,1.31145521,103.6622147
618443,1.340261863,103.7187945
627753,1.321486906,103.6957486
278966,1.309963932,103.7963307
639176,1.324752192,103.6489697
729329,1.409147525,103.7486882
287320,1.328327102,103.8082088
287318,1.328418586,103.8082734
278924,1.313905309,103.7806013
688350,1.391294112,103.7502207
596409,1.345663504,103.7713688
628415,1.308911973,103.6584374
287130,1.330157448,103.8094449
139950,1.295744952,103.7865983
139591,1.308404252,103.7744549
608584,1.337372292,103.7527826
127603,1.313565368,103.7592999
729480,1.417241669,103.7418944
628104,1.326050907,103.6847592
648794,1.352037877,103.7007982
276562,1.323325942,103.7920458
276712,1.331601057,103.792399
589741,1.338791189,103.7871541
128461,1.301495732,103.7610804
127270,1.314617293,103.7574268
129335,1.318025739,103.7583363
129397,1.320881199,103.7576624
287446,1.331260407,103.8084824
678779,1.359033456,103.7682556
279050,1.313674831,103.7831806
120705,1.305664208,103.7606507
275929,1.326477015,103.7910334
275930,1.326477015,103.7910334
729321,1.408870683,103.7520121
596345,1.343493413,103.7748131
289815,1.33456032,103.7895104
619167,1.308246657,103.7103227
629490,1.316696301,103.6675261
729487,1.412521766,103.7431593
689432,1.376954283,103.7579496
599356,1.333241324,103.7680744
678830,1.360923775,103.7678388
268457,1.322205943,103.7911408
268800,1.329905575,103.7958225
127830,1.314507576,103.7560849
659764,1.346598663,103.766281
287066,1.336854156,103.8048154
588530,1.340509085,103.7820009
648750,1.351316012,103.7001303
639142,1.330429268,103.6481498
670276,1.376222879,103.7757003
278095,1.31197909,103.7988435
268076,1.321472507,103.8096351
648654,1.352867307,103.6982412
599302,1.333916011,103.7688656
277374,1.318311753,103.7876466
128259,1.310430436,103.7551661
119717,1.280106517,103.7876005
266551,1.318847799,103.8026508
648730,1.351334243,103.699522
599017,1.336429542,103.7699368
739659,1.417244563,103.7590601
277347,1.317772477,103.7827423
128382,1.312296474,103.7533464
668222,1.374451682,103.7572626
648639,1.353450421,103.6971493
279958,1.33182974,103.7868596
276592,1.320670408,103.7894319
610323,1.336818079,103.7239146
680001,1.382538829,103.7517109
680004,1.381939295,103.7528067
669113,1.358964432,103.7573451
268214,1.318021215,103.8036052
289630,1.33106381,103.7987124
287331,1.329140593,103.8088868
679496,1.369973112,103.7720856
739511,1.43654023,103.7545257
739510,1.436594483,103.7545154
658370,1.369734986,103.7521487
637264,1.318044415,103.6292866
279076,1.313135373,103.7827306
608569,1.338499857,103.7532427
679677,1.372387258,103.7686655
638264,1.337808326,103.6909526
649814,1.343974785,103.7168862
679230,1.368830118,103.7688492
276224,1.312970018,103.7817053
129008,1.320793821,103.7559442
677962,1.397152642,103.7532921
637121,1.355596641,103.685987
276721,1.331494432,103.7914453
276669,1.32457366,103.7926065
288647,1.335129613,103.8047236
286922,1.33769433,103.8053603
267679,1.325742663,103.7945176
628777,1.329578672,103.6928417
638262,1.33788526,103.6910523
267613,1.327831751,103.8008879
648602,1.353671179,103.6978076
267797,1.323327942,103.7927074
127186,1.294848614,103.7662722
678149,1.373430486,103.7631282
276484,1.329533906,103.7952317
619400,1.323636546,103.7294505
688708,1.390302094,103.7528172
628784,1.329584353,103.6912117
677829,1.372010352,103.7741267
286921,1.336457983,103.8058457
276783,1.317230925,103.7801539
266328,1.323587468,103.7993942
596308,1.34228965,103.7747249
648300,1.352211475,103.6980433
618444,1.340583428,103.7182173
639179,1.32543487,103.6482577
688278,1.390840073,103.7522209
658753,1.340125695,103.760883
596444,1.345785847,103.7718713
118890,1.281607808,103.7860598
118782,1.29240058,103.7683835
288897,1.327926062,103.806343
627875,1.258954104,103.7026307
596791,1.338258003,103.7647793
596989,1.338708214,103.76656
618680,1.330911324,103.7170589
648533,1.353562231,103.6992464
648370,1.346905803,103.7038812
688470,1.391860922,103.7498339
278509,1.309157751,103.7973911
668846,1.358125794,103.7611584
669925,1.357524752,103.7595928
276404,1.310259782,103.7966261
119211,1.293799557,103.7804737
669042,1.360032082,103.758989
596419,1.345481523,103.7711063
598254,1.337025373,103.7741191
618346,1.339045778,103.7173214
739679,1.417768797,103.7594932
588616,1.338519682,103.7887451
126773,1.298704255,103.7646115
276191,1.312269957,103.7823295
588294,1.338906333,103.7860373
120702,1.307266926,103.7611077
120703,1.306748962,103.7606336
289247,1.332124258,103.8061443
277787,1.330771405,103.7931859
677692,1.370594963,103.7730119
269799,1.320700119,103.7983769
279394,1.322634658,103.7876563
267795,1.323441559,103.792661
118364,1.236152049,103.7469134
149594,1.295702803,103.7984544
670181,1.379257887,103.7629971
670183,1.379963836,103.7630483
598874,1.34112838,103.766807
599261,1.333647285,103.7697662
267244,1.324944609,103.7965957
118707,1.290884738,103.7743196
640957,1.34064124532909,103.690572288577
288537,1.336010543,103.8025442
688544,1.391446581,103.7521017
680201,1.382138093,103.7495422
118424,1.290121921,103.7817741
599344,1.332942285,103.7682277
599233,1.335087908,103.7690976
138613,1.307867955,103.7732339
138612,1.308337083,103.7729556
669493,1.354951338,103.7599405
688612,1.391877784,103.7501719
127383,1.311225772,103.756499
278697,1.32304782,103.7846731
648781,1.351895285,103.7015844
271006,1.307115686,103.7952646
688702,1.3906637,103.7527705
589544,1.338394903,103.7840114
629518,1.312033284,103.6665013
588950,1.340253447,103.7801244
128963,1.321957674,103.7559993
639528,1.328562084,103.6540792
600266,1.341341309,103.7443434
677966,1.397281657,103.75382
119637,1.2918529,103.7728575
286681,1.328338537,103.8059098
287190,1.330862746,103.8099118
659085,1.366799932,103.7501421
688288,1.390899999,103.7519581
588492,1.341156315,103.7818182
278319,1.31512603,103.779326
269607,1.323576358,103.8047395
598738,1.356793366,103.7667505
648566,1.353664949,103.6985059
269301,1.321128616,103.7961249
678822,1.360190122,103.767833
619595,1.323553175,103.721846
596959,1.339051924,103.7666333
127498,1.315889102,103.7542252
688714,1.389977858,103.7528466
129182,1.323083475,103.7568348
276383,1.310277379,103.7978697
286916,1.337906397,103.8058848
649846,1.338451489,103.7059271
278442,1.309410855,103.7991871
287034,1.335591895,103.8050056
677824,1.371952212,103.7735834
599362,1.332931012,103.7678086
637062,1.288890191,103.6222405
636893,1.27726916,103.6306788
277486,1.321282054,103.7889287
268380,1.321273937,103.793191
627686,1.333974476,103.7035129
637279,1.317610468,103.6294439
129746,1.293624113,103.7685101
287095,1.33787838,103.8051993
127431,1.315396606,103.752771
266455,1.320132991,103.8068933
287074,1.337065336,103.8047653
641505,1.349350365,103.7179479
129583,1.323006846,103.7618683
597838,1.34232638,103.7729267
599337,1.333021066,103.7686605
599376,1.332931669,103.7673812
589464,1.335598594,103.7858328
287003,1.336751522,103.8055267
678636,1.367241863,103.7698345
619293,1.323588785,103.7229985
127406,1.312249667,103.7576423
117383,1.275765734,103.7995693
277003,1.316004491,103.7849863
589703,1.347889067,103.7874435
268287,1.315939456,103.7938182
289422,1.334352923,103.8072119
648249,1.351922179,103.6973952
680619,1.400253083,103.7475792
269293,1.321937785,103.7967232
266393,1.319745348,103.8072583
268116,1.32027985,103.807264
287740,1.327847371,103.8087922
287677,1.328543267,103.8081229
599102,1.334445231,103.7679403
589662,1.333387194,103.7862668
680281,1.38032443,103.7425998
266524,1.321451615,103.8013526
649697,1.349798003,103.7076347
286679,1.328281684,103.8059992
678022,1.397012729,103.7539251
668273,1.37656924,103.7577831
588813,1.337020487,103.7865954
117402,1.281464971,103.7803437
287403,1.328316155,103.8086028
589211,1.342708508,103.7850085
266574,1.329430838,103.7987004
268416,1.321865522,103.7924933
117964,1.280042014,103.7916499
587983,1.337994817,103.7836142
268398,1.322535987,103.7931157
596887,1.341398997,103.7700224
139298,1.293582932,103.7960613
588808,1.337652433,103.7868548
289503,1.33203573,103.8072693
688632,1.391762252,103.7516911
627860,1.277380763,103.7175966
669677,1.378129306,103.7588132
596106,1.332192257,103.7796302
289788,1.333118505,103.8033577
266972,1.323578501,103.8088242
599805,1.334718033,103.7717935
118847,1.282495108,103.7860126
127359,1.295052334,103.7660448
266237,1.321329068,103.7927523
681287,1.378757932,103.7418668
596245,1.335687421,103.770823
276237,1.313280687,103.7812339
637175,1.316246294,103.6332888
650167,1.346932728,103.7422571
120724,1.30360871,103.7633591
637272,1.317795719,103.6289472
289885,1.325207934,103.8132749
279707,1.332068512,103.7915291
677832,1.371845699,103.7733761
143046,1.298755111,103.7977957
599149,1.334540613,103.7666302
597832,1.342289704,103.7731774
140096,1.306191826,103.8011938
276185,1.312046598,103.7828702
628748,1.332572691,103.6923795
269119,1.324171622,103.8040357
277775,1.33030159,103.7934655
126896,1.312525868,103.7559038
658312,1.368964073,103.7522112
658314,1.368965836,103.7522672
279161,1.312754182,103.7838338
276504,1.327648201,103.7933204
597854,1.34236576,103.772347
266557,1.318822542,103.8024355
648736,1.351327497,103.6997198
127223,1.314240166,103.7572641
119096,1.279511692,103.7869039
598107,1.336747124,103.7675272
638055,1.306369844,103.6290674
276871,1.314315137,103.7853345
276437,1.325839917,103.7928032
596159,1.339686713,103.7709414
639175,1.324821225,103.6492568
689421,1.377295835,103.7585674
669741,1.36059362,103.7618003
597426,1.328763618,103.769776
658316,1.368969344,103.7523187
629088,1.328066018,103.6746494
638091,1.310354331,103.6297249
629157,1.323176806,103.7003114
286753,1.328895823,103.8059002
287693,1.329053594,103.8079762
658675,1.370687551,103.7528509
269515,1.323179248,103.8036561
729334,1.409160871,103.7473336
689527,1.39931152,103.7488067
276180,1.311897551,103.7832079
266251,1.321320013,103.7930413
266250,1.321301805,103.793001
289672,1.334175151,103.7903882
648787,1.352155216,103.701249
658869,1.338598627,103.7613032
677818,1.372036553,103.7737446
129277,1.319613113,103.7572603
669387,1.354352764,103.7593647
128447,1.311214657,103.754598
668233,1.374166004,103.7576367
119010,1.286667356,103.7930528
118733,1.291542119,103.7711651
118507,1.27443884,103.7958865
679002,1.379428736,103.7697032
638800,1.314219846,103.6525144
267849,1.315113948,103.7980163
276236,1.312550707,103.7816034
117655,1.280063295,103.7897136
638073,1.310956659,103.6279269
119504,1.277721221,103.7914729
627977,1.327357612,103.7054162
637426,1.32243258,103.6327252
668727,1.357481153,103.7609819
718827,1.428328257,103.7047247
629894,1.304471078,103.6774083
287942,1.334445726,103.8007876
119275,1.296728869,103.7731518
127595,1.31476143,103.7576601
117617,1.292824752,103.7697544
286789,1.329249167,103.8058086
648580,1.351864313,103.6994692
279746,1.323217977,103.782504
619401,1.324432451,103.7303013
729666,1.40880768,103.7503853
127866,1.313980632,103.7560354
689423,1.377241824,103.7584687
629419,1.313309852,103.6616899
677955,1.397699236,103.7544291
679838,1.370401721,103.7696041
288085,1.334166693,103.7908649
117284,1.286700741,103.7909795
596793,1.338280663,103.7648366
589148,1.340453737,103.7851664
629235,1.319126934,103.6656381
286724,1.328442974,103.8059775
641764,1.349977565,103.6990097
119174,1.28055329,103.7893019
609285,1.300613488,103.7466842
588601,1.336329556,103.7886704
597087,1.324229882,103.7670977
266697,1.320163235,103.8015057
587977,1.347918622,103.7717765
269632,1.31209477,103.8006272
289607,1.32452635,103.8110029
128548,1.305438958,103.7658586
589865,1.342857493,103.7878549
688646,1.392738616,103.7520881
118684,1.288880482,103.7760962
278240,1.310580883,103.7980009
129531,1.31749362,103.758566
638611,1.328256887,103.6423325
739550,1.434881277,103.7592082
629597,1.319280851,103.6674886
269852,1.313277664,103.7985448
651443,1.356532773,103.7377605
118345,1.209663413,103.7753956
618686,1.332583197,103.7167362
128393,1.31286092,103.7534181
669485,1.35495059,103.7596369
677809,1.372553882,103.7738365
118966,1.291871089,103.7719742
267443,1.323788091,103.7975076
277065,1.315990289,103.7823114
596876,1.340719171,103.7703629
596590,1.337084586,103.7648707
128041,1.297520895,103.7663317
599894,1.336175668,103.7727248
127667,1.317543511,103.7553478
276274,1.312817726,103.7802937
587986,1.338881044,103.7835877
278871,1.313500557,103.7817357
648620,1.35327329,103.6974635
638889,1.323255679,103.6426439
129206,1.323245904,103.7573716
587785,1.346752631,103.7771458
597141,1.327104789,103.7650433
670443,1.381331642,103.7702988
680109,1.378659893,103.7520777
267844,1.314360041,103.797297
688312,1.391048621,103.7512913
598853,1.34076987,103.7668728
117714,1.283577265,103.7850869
277841,1.329400351,103.794355
609653,1.337498606,103.7360268
596214,1.343882744,103.7743294
641662,1.336885783,103.7027397
679749,1.372073879,103.7683303
678940,1.37228669,103.76654
739719,1.416071432,103.7578413
598861,1.341108238,103.7659738
650176,1.346023415,103.741411
650170,1.34655585,103.7401015
269152,1.323673416,103.8019851
596744,1.342227235,103.7697569
669927,1.357524621,103.7595348
670607,1.382519651,103.7615163
279520,1.322080588,103.7836533
139590,1.308304264,103.7747827
669189,1.354127413,103.7600139
286736,1.328849187,103.8057429
619036,1.327290511,103.7114089
288123,1.340318466,103.7906132
127886,1.312361799,103.7564979
729564,1.414560975,103.7453936
267619,1.326797623,103.7983211
269090,1.323495405,103.8060167
128739,1.30827077,103.763852
599246,1.334777368,103.7699636
287779,1.331973352,103.7987903
678005,1.398287996,103.7534627
268471,1.321190661,103.7918666
148997,1.291772161,103.8063534
289162,1.334311617,103.8055974
267780,1.322955206,103.7921911
648755,1.351311373,103.7002947
629079,1.326840446,103.6718628
598553,1.345079,103.7658364
637323,1.340335129,103.6377736
288043,1.348550567,103.7914475
688490,1.392100984,103.750681
118886,1.281390209,103.7859644
139945,1.297711537,103.7881163
599676,1.344931361,103.7717993
267527,1.326858668,103.7968897
119528,1.278436223,103.7917168
597530,1.324384279,103.7649447
636907,1.275887967,103.6369875
739485,1.434841913,103.753981
739669,1.417281144,103.7602648
669948,1.357964337,103.7576044
139101,1.30665713,103.7747303
139461,1.306201132,103.7750529
266908,1.324351218,103.8085264
128334,1.308892582,103.7557256
637656,1.333854794,103.6713488
598137,1.341599067,103.7725453
266575,1.32939621,103.798871
127754,1.312739415,103.7586435
266953,1.324025755,103.8088153
648277,1.351610814,103.6975993
596227,1.33124641,103.7566481
588531,1.340860955,103.782501
277081,1.316421652,103.7814709
596824,1.339299423,103.7658376
718828,1.424269284,103.7285541
627755,1.26189452,103.6748939
728783,1.405545237,103.7517475
628209,1.280418242,103.7259095
648817,1.352723248,103.7004309
618471,1.340229086,103.7191485
638070,1.311952626,103.6283421
677954,1.397634147,103.7544145
599324,1.334212248,103.7698443
118043,1.279049533,103.7913904
648462,1.350803543,103.6982849
589157,1.341357982,103.7845688
275764,1.328691091,103.7897422
637650,1.294119209,103.6258183
596195,1.338853909,103.769183
589389,1.348326155,103.7885948
119632,1.291000196,103.7730195
628227,1.263225129,103.7027634
670448,1.383696616,103.7720956
268180,1.31949993,103.8072838
638826,1.326774739,103.6377452
286929,1.336230686,103.8058806
648432,1.353421169,103.6984707
277583,1.330177867,103.7915707
599480,1.330009481,103.7771425
286958,1.336217854,103.8057133
129401,1.320550988,103.7572575
287323,1.32850576,103.8085535
688319,1.390739158,103.7510949
140200,1.289263647,103.8011335
266517,1.321074471,103.8024419
629102,1.328780036,103.6785891
288483,1.327461464,103.8101033
127907,1.315262069,103.7571728
589384,1.348153085,103.787985
267381,1.324843446,103.7942909
639182,1.325487634,103.6477385
277057,1.31644626,103.7853158
279111,1.311681995,103.7844968
679579,1.371511101,103.7656956
669699,1.377917869,103.7585342
669700,1.377850187,103.7585735
588291,1.338513511,103.7856617
589122,1.339027234,103.7853061
269481,1.321610354,103.8048919
286945,1.336760891,103.8055848
589176,1.34240913,103.7852248
266483,1.317434355,103.8046461
119158,1.281041295,103.788228
276514,1.327724463,103.7927207
269055,1.324802444,103.8022754
129388,1.320518268,103.7586282
609258,1.302760364,103.7517195
266167,1.322050802,103.8030305
588801,1.336385743,103.7875684
658401,1.370301314,103.7522801
648829,1.351108262,103.6997647
119599,1.291223796,103.7733107
127600,1.313453694,103.7590611
266171,1.321991089,103.8028503
678020,1.397047588,103.7537671
679290,1.368798047,103.7690691
128362,1.312691625,103.754141
118623,1.281804443,103.7829573
287474,1.329693453,103.8085297
658629,1.370843446,103.7517747
668623,1.360221789,103.7616924
668947,1.358849619,103.7619045
598875,1.341129399,103.766861
688663,1.392563387,103.7524637
119307,1.277932087,103.7911875
129125,1.319575142,103.7603393
128226,1.307551665,103.7564758
278238,1.310606768,103.7980621
596512,1.337348717,103.7724301
598802,1.339914241,103.765674
269418,1.322942158,103.8095885
126816,1.295981857,103.7675281
118045,1.279006971,103.7914366
659531,1.341226307,103.7521304
609790,1.351288628,103.7289077
118088,1.277900142,103.790682
267153,1.323706972,103.7986967
269007,1.322746182,103.8071132
689574,1.394453292,103.7513415
119101,1.279986888,103.7872548
277074,1.316210336,103.782146
698926,1.37515792,103.7189361
637659,1.350866997,103.6802345
267610,1.328537877,103.8012636
678598,1.367772,103.7692532
267559,1.32712725,103.7942741
278234,1.310691307,103.7982193
688383,1.390365683,103.7518005
718821,1.439281989,103.7179568
679858,1.371782147,103.7694282
637640,1.298917125,103.6275324
597553,1.34651832,103.7640907
597320,1.32742654,103.7673034
139470,1.305135558,103.7767108
597130,1.325667439,103.7660155
652289,1.343607249,103.7599425
651289,1.343866875,103.760535
268433,1.321896069,103.7914692
289048,1.334880829,103.8080282
149861,1.290030047,103.8059479
627758,1.261712222,103.6746956
688291,1.390559394,103.7519028
648512,1.35279446,103.6997652
288704,1.33240547,103.8009798
688266,1.378603251,103.7490557
129175,1.323363963,103.7555986
277379,1.318593233,103.7868905
629577,1.314971752,103.6643477
286690,1.328618835,103.8054509
286689,1.328587217,103.805494
287988,1.33589729,103.7959415
690110,1.35201374343136,103.736540182565
118884,1.281773524,103.7853689
629174,1.328543034,103.6800837
119278,1.299851224,103.7737536
287185,1.33082063,103.8096588
648751,1.351651293,103.700379
276510,1.327668381,103.7929417
266756,1.320113909,103.8086572
129112,1.321431181,103.7594812
637559,1.333854794,103.6713488
268524,1.322748602,103.7955635
618446,1.340619401,103.7182616
658599,1.370898568,103.7528722
639130,1.328557511,103.6460596
629175,1.328508095,103.6834738
627974,1.325356837,103.7064009
127752,1.312715517,103.758585
598904,1.335328948,103.7661573
598744,1.357373912,103.7643104
689687,1.384095872,103.7449494
128072,1.314696023,103.7562605
589043,1.337191366,103.7847906
286735,1.328820114,103.805787
286734,1.32879244,103.8058323
276846,1.315564162,103.7838211
689403,1.377585365,103.7583594
668956,1.358747619,103.7614025
118256,1.289311478,103.7914099
668269,1.376450343,103.7575668
117888,1.27920956,103.7866568
609783,1.344190704,103.7333618
637199,1.316089179,103.634239
287227,1.326677988,103.8088291
668671,1.357389514,103.7620881
289098,1.333575534,103.8056039
658608,1.371247555,103.7527238
679653,1.372147616,103.7676364
289016,1.333792737,103.8083217
638047,1.30626592,103.6305993
629945,1.314027888,103.6802503
286728,1.32860333,103.8061572
288243,1.337113955,103.8029626
688371,1.390295087,103.7521163
679596,1.371742777,103.7664494
288509,1.326428538,103.810111
267642,1.325536303,103.7967885
288624,1.332960084,103.8038072
129348,1.318677659,103.7589316
277392,1.318522234,103.7873914
278396,1.316541234,103.7871364
268373,1.321870055,103.7934338
289229,1.331474746,103.806263
670541,1.382451538,103.7634792
650158,1.348727997,103.7431939
289700,1.333291558,103.803469
658674,1.370683487,103.7527586
637474,1.299897819,103.6254564
658386,1.36975575,103.7525795
658269,1.368016875,103.7515051
658271,1.368114371,103.7514303
638459,1.320023422,103.6534946
669019,1.359781425,103.7598006
609929,1.325817265,103.7481447
679582,1.371280491,103.7664786
677859,1.371798552,103.7727757
279498,1.323438327,103.7871299
629009,1.329166624,103.6708337
128245,1.308134413,103.756556
119370,1.278707428,103.7899608
117391,1.281262693,103.7848296
277109,1.317173993,103.7812067
247672,1.2952532,103.8141345
596758,1.33878248,103.7644453
269146,1.323446333,103.802391
288706,1.33261231,103.8009751
127219,1.314761775,103.7568501
129484,1.318971158,103.7569765
599170,1.333899083,103.7676328
288842,1.331394482,103.7995708
118406,1.293247882,103.7780721
679826,1.370053996,103.7689929
276586,1.320829738,103.7895254
637881,1.29874205,103.6308847
739565,1.435871385,103.753693
587984,1.33861127,103.7837241
648217,1.352223982,103.6975093
678925,1.372109753,103.7660268
276903,1.315959361,103.7797975
639227,1.32720727,103.6486385
637393,1.29585557,103.6397242
679562,1.370774612,103.7658068
681537,1.392051907,103.7438797
679789,1.37088213,103.7684215
597216,1.328117305,103.7694585
266136,1.322684179,103.803388
277613,1.329196217,103.7930432
279249,1.321919001,103.7840103
636856,1.324191763,103.643579
629373,1.31513991,103.6612769
267432,1.324225357,103.7975024
679692,1.369515169,103.7652019
679693,1.369149083,103.7653832
679695,1.368793911,103.7656646
278893,1.313576534,103.7795453
678459,1.36019555,103.7684533
278154,1.309649065,103.7988789
729655,1.404881186,103.755369
648797,1.35239245,103.7009066
628161,1.3272136,103.6922426
596779,1.338578943,103.7646657
598104,1.33570243,103.7666626
269145,1.323564772,103.8024412
688336,1.391203228,103.7506279
729673,1.407386473,103.7470856
609387,1.301911693,103.7473938
598329,1.332441208,103.7801938
599368,1.33291303,103.7676289
618453,1.339997486,103.7188373
119095,1.279463037,103.7868606
679236,1.368959199,103.7685597
277190,1.315299564,103.7799681
268419,1.321131255,103.7912563
268569,1.323114915,103.7939216
289395,1.332856772,103.8077847
596699,1.340679781,103.7696102
597839,1.34264964,103.7728539
638869,1.322118124,103.6371988
596347,1.34354521,103.7747924
668601,1.359750637,103.7623714
277868,1.329115366,103.7927538
596373,1.344992912,103.7729156
588542,1.341219686,103.7826926
629820,1.333759499,103.704634
729137,1.417993077,103.7506232
599375,1.333391576,103.7694969
658626,1.371215322,103.7520579
598542,1.344341717,103.7665204
679665,1.372602668,103.7695179
637486,1.300295797,103.6240493
599555,1.322696651,103.7734188
738021,1.415582084,103.7568618
629032,1.326863548,103.6772926
609295,1.298133788,103.7459986
681604,1.397442869,103.7451372
644668,1.341257872,103.7030009
121336,1.316429032,103.7690228
650259,1.350858597,103.7597611
668772,1.359339306,103.7617767
588144,1.347918386,103.7705764
689409,1.377417394,103.7580463
648804,1.352193219,103.7005742
739797,1.416571356,103.759635
589465,1.335589183,103.7857667
276597,1.320785689,103.7903097
589619,1.333065264,103.7903671
269514,1.32301689,103.8038449
650340,1.363142012,103.7495411
679853,1.37159596,103.7696222
119329,1.280241474,103.7901147
629574,1.313378041,103.6639726
126893,1.310777033,103.7551801
128250,1.307943794,103.7562953
129259,1.319014151,103.7577735
119349,1.279427299,103.7897221
267279,1.324873565,103.7990749
279022,1.314217187,103.7845515
680306,1.384956725,103.742878
118741,1.292078338,103.7701675
266692,1.321245474,103.8010285
128954,1.322154355,103.7566085
117434,1.291354404,103.7725351
288471,1.327865413,103.8100752
119136,1.281080926,103.7874587
128175,1.308492012,103.7637846
278241,1.310785661,103.7976366
278739,1.308730525,103.801102
718923,1.419263273,103.6966559
267270,1.325810682,103.7988023
688283,1.390512323,103.7521133
658604,1.371253557,103.7528668
598288,1.333900532,103.7807252
127446,1.294118919,103.7674049
596689,1.340592405,103.7699759
589131,1.339384839,103.7847596
609291,1.299568001,103.7473587
127211,1.314621083,103.7566532
648733,1.351671477,103.6998535
619157,1.320407267,103.7108847
268296,1.317109812,103.7949237
739505,1.436141067,103.7537174
110002,1.285995663,103.7784135
596780,1.338200989,103.7644356
668953,1.359009455,103.7617631
637603,1.29844176,103.6272618
699001,1.383994718,103.7280059
629537,1.313028784,103.6607432
629376,1.314653092,103.6620245
279178,1.312884337,103.7845202
267863,1.31361851,103.7978278
597469,1.325087207,103.7672053
739535,1.433807822,103.7565375
286750,1.328807305,103.806034
669445,1.354044118,103.7590852
598474,1.343649414,103.7674403
118630,1.284785695,103.7807655
739701,1.415691773,103.7588956
287369,1.328346479,103.8096112
266351,1.323234751,103.7997646
117427,1.291725818,103.7725989
266268,1.326392241,103.8065482
637310,1.31586686,103.6301294
639375,1.326945165,103.6524964
118696,1.289471283,103.7752307
287922,1.334249239,103.8000019
286856,1.336492362,103.8061918
677861,1.371630793,103.7728748
599854,1.334599814,103.7727887
118254,1.290607013,103.7890666
671638,1.388441738,103.7610453
629024,1.329427346,103.6716786
598610,1.34152721,103.7717192
119793,1.279380684,103.789046
589160,1.341108917,103.7850897
640661,1.335334467,103.7049508
597305,1.326303479,103.7666431
599655,1.34224909,103.771344
688561,1.3912263,103.7514947
278218,1.310965598,103.7986158
287571,1.330475377,103.809558
648528,1.353060291,103.6993804
597331,1.328568022,103.767363
266425,1.319416868,103.806428
679910,1.381638133,103.7646763
268200,1.317455222,103.8031614
268119,1.320460514,103.8070336
287518,1.326382394,103.8097456
139253,1.305233585,103.7875054
637648,1.293985554,103.6364481
609204,1.311463284,103.7309446
279701,1.331939619,103.7918983
637261,1.318157902,103.6289823
618822,1.33542168,103.7114282
669024,1.359819994,103.7596775
688781,1.391854546,103.7512279
688485,1.392328477,103.7502766
287451,1.33076674,103.8082354
638417,1.324168472,103.6314711
269150,1.32347619,103.8020239
118894,1.282753826,103.7853476
287774,1.331605956,103.7987928
618650,1.337942269,103.7251675
129170,1.322983362,103.7561814
738000,1.417680793,103.7572304
119119,1.280740197,103.7874435
119118,1.280698145,103.7874082
118662,1.288983457,103.7768687
278231,1.310899111,103.7979579
287316,1.329242657,103.8087444
681817,1.376607572,103.748546
628604,1.327098268,103.6987286
648542,1.353274922,103.6990705
637665,1.351577786,103.6894058
287199,1.331502679,103.8098719
638051,1.307115966,103.6296983
596786,1.338229434,103.76461
669452,1.354550419,103.7590195
596755,1.338991603,103.7643932
118077,1.278097126,103.7901207
598577,1.339934857,103.7747452
119117,1.280407852,103.7871594
276790,1.318026808,103.7806511
650255,1.350145671,103.7584653
639585,1.333114338,103.637017
639409,1.321597727,103.6567156
619331,1.306483861,103.7200814
278011,1.311018403,103.7968035
588183,1.345177024,103.7733898
289501,1.331641338,103.8070825
729040,1.419300129,103.7466834
596922,1.337743132,103.765147
689407,1.377474046,103.7581511
599270,1.334472862,103.7689481
598194,1.334880083,103.7712573
287465,1.32948339,103.8094601
669843,1.358971809,103.7577434
276377,1.310420026,103.7982673
149154,1.291015774,103.8063999
629543,1.316270575,103.6613814
279386,1.323407921,103.7877123
597884,1.343539458,103.771336
286948,1.336431568,103.8056805
276158,1.326081758,103.7840638
598644,1.343737475,103.7702674
729331,1.410127096,103.7512906
128331,1.309097722,103.7560963
119535,1.280071333,103.7911621
149305,1.297115527,103.8084946
287180,1.33080613,103.8095203
588332,1.34099862,103.7858497
276734,1.332030491,103.7911555
596760,1.338644478,103.764396
278892,1.31397222,103.7796793
266815,1.320297818,103.7898451
669017,1.360714445,103.7598232
269209,1.324354773,103.8029516
269210,1.324354773,103.8029516
277600,1.330190326,103.7936392
669092,1.360507233,103.7601549
628770,1.328753206,103.6902133
268540,1.323603403,103.7945238
269373,1.322362806,103.8003553
278982,1.311330385,103.795582
599819,1.334781827,103.7723404
119579,1.279905078,103.8014221
279045,1.315174059,103.7832701
279492,1.323786134,103.7867525
637717,1.340634128,103.6798592
678801,1.360640336,103.7681414
269281,1.320871202,103.7952446
728872,1.427561019,103.7485776
678931,1.372189471,103.766253
738042,1.416637907,103.7571119
276262,1.312961442,103.7807778
128187,1.308597393,103.7641595
278546,1.310778048,103.8014864
638267,1.337682796,103.6907958
651441,1.356105485,103.739003
654293,1.34502077,103.7552859
599421,1.335356033,103.7696361
276864,1.314290113,103.7847862
650631,1.34971948,103.7509687
119958,1.277281391,103.8020841
739521,1.436272161,103.7538886
648340,1.339785704,103.7049562
678946,1.373706041,103.7650913
669943,1.357531778,103.7588082
599711,1.34516168,103.7716019
678904,1.372277036,103.7653825
127924,1.316179985,103.7566015
668219,1.374779327,103.7585293
669850,1.358306202,103.7576859
121107,1.322125918,103.7700694
127494,1.315742562,103.7543924
129495,1.319581166,103.7565466
288994,1.334363183,103.8075878
598854,1.340956134,103.7655111
119016,1.286909631,103.7929537
629622,1.317677407,103.6777786
729935,1.406319354,103.7595805
668105,1.375962304,103.7577528
680571,1.393950952,103.7449276
129522,1.31759371,103.7581341
619615,1.311060946,103.7159133
117931,1.278707348,103.7904955
678894,1.372154245,103.7650203
269147,1.32337432,103.802454
277437,1.320709502,103.7891697
629382,1.315016237,103.6623491
678125,1.37258227,103.7633122
119546,1.279862697,103.7906928
609035,1.304685854,103.7375616
277114,1.318198832,103.7788979
596288,1.335755965,103.7821104
276140,1.325777969,103.7846744
596337,1.343274864,103.7748515
276622,1.319716785,103.7888954
618364,1.339128475,103.7170437
587914,1.344213673,103.7882792
628991,1.325313199,103.669269
276304,1.33233167,103.7882218
628856,1.330200747,103.68976
658573,1.369619027,103.7508931
637552,1.298676788,103.6264991
589212,1.34282543,103.7851916
639126,1.32760166,103.645805
276845,1.315125858,103.7835903
128050,1.297436971,103.7655473
118689,1.289736005,103.7762095
677953,1.397569281,103.7544008
120327,1.313983252,103.7665331
648396,1.352613033,103.6996433
275783,1.32425533,103.7927328
275794,1.323964307,103.7857241
670511,1.387813532,103.7684399
279051,1.314719061,103.7830188
267242,1.324850637,103.7965749
648565,1.353688323,103.6981304
159959,1.288410299,103.8042747
619934,1.334440993,103.7131527
269814,1.321471585,103.7988242
689577,1.395963196,103.7508203
599411,1.335314292,103.7690809
118970,1.292280396,103.7720386
266915,1.323354057,103.8083835
597092,1.324029572,103.7662984
276539,1.326530061,103.7929211
278684,1.331289329,103.7903092
688279,1.390488796,103.7522186
596619,1.337526205,103.7660442
679384,1.372490388,103.7706216
729560,1.430818446,103.7476079
138679,1.304418935,103.7834642
588184,1.345412466,103.7730093
289674,1.324963378,103.8103171
269021,1.321963651,103.8065259
267232,1.32458817,103.7966426
628394,1.295542089,103.6667519
638823,1.326411282,103.6398047
648927,1.341837508,103.7183525
588908,1.340784078,103.779798
266555,1.319232379,103.8033012
679243,1.369284883,103.7687266
658359,1.370069386,103.7517282
599081,1.337086814,103.7676784
639596,1.326991239,103.6417226
597762,1.343257255,103.7725622
588666,1.335081749,103.7879043
668177,1.377386995,103.7573394
599916,1.336891432,103.7736664
659919,1.351658265,103.7560243
117575,1.299548757,103.7706687
698814,1.361888398,103.7402478
627888,1.262407152,103.6962596
618369,1.339480594,103.716963
278465,1.308336017,103.7991038
269452,1.321554251,103.8073724
598389,1.344734527,103.7673744
598824,1.33990214,103.7649713
629526,1.310222958,103.6645097
618354,1.338929955,103.7171391
600246,1.341776588,103.7400573
679302,1.369901926,103.7694906
588779,1.335695545,103.788354
127528,1.316437103,103.7545677
117448,1.288345032,103.7771052
117449,1.288422803,103.777143
129017,1.320960807,103.7563958
597176,1.324439518,103.7681076
588286,1.337363993,103.7863188
143083,1.304914142,103.8010411
267466,1.324456671,103.7946481
129373,1.319209491,103.7589133
127747,1.312970297,103.7581597
289049,1.336145197,103.8077831
678127,1.372664929,103.7633001
588793,1.336272818,103.7879533
117708,1.285046003,103.7806484
588137,1.346813652,103.7706205
618804,1.330016044,103.7088573
266371,1.319114126,103.8065888
599827,1.334940313,103.7725517
129341,1.318370693,103.7585612
669629,1.355955845,103.7616692
287923,1.334143653,103.8002635
139959,1.296488099,103.790229
629592,1.318754184,103.6638429
629124,1.305297593,103.6971285
279146,1.313038885,103.7841746
287526,1.328043781,103.8089324
596257,1.33549739,103.7707122
596310,1.342226676,103.7747381
288685,1.33119579,103.8030873
286796,1.329450552,103.8054947
286795,1.329425056,103.8055401
659632,1.34608682,103.7509343
597337,1.329824955,103.7673259
677774,1.373714429,103.7718149
648513,1.353235043,103.6997206
629924,1.313189674,103.679218
628571,1.326168708,103.7027027
267172,1.323096035,103.7978079
268133,1.318921435,103.8072536
729653,1.403094361,103.7542387
648120,1.347710089,103.703728
119148,1.28074912,103.787922
279643,1.329501008,103.7899806
678823,1.360316061,103.7678293
286941,1.33639143,103.8054157
598611,1.341575466,103.7716647
668194,1.376027499,103.7563689
287317,1.328459088,103.808302
638976,1.318318432,103.6462061
637766,1.3030314,103.6317514
279750,1.323404291,103.7837973
638932,1.318398364,103.6398234
129050,1.321464727,103.7567751
129093,1.32097684,103.759048
598016,1.337800481,103.7696237
269801,1.320892894,103.7986494
287538,1.330025172,103.8098246
117696,1.283051855,103.7859023
680419,1.381925769,103.7415605
737958,1.416489197,103.7555841
679043,1.365298282,103.7696196
688627,1.392054237,103.7518085
688446,1.39040701,103.7500057
679794,1.371389977,103.769293
118634,1.285929054,103.780025
289397,1.332951441,103.807749
639268,1.330956879,103.6448027
618303,1.324349161,103.714711
609928,1.325230493,103.7489569
596558,1.337111612,103.7712675
628771,1.328301369,103.6898022
267806,1.323793964,103.7928304
277620,1.328819081,103.7929207
268895,1.322553114,103.8116676
650248,1.350258841,103.7566047
669608,1.356287143,103.7597838
277844,1.329475724,103.7941682
690109,1.35286403092511,103.736252950313
596521,1.337562426,103.7714565
288964,1.332861631,103.8079733
599811,1.334743208,103.7719891
127369,1.303143897,103.7647144
118259,1.288279026,103.7905457
276356,1.311002897,103.7989242
628508,1.311936666,103.6571075
589134,1.339673574,103.7852192
597390,1.325820292,103.767086
126793,1.298195797,103.7646116
670245,1.380532248,103.7721414
668331,1.375941396,103.7594464
289287,1.334287964,103.8049569
289018,1.333874133,103.8083145
287742,1.327890109,103.8087529
677961,1.397134895,103.7533723
718848,1.424372301,103.7064446
619198,1.32932632,103.7164454
266444,1.320107273,103.8063321
127587,1.314561467,103.7577942
638367,1.331946341,103.6767913
739635,1.416244139,103.759295
289844,1.33389914,103.8102548
279748,1.322869092,103.7831307
689395,1.377756771,103.7579128
287907,1.333646173,103.799768
589088,1.336281333,103.7852005
677699,1.370263085,103.7736654
648288,1.351500092,103.6975961
680692,1.39978928,103.7513161
598101,1.335763815,103.7669124
268529,1.323093364,103.7955034
119411,1.274602439,103.7951527
127427,1.312025519,103.7566176
119714,1.279902252,103.7878121
639520,1.332919143,103.6474216
739484,1.433564,103.7542747
267672,1.325077734,103.795069
597831,1.342631565,103.7731849
276209,1.313290581,103.7821484
119551,1.279988854,103.7904531
637639,1.299251491,103.6259043
628714,1.331609096,103.702125
275962,1.326201153,103.7911207
648500,1.352570815,103.7000561
650256,1.350850379,103.7583784
266839,1.316696749,103.7908715
267050,1.315400265,103.7919383
269142,1.323870664,103.8023645
277187,1.314993062,103.7801589
669001,1.360053465,103.7601503
127511,1.316303906,103.7543002
127263,1.314208489,103.7576845
589145,1.340139563,103.7846821
278694,1.330421511,103.7896967
637268,1.317893108,103.6296922
639310,1.329378811,103.6512894
288604,1.334410044,103.8023168
638529,1.336963118,103.6380217
688441,1.390731305,103.7501732
627947,1.332417356,103.705132
677669,1.36555402,103.7710632
287795,1.333387327,103.7997865
266169,1.322030587,103.8029648
658582,1.370109393,103.7507127
288658,1.336838269,103.8044797
117750,1.277051637,103.7927237
279929,1.318783108,103.7852259
679446,1.369792561,103.7717055
127470,1.316518937,103.7526428
117482,1.28783491,103.7783433
688585,1.39137497,103.7508279
278735,1.309649563,103.8008705
119030,1.292524084,103.7687102
688364,1.3898732,103.7523688
289617,1.325617485,103.8092034
637808,1.297380852,103.6253779
119219,1.294204191,103.7786512
679548,1.37088275,103.7654586
596841,1.338712779,103.7654934
678923,1.372094494,103.7659689
659166,1.350227426,103.7384331
600374,1.349612394,103.732548
267790,1.322778709,103.7930013
689670,1.387616688,103.7447485
119036,1.292606991,103.7687797
589455,1.335157963,103.7871079
650632,1.349412183,103.7505387
668338,1.376018116,103.7587992
637679,1.292065655,103.6247563
277905,1.328187099,103.79369
658274,1.368349097,103.7513406
627678,1.333584263,103.7037585
627679,1.333506592,103.703758
629836,1.334283481,103.7040847
126898,1.312629528,103.7557849
658409,1.370323545,103.7527453
266776,1.317977561,103.8066504
269693,1.322960492,103.81185
589451,1.33500581,103.7874828
288108,1.337995134,103.7906475
638524,1.33755574,103.638577
277857,1.329865661,103.7931916
677984,1.397803062,103.7540607
278986,1.311516777,103.7954939
587975,1.348923937,103.7718383
618382,1.339405343,103.7174833
119548,1.279915151,103.7905956
288935,1.330202667,103.8075718
276537,1.326771069,103.7930657
638089,1.310411696,103.6295722
648544,1.353306657,103.6990247
678622,1.367298882,103.7696173
658275,1.368397825,103.7513195
609264,1.29925292,103.7546353
598086,1.336912233,103.7654023
628746,1.331719033,103.6918461
599796,1.334652545,103.7713475
629464,1.316758927,103.6732047
289303,1.33504001,103.8050011
680452,1.380311304,103.735332
682486,1.375252428,103.7380285
267128,1.326264659,103.7946807
638362,1.332350268,103.6873903
638363,1.332350268,103.6873903
129467,1.319252474,103.7572102
638789,1.318220305,103.6498519
637629,1.3001183,103.6271589
669003,1.360059707,103.7599888
597128,1.326442671,103.7651756
639171,1.324194152,103.6495596
128091,1.31378606,103.7572381
649930,1.342840138,103.7128584
269643,1.314255813,103.7996995
266122,1.322524548,103.802884
288853,1.331250306,103.800131
276534,1.326746586,103.7935976
639042,1.334416905,103.644591
267222,1.324209944,103.7963878
688368,1.389896726,103.7522636
267395,1.325134676,103.7931251
287841,1.332048685,103.7990393
638127,1.311467888,103.63034
268542,1.323826795,103.7947014
138537,1.298028978,103.7914953
597803,1.344114868,103.7723583
279916,1.32017657,103.7843743
619974,1.329456646,103.7197843
658725,1.339580927,103.7614126
128731,1.308215707,103.7636383
599400,1.33528267,103.7684491
678023,1.397030158,103.7538461
588139,1.34746697,103.7704818
688321,1.390753109,103.7510387
588553,1.341833996,103.7824103
588823,1.338053208,103.7863453
689673,1.387590576,103.7454422
637563,1.299464646,103.6272806
729675,1.408601842,103.7469284
287867,1.33335194,103.8002991
669248,1.353809697,103.7572812
668324,1.376708386,103.7596632
287943,1.334289989,103.8014465
118710,1.290125997,103.7736604
117697,1.283206763,103.7858446
266782,1.322827216,103.8116029
118408,1.293579327,103.7774832
276815,1.317503528,103.7811781
599504,1.324360003,103.7732524
119015,1.286861048,103.7929735
119000,1.287461487,103.7935701
119037,1.292648947,103.7688145
119792,1.279421107,103.7890787
266382,1.318297227,103.8055968
659550,1.338795093,103.7554825
679003,1.383334047,103.7694081
589050,1.337613439,103.7850522
289407,1.33360293,103.807134
627894,1.254467851,103.7041775
598434,1.342863765,103.7678495
718899,1.443275101,103.7308928
269942,1.319680215,103.7929
139951,1.296781238,103.7867569
266936,1.322985971,103.8075813
671466,1.387207399,103.7734796
668625,1.360303029,103.761602
629494,1.316376244,103.6668248
118732,1.290784997,103.7709937
658686,1.37143725,103.7522875
639514,1.329997579,103.6515573
729640,1.3987923,103.7538274
678143,1.37319658,103.7631752
278419,1.310153736,103.7989271
628579,1.323703063,103.7007638
596584,1.337053369,103.7646843
677828,1.37189791,103.7734845
589133,1.339482715,103.7848109
598268,1.336778721,103.7755256
597842,1.342337477,103.7727956
659801,1.352120891,103.7567048
728771,1.40733529,103.7486165
596783,1.338693275,103.7646475
588176,1.341800186,103.7762594
289289,1.33451084,103.804957
648684,1.352239537,103.6991462
596472,1.32179959,103.7732834
728951,1.424027817,103.7481467
120210,1.323293222,103.7625641
628646,1.325035306,103.6845132
627568,1.312861433,103.7003929
618464,1.340764495,103.7190674
588285,1.337298046,103.7863306
650276,1.347783969,103.758436
597971,1.343470807,103.7726466
728662,1.432395946,103.74925
128082,1.314432886,103.7564215
596552,1.33740639,103.7712884
609206,1.310678064,103.7285165
729656,1.404403277,103.7545835
589096,1.336784052,103.7852301
266747,1.321163412,103.8095754
609267,1.301048584,103.7522867
277867,1.329211018,103.7927991
596408,1.345154327,103.7711853
276486,1.329233835,103.7951516
277884,1.32898455,103.7923102
689045,1.377104454,103.7449008
689716,1.395142542,103.7470914
599172,1.333900199,103.7675681
286956,1.33620089,103.8056053
267669,1.3254749,103.7951237
589922,1.341907249,103.7867332
680286,1.379610451,103.7415307
598982,1.336738275,103.7683443
596389,1.34519086,103.7721654
648810,1.352306002,103.7004116
597861,1.342857121,103.7716591
639656,1.352287108,103.6880111
287656,1.32801124,103.8068201
268142,1.318929569,103.8066961
689096,1.397644966,103.7504948
668603,1.359802395,103.7622599
277818,1.329777402,103.7940232
267387,1.324927284,103.7934505
588236,1.336063484,103.7860558
668979,1.359526067,103.7610549
269334,1.321724955,103.7972897
638025,1.305207285,103.6289888
596946,1.338146315,103.7654018
141064,1.299170027,103.7968974
698938,1.387545277,103.7226798
691125,1.359644634,103.735062
641238,1.341697859,103.7103493
596748,1.34123654,103.7677435
737889,1.433271345,103.767035
117585,1.297626406,103.7727817
598431,1.343306428,103.7688468
269211,1.324354773,103.8029516
598792,1.339946884,103.7660216
128142,1.308203145,103.7627841
110020,1.284705957,103.7770048
277774,1.330409719,103.7935112
680427,1.380884194,103.7397635
159957,1.290583531,103.8047276
120340,1.318728754,103.7700713
287618,1.332326594,103.8103253
639582,1.323449431,103.6444609
619165,1.308706202,103.7074735
648869,1.351091755,103.7010572
597881,1.343969214,103.7717668
619930,1.334207712,103.714774
618688,1.332920461,103.7164163
267171,1.323599533,103.7978708
266845,1.316852063,103.7910311
129305,1.319353644,103.7586285
598102,1.335746411,103.7668389
729047,1.420022126,103.7464689
609272,1.300033991,103.7523341
128086,1.314330923,103.7564864
688754,1.390024899,103.7507453
286971,1.336177246,103.8054487
269144,1.323641663,103.8024065
269795,1.320253624,103.7978813
670107,1.377984697,103.7667147
610330,1.337667461,103.7241548
637560,1.299753742,103.6265319
677933,1.396194327,103.7535461
127910,1.315353851,103.7573262
648709,1.351658579,103.6982448
277874,1.328730596,103.7921572
599119,1.334465847,103.7674811
118204,1.277937231,103.7897548
739428,1.43445314,103.7495538
739783,1.416911436,103.7581116
629969,1.320045197,103.6883877
127761,1.313072442,103.7586177
276730,1.331946528,103.7913888
669561,1.36167971,103.765637
128964,1.321901788,103.7558757
668965,1.359263443,103.7614407
719030,1.419745529,103.7095199
277960,1.317401846,103.7866032
287361,1.328912702,103.8092315
739557,1.436345665,103.7575789
118661,1.289003834,103.7768113
119131,1.281186474,103.7873194
266975,1.323264311,103.8086183
275931,1.326477015,103.7910334
650443,1.356141744,103.7372918
275927,1.326477015,103.7910334
286686,1.328499845,103.8056273
286685,1.328472055,103.8056733
267311,1.32562099,103.7953885
266967,1.324014953,103.8091203
278230,1.310741736,103.7983276
669182,1.354094303,103.7597426
627890,1.256938065,103.7007055
289280,1.334069418,103.8053077
128719,1.308104223,103.7632698
728682,1.41005986,103.7455194
628630,1.323391138,103.6906493
286767,1.329307738,103.8052793
276600,1.320435001,103.7892461
122462,1.311452461,103.7660649
266666,1.327542834,103.7993929
629314,1.319490034,103.668834
596406,1.345188888,103.7712349
276625,1.319566833,103.788787
289275,1.333610338,103.8049144
598009,1.338313018,103.7707169
289296,1.334848036,103.8053359
648872,1.350714823,103.7011426
596119,1.336681264,103.7667559
119595,1.291431556,103.7782987
638254,1.338242826,103.6915082
276652,1.318926065,103.7888884
276485,1.329306157,103.7949485
267749,1.321194345,103.8110708
589094,1.336550008,103.7852041
268068,1.322266507,103.8098868
277446,1.319251168,103.7878806
279007,1.314873003,103.783522
689024,1.377232882,103.7457018
270032,1.306184893,103.7968812
271001,1.309219378,103.7967324
271004,1.307968264,103.7956465
278159,1.309770266,103.7987509
288910,1.328955531,103.8071153
118680,1.289038968,103.7764986
119094,1.279365352,103.7867629
278244,1.31053406,103.7978886
678897,1.371802527,103.7651111
597095,1.324412981,103.7666641
588142,1.347686002,103.7707277
599707,1.345001066,103.7713795
127271,1.314673646,103.7574095
597057,1.34237368,103.7741339
669648,1.370130732,103.7625113
729669,1.408672737,103.7492685
119378,1.278499355,103.7900327
597138,1.327105431,103.7656184
121441,1.314639131,103.7647977
287295,1.329122303,103.8083087
269788,1.318554832,103.7969151
639104,1.32791118,103.639516
719765,1.44163848,103.7143683
609185,1.307587763,103.7390478
287544,1.330157561,103.8098633
267629,1.326632455,103.7976458
618332,1.339268006,103.7176679
596457,1.337190979,103.7686085
119146,1.280805388,103.7878238
128037,1.299295759,103.766403
649075,1.347613071,103.6947693
629888,1.298129147,103.6777787
679331,1.367783589,103.7681074
268390,1.322385998,103.7935411
277349,1.317701866,103.7826676
149736,1.305718979,103.7951582
668877,1.359042899,103.7605646
598902,1.335222444,103.7661018
648489,1.350789159,103.6991804
276948,1.316607343,103.7809081
729458,1.418526091,103.741408
739668,1.417276599,103.7601764
279685,1.326439944,103.7915747
679807,1.37035535,103.7684535
648420,1.353031119,103.6990329
629981,1.319129979,103.6913044
129046,1.321557125,103.7570566
140048,1.293802603,103.8077892
637756,1.313299169,103.6307569
128384,1.310625264,103.7511419
597564,1.346239543,103.7646717
597326,1.327992231,103.767386
117659,1.280362244,103.7899044
129359,1.318928523,103.7586043
637055,1.24502887,103.6141717
628286,1.262343129,103.7200767
279089,1.31277164,103.7835646
268383,1.321437808,103.7933829
289241,1.331739662,103.806017
619033,1.327376314,103.7119091
637871,1.298977711,103.6302528
669457,1.354858989,103.7589713
127972,1.316067567,103.7569885
677798,1.37260433,103.7734273
729035,1.418736744,103.7488965
276670,1.324540587,103.7927013
589213,1.343284864,103.7858765
728670,1.434676464,103.7453018
638024,1.30565938,103.6291565
639376,1.32659165,103.6534429
628089,1.331506456,103.7002864
278008,1.310962285,103.7969822
739836,1.415926068,103.7569992
739834,1.415834711,103.7571119
658361,1.370071676,103.7517844
658363,1.370074821,103.7518359
680701,1.391653945,103.7462207
289935,1.331792799,103.8114996
629911,1.305890883,103.675633
670105,1.378312421,103.7677633
678004,1.398274363,103.7535241
639222,1.32690446,103.6469845
618329,1.339035613,103.7179488
688699,1.390828805,103.7527467
118840,1.281952654,103.7863575
279782,1.332125737,103.7908671
269970,1.322973392,103.7938878
628455,1.325276886,103.6961494
658276,1.368448545,103.7512975
688628,1.39173855,103.7517963
117550,1.295467181,103.779774
690241,1.360221583,103.729901
639468,1.337979881,103.6377646
596691,1.340515624,103.7699426
277780,1.330357909,103.793017
618424,1.340228399,103.7177641
597795,1.344062089,103.7725947
598047,1.336212112,103.7676339
266554,1.319547937,103.8022668
629562,1.313036543,103.6743911
677747,1.372649329,103.7726496
597316,1.32710612,103.7671167
276840,1.315697319,103.7835577
277009,1.315667033,103.7859417
689034,1.377156665,103.7453826
127394,1.31160001,103.7581216
118916,1.291916727,103.7713402
278579,1.312582774,103.797493
659203,1.362865502,103.7436306
588907,1.340604817,103.7801871
588819,1.337581383,103.7864968
269572,1.322465584,103.8060677
149554,1.305994056,103.7970639
678080,1.360263175,103.7675205
638528,1.337078906,103.6381365
140021,1.29327775,103.799918
134028,1.306083152,103.7824724
279266,1.322113416,103.7848336
638671,1.321387158,103.6577425
609205,1.307002451,103.728847
149168,1.290387912,103.8062107
276502,1.327784235,103.7933694
288024,1.347402622,103.7901615
618484,1.339575257,103.7187249
679841,1.370484477,103.7697435
638893,1.322494136,103.6420222
599122,1.335168925,103.7674175
639404,1.319410691,103.6594406
629678,1.315819551,103.6672818
588134,1.346020517,103.7714716
627945,1.332207367,103.7051794
648375,1.352273038,103.6994732
119424,1.274227725,103.7946585
128969,1.321792126,103.7553312
598298,1.334870959,103.7788923
688700,1.390771059,103.7527547
609964,1.3274754,103.7535647
650365,1.360871521,103.7486445
268578,1.324076299,103.7932536
117665,1.290051978,103.7766295
729052,1.420948081,103.7488627
678763,1.357812581,103.7684175
637627,1.300213538,103.6269065
688745,1.389908092,103.7512574
688651,1.392920742,103.7524079
598090,1.336878238,103.7652187
678817,1.359745446,103.7678475
598196,1.334911892,103.771386
278247,1.310742758,103.7974488
618405,1.339785075,103.718518
668768,1.359538324,103.7621447
286752,1.328864353,103.8059436
628592,1.325597509,103.7018208
128078,1.314536739,103.7563562
129303,1.319440496,103.7587179
127393,1.311470739,103.7580864
279010,1.314426463,103.7835676
119508,1.277825698,103.7915086
129579,1.312484934,103.7710759
276135,1.326089118,103.7849567
637582,1.314734698,103.6282819
688502,1.392188995,103.7513646
729144,1.417356069,103.7474685
589962,1.336699207,103.7857792
287070,1.33695989,103.8047916
599325,1.334817511,103.7703149
596885,1.341296187,103.7699708
118115,1.278255285,103.7907118
638061,1.307376358,103.6289993
287916,1.33417909,103.8001248
287771,1.331203926,103.7982365
599252,1.334572055,103.7699691
608552,1.316067413,103.7321366
139472,1.304795805,103.7771749
139151,1.304266996,103.7765952
288623,1.331739031,103.8033634
648388,1.352457325,103.6998401
680545,1.393487998,103.7433975
648591,1.354135864,103.6985196
618342,1.339103743,103.7174127
118848,1.282545131,103.7859361
588730,1.335757259,103.7876499
268319,1.316864543,103.7932966
628428,1.304222795,103.6541421
276432,1.325503378,103.7922
118552,1.276457737,103.7923548
139947,1.293142944,103.7881385
127851,1.313635252,103.7559554
598755,1.340175591,103.7665398
629573,1.314080138,103.6651933
629593,1.318809265,103.6624724
680417,1.382964984,103.7415781
658614,1.371234874,103.7524885
267247,1.325543629,103.7962409
289133,1.332967397,103.8059408
267555,1.327367318,103.7945024
269831,1.319632743,103.7985504
637126,1.311776074,103.6326779
619938,1.333287005,103.7142691
618682,1.331688575,103.7168896
269608,1.323601306,103.804669
629496,1.31641108,103.6661825
140201,1.289191568,103.8014999
119157,1.280069816,103.7886982
288912,1.328997333,103.8071477
138616,1.307303938,103.7731101
596757,1.338819296,103.7643673
628288,1.273982106,103.7106328
118877,1.282128638,103.7848944
597945,1.34448199,103.7733417
639605,1.324857068,103.6440635
599227,1.334688923,103.7688222
599319,1.33420696,103.7703666
278045,1.308977778,103.7983527
128589,1.305760087,103.7667538
275855,1.326899979,103.7903377
628576,1.324913557,103.701897
628738,1.331625819,103.6951294
669898,1.357876226,103.7599413
678548,1.359613335,103.7683969
637743,1.301270139,103.6279245
118642,1.286533997,103.779331
277115,1.317344923,103.780979
129814,1.327972274,103.7632746
139743,1.3033743387871,103.790161846932
609382,1.303434633,103.7512653
596170,1.354955243,103.7647393
279595,1.3240318,103.7869918
637537,1.318392704,103.6324502
277779,1.330220093,103.7930032
278353,1.315677147,103.786882
267801,1.32343087,103.7930849
659539,1.34131912,103.7510123
610176,1.332969017,103.7208138
268904,1.321904982,103.8116166
628465,1.326831816,103.6956066
637254,1.318300664,103.629381
679327,1.369509277,103.7687013
278390,1.316286513,103.7874109
287944,1.334640844,103.8008699
648878,1.35071099,103.7013052
628171,1.325976506,103.6920188
118555,1.277368297,103.7908088
267526,1.326496162,103.7964866
276302,1.332152747,103.7873507
677777,1.373684325,103.7722743
128723,1.308134611,103.7633752
267458,1.324143007,103.7953155
118722,1.291554381,103.7723799
288862,1.330700425,103.8006049
118200,1.278100061,103.7894147
618383,1.339703821,103.7173089
638592,1.33433442,103.6383578
629089,1.328074072,103.6748106
279663,1.327656543,103.791008
688634,1.39178595,103.7515859
128252,1.307879022,103.7562067
688337,1.390861574,103.7505881
718862,1.435298886,103.7145891
287048,1.336013682,103.8049705
680662,1.401474823,103.7507914
628074,1.328861251,103.701251
278772,1.315117392,103.78221
596488,1.337939294,103.7705793
648867,1.351092361,103.7010023
129128,1.319961164,103.7595819
598809,1.340231166,103.7653661
277304,1.318026546,103.7834
639001,1.325101782,103.637016
267336,1.324404284,103.7972377
118534,1.275685745,103.7942666
619113,1.314991445,103.7184368
278686,1.33224435,103.7907346
637889,1.298317858,103.6320222
648429,1.353326989,103.6986046
618380,1.339377325,103.7174387
688799,1.381053334,103.7536302
648644,1.353064111,103.6979614
641414,1.353095337,103.7258762
678886,1.372076282,103.7647904
599807,1.334800637,103.7718504
669018,1.360793402,103.7598252
596811,1.338382098,103.7655202
637844,1.310599217,103.6324633
117885,1.278904518,103.7864524
118933,1.292293104,103.7716492
627788,1.308697314,103.6741498
637611,1.298548571,103.6269004
596805,1.338355829,103.7652812
659250,1.352735766,103.7529865
609480,1.346115482,103.733587
669964,1.357524791,103.7574368
268375,1.321759133,103.7932583
588673,1.33553994,103.7876597
588724,1.335692554,103.7879191
129815,1.325462157,103.7624047
277907,1.32816779,103.7935659
279487,1.323347631,103.7865216
118821,1.290070152,103.7763325
268079,1.32136714,103.8095334
267667,1.325397732,103.7952566
629497,1.316421247,103.6659958
588777,1.335512451,103.7884154
629467,1.318028866,103.6722831
589696,1.346487715,103.7878516
608603,1.33777202,103.7522076
289071,1.335630664,103.8079178
276636,1.319525587,103.7893209
637589,1.313350795,103.6274739
689886,1.382920375,103.7493908
608928,1.325561009,103.7396739
127502,1.316065123,103.754091
679125,1.367283122,103.7690235
287119,1.329529648,103.8097445
668214,1.374657894,103.757837
637670,1.291904409,103.6238499
117613,1.292626734,103.7695825
287542,1.330092633,103.8098443
739705,1.415578472,103.7583671
600054,1.321598465,103.7369231
279289,1.322000878,103.7861822
119303,1.277776081,103.7911318
639371,1.326465975,103.6516978
267894,1.316367246,103.7944686
599635,1.341807203,103.7719954
699798,1.372365299,103.701965
698946,1.380906565,103.7223212
288451,1.326786323,103.8107546
288504,1.326751756,103.8102499
670148,1.375918707,103.7661918
267521,1.326821562,103.7972069
117586,1.287158829,103.7829895
279742,1.325059463,103.782588
729049,1.420408205,103.7468867
648416,1.352939741,103.6991688
128356,1.308716966,103.7555568
688372,1.389920273,103.7521583
266870,1.318452124,103.7897858
692114,1.354805318,103.7338392
691112,1.354329404,103.735169
117656,1.280016082,103.7897544
127597,1.31481144,103.7576284
287798,1.333048345,103.8000317
588606,1.33655284,103.7890918
288649,1.335415359,103.8047107
289250,1.332050816,103.8057571
628174,1.325483786,103.6921065
639658,1.352291943,103.6878118
628598,1.326782337,103.7003676
650155,1.34791303,103.7434954
588741,1.335971316,103.7870766
117392,1.281224132,103.7848028
629429,1.31509117,103.6600631
598110,1.33612544,103.7667505
269197,1.324394617,103.8046325
119790,1.279518364,103.7891303
668788,1.359916566,103.761622
627531,1.311954964,103.7002006
278439,1.30918695,103.7994601
288653,1.336052797,103.8046168
118691,1.289283448,103.7758096
597696,1.342751374,103.7718578
127770,1.312856741,103.7591659
637496,1.314115092,103.6278017
677786,1.372838216,103.7730757
279588,1.323970129,103.7865792
278551,1.311788084,103.8014942
588910,1.34065554,103.7802313
589630,1.334057388,103.7835672
618316,1.339534314,103.7180515
677686,1.370549895,103.7735023
279116,1.312263546,103.7850555
658413,1.370333923,103.7529626
637340,1.31780262,103.6364122
126815,1.295624184,103.7674338
267391,1.325014096,103.7933066
739667,1.417264019,103.7600125
267484,1.323392096,103.7956794
267431,1.323916804,103.7980695
637805,1.296357691,103.6248903
119749,1.278465305,103.7888298
658652,1.370633412,103.7517016
589214,1.343333723,103.7859405
598211,1.335051968,103.7719545
599670,1.344516113,103.7712585
127738,1.312931022,103.7579139
639504,1.328574439,103.6535463
276762,1.330233883,103.7914393
267519,1.326438046,103.7973535
618294,1.30389031,103.7172132
587853,1.345943865,103.775914
648638,1.353491128,103.6971818
129783,1.311593068,103.7736721
129423,1.319724533,103.7562383
269802,1.320430639,103.7971188
659803,1.352814453,103.7564305
669822,1.358607079,103.7586022
286946,1.336424146,103.805629
267879,1.315610287,103.7970297
288925,1.329926824,103.807542
129306,1.319320662,103.7585749
669050,1.359573725,103.7588849
589171,1.342867892,103.7850652
688658,1.392382521,103.752139
286927,1.336290917,103.8058696
658635,1.37083559,103.7515797
268357,1.322019721,103.7946619
128285,1.310801033,103.7542179
126842,1.295203314,103.7691829
648783,1.352009463,103.7014611
618326,1.339355135,103.7178075
629060,1.324765181,103.668567
597841,1.342655028,103.772787
619037,1.327263738,103.7112465
127324,1.294203351,103.76668
679748,1.372151692,103.7686842
648637,1.353535595,103.6972167
680237,1.379447503,103.7482874
599285,1.333256922,103.767523
638026,1.304784846,103.6288295
118082,1.278392435,103.7903515
117677,1.285793275,103.780138
599355,1.333373159,103.7689034
277979,1.311666334,103.7983991
658681,1.371784802,103.7522503
688740,1.389842164,103.7515517
690321,1.362150292,103.7356382
680238,1.379146259,103.74821
138761,1.300167837,103.794721
138755,1.300516756,103.7938595
267987,1.320133601,103.8060031
652440,1.355138455,103.7382181
651440,1.355226544,103.7387724
268413,1.321326063,103.7913379
628859,1.330352034,103.6889911
597531,1.324206945,103.7656603
138817,1.293927674,103.7970168
277678,1.311396867,103.7951512
688297,1.390603313,103.7517058
587774,1.346194685,103.7767446
658799,1.340368258,103.7614735
599785,1.334631802,103.7710206
668725,1.35958248,103.7582511
679947,1.377600591,103.7724897
269172,1.323241691,103.8007145
269805,1.32113932,103.7993566
598265,1.337581985,103.774033
599177,1.333780365,103.7672373
728780,1.405797002,103.751461
669688,1.377932733,103.759449
596809,1.338345635,103.7654082
629613,1.319756489,103.6748385
729912,1.406529702,103.759319
268912,1.321593344,103.8106538
627881,1.26369769,103.6944377
680609,1.399299663,103.7447194
680620,1.399576662,103.7471003
668114,1.376112517,103.7586473
638615,1.328812397,103.6437136
737964,1.416414517,103.75581
637588,1.314883225,103.6276862
680114,1.378507992,103.7507074
269447,1.322154519,103.808541
648599,1.354262478,103.6983442
267219,1.324155066,103.7964057
119755,1.279889501,103.7887834
668775,1.359359905,103.7617189
669272,1.353018016,103.7571412
128317,1.309256797,103.7563104
679194,1.36683243,103.7686508
119968,1.277389456,103.7994432
119967,1.277785076,103.8007444
268455,1.321929878,103.7908863
128195,1.309083773,103.7649158
638997,1.323661759,103.6386349
640965,1.341341818,103.6924912
629656,1.315819393,103.6739716
596941,1.338111594,103.765219
598795,1.340269082,103.7657671
268283,1.316107719,103.7940093
289406,1.333470945,103.8076034
679635,1.371011064,103.7674376
598093,1.336857957,103.7649785
269217,1.323073786,103.8092134
596834,1.33885137,103.7650321
276638,1.319494506,103.7892816
269940,1.320184065,103.7927758
127181,1.294946508,103.7665229
118004,1.280697145,103.7914011
277055,1.317045852,103.7847994
596797,1.338303955,103.7650405
728867,1.429073287,103.7508719
651628,1.350945372,103.7499446
658319,1.368632242,103.7525094
597472,1.325591995,103.7670188
637822,1.293768135,103.6246913
278868,1.313486378,103.7820919
629620,1.320014402,103.6775448
129310,1.31915802,103.7583886
269121,1.324111528,103.8038068
277098,1.316894052,103.7815475
629857,1.317368182,103.6886057
629595,1.319257788,103.667165
650642,1.349006479,103.7517067
138673,1.302902704,103.7932179
129134,1.321093409,103.7585023
266300,1.322391845,103.7978818
618803,1.329157658,103.7098634
118998,1.287495054,103.7936106
269103,1.324136858,103.8064356
267196,1.323397201,103.7969972
138684,1.305349894,103.7843187
628583,1.325158206,103.7001805
589115,1.337911729,103.7849403
619868,1.335474642,103.7141745
628922,1.333208934,103.6940331
598311,1.333788008,103.7792036
728954,1.422917157,103.7468028
267121,1.325928649,103.7946265
278000,1.310993155,103.7975388
287575,1.330475377,103.809558
601105,1.337624153,103.7383549
117541,1.295467181,103.779774
596609,1.337215528,103.7655975
608512,1.336639965,103.7447717
127155,1.309846016,103.7619195
159962,1.289207409,103.8048573
648699,1.35162037,103.6990175
269035,1.321762033,103.8062924
128992,1.323356948,103.7543162
671521,1.387080948,103.7659571
589190,1.34269498,103.7862735
287982,1.334635852,103.7937054
598996,1.335850692,103.7684558
638054,1.306399096,103.629422
128100,1.313906049,103.756727
679764,1.371249937,103.7687539
267237,1.324679836,103.7962958
269151,1.323546941,103.8020085
287162,1.330715895,103.8089853
599275,1.333419209,103.7680667
117481,1.28832149,103.7769556
638711,1.315996597,103.6465112
118641,1.287398255,103.7801823
588307,1.339366095,103.7855419
119027,1.287349679,103.7930563
268303,1.317980082,103.7933924
597888,1.343753612,103.7713641
120346,1.317016551,103.7700552
120341,1.319120531,103.7690577
288714,1.332531125,103.8016807
276307,1.332449004,103.7897987
279468,1.321496926,103.7872844
628342,1.304886675,103.6632802
739792,1.417042329,103.7593141
618340,1.339132485,103.7174533
650145,1.349973055,103.7437249
672643,1.388513696,103.7630076
596753,1.339103458,103.7643527
597264,1.324357821,103.7673504
278215,1.311178699,103.7983678
269079,1.323308638,103.8065708
638154,1.338372953,103.6912345
599892,1.336084912,103.7726228
127477,1.315924685,103.7536957
127433,1.311494497,103.7574696
678042,1.357811035,103.7680806
596371,1.344960446,103.7729741
596364,1.344525984,103.7730039
598484,1.344456732,103.7672813
129346,1.318570748,103.7587981
596614,1.337609138,103.7656557
117645,1.279642831,103.7896315
658643,1.370252781,103.7513107
669468,1.355354503,103.7589689
596759,1.338701593,103.7643864
678905,1.371898638,103.7653944
119721,1.280016401,103.7875256
269199,1.324660439,103.8049166
648247,1.351918816,103.6975018
648527,1.353469633,103.6993795
658566,1.369251835,103.7510004
678916,1.37239398,103.7657274
276388,1.310194345,103.7975866
679182,1.36711133,103.7684639
596540,1.338105914,103.7711535
268304,1.316522327,103.7932408
269520,1.323067689,103.8031916
148949,1.296206171,103.8022268
648603,1.354321223,103.6982523
739917,1.416967886,103.7608291
618441,1.340318404,103.7187854
118635,1.287118754,103.7801294
648632,1.353761116,103.6974278
639447,1.323095599,103.65149
266702,1.320896671,103.8005526
127931,1.315801406,103.7568807
129028,1.321038897,103.7568383
287683,1.328884585,103.8082121
597032,1.343006744,103.7743501
276447,1.326378312,103.7922737
269658,1.317095371,103.800994
669729,1.360607001,103.7625298
117286,1.287365304,103.7921424
688496,1.39217183,103.7511998
128457,1.312603741,103.7542039
638033,1.305237005,103.6281472
277295,1.318927431,103.7822539
128411,1.31266739,103.7484796
118723,1.291337556,103.7722212
269254,1.318692907,103.7936197
140100,1.307705276,103.8012725
597117,1.325792177,103.7649901
129019,1.320980156,103.7564543
276671,1.324499609,103.7927497
287036,1.335642767,103.8050011
658683,1.371787127,103.7523014
609287,1.301480982,103.7466358
278039,1.308821655,103.7985461
597335,1.329399589,103.7673355
611164,1.330187409,103.7218755
648838,1.350754953,103.6999734
680610,1.399424101,103.7437863
688662,1.392275297,103.7521555
699005,1.382312831,103.7301536
627876,1.259506644,103.7015069
268747,1.327946528,103.8006317
276392,1.310175632,103.7974047
118454,1.279958361,103.7933301
619202,1.328969953,103.7150255
288136,1.341313156,103.789612
277552,1.330348499,103.792354
288834,1.331572213,103.7991745
588597,1.335274296,103.789181
276956,1.315032876,103.777257
609389,1.30113995,103.7475705
688641,1.39317681,103.7523027
599159,1.334017309,103.7666729
128286,1.308150955,103.7571524
638023,1.302445485,103.6286182
608598,1.335555261,103.7580817
278835,1.313872058,103.7814962
269043,1.324184501,103.8023978
597894,1.343758834,103.7711143
117612,1.283084826,103.7793515
637744,1.30131779,103.6277963
276195,1.312445794,103.7823284
658877,1.338708745,103.76161
629563,1.311120945,103.6752262
128049,1.297682129,103.7650972
288939,1.330421706,103.8075499
269695,1.323210285,103.8107213
598377,1.344040445,103.7679747
119605,1.291392602,103.7733863
598555,1.345149419,103.7657735
117622,1.281400668,103.784592
629077,1.326819226,103.6712891
266528,1.322334856,103.8016343
678018,1.398150176,103.7540852
128547,1.305422088,103.7658077
119298,1.277571639,103.7910589
639935,1.348353314,103.6383268
587924,1.344213673,103.7882792
598889,1.334871725,103.7666521
277448,1.319369427,103.7879569
127814,1.314877099,103.755698
141200,1.289663717,103.8011617
596738,1.340523816,103.7671834
670108,1.377596852,103.7672272
587869,1.343942938,103.7880447
117660,1.280384746,103.7898529
599881,1.336111693,103.7719915
638798,1.312711716,103.6527025
688674,1.391953993,103.7522053
688275,1.390456435,103.7523581
288801,1.333326244,103.8012909
117330,1.28132591,103.7899068
118182,1.280369399,103.7906526
596266,1.335869146,103.7702462
286759,1.32907229,103.805634
286760,1.329100016,103.8055887
266942,1.322799655,103.8074249
668196,1.375973811,103.7562303
272002,1.312642744,103.7869434
680642,1.398396264,103.749201
599574,1.323538363,103.7727063
677825,1.372112327,103.7740723
279103,1.311967077,103.7847541
619363,1.320373082,103.7131533
287032,1.335534586,103.8050098
118902,1.282739076,103.784814
648828,1.350761187,103.6997031
278751,1.314690681,103.781028
729066,1.420560567,103.7458944
596155,1.339341725,103.7697797
587971,1.346518078,103.7736602
128174,1.308836476,103.7637877
267446,1.323874791,103.7959846
728644,1.432874754,103.7465489
638702,1.320356041,103.6489798
128563,1.305660946,103.7664531
596878,1.340808045,103.7702829
598284,1.335933819,103.7807703
276538,1.32648124,103.7935454
589780,1.343261477,103.7871861
648823,1.351112741,103.6996055
637644,1.29463543,103.6229351
588462,1.339628732,103.7811673
287141,1.329964488,103.808797
597394,1.326122331,103.76726
117503,1.29139945,103.768851
266324,1.323583153,103.799616
129161,1.321757202,103.7577323
669005,1.360166133,103.7599437
639089,1.325102401,103.6410127
688548,1.391470319,103.7519965
739454,1.437961053,103.7462786
648509,1.353171548,103.6998106
129802,1.302751837,103.7698308
589485,1.338423289,103.7803189
278202,1.311634839,103.7986508
678047,1.358010642,103.7679353
268208,1.318446238,103.8022517
278920,1.314703469,103.7808276
619606,1.34325808334649,103.721162273444
629489,1.316540997,103.6679288
648279,1.351613996,103.697493
598984,1.336734029,103.7682899
599606,1.342084218,103.7737036
639306,1.328613755,103.6508583
629599,1.319327452,103.668115
119617,1.29182033,103.7744766
637561,1.299673764,103.6267455
276952,1.314721473,103.778774
598353,1.345424361,103.7674354
639650,1.352591731,103.6884876
678552,1.359640609,103.7685816
266594,1.327623646,103.7981325
278236,1.310629154,103.7981092
269052,1.324609659,103.8019663
729034,1.419688335,103.7485754
678794,1.358720873,103.7679631
648576,1.351640056,103.6993122
268744,1.328147608,103.800731
587856,1.345495249,103.7758061
669264,1.353318951,103.7582435
669828,1.358606837,103.7583644
266767,1.318836844,103.8074728
639169,1.323969719,103.6497974
648523,1.353408171,103.6994684
119076,1.297794648,103.7806383
127591,1.314665308,103.7577326
289890,1.326539752,103.8132519
739441,1.433903135,103.7302009
637524,1.318049649,103.6324869
648373,1.352172979,103.699578
669129,1.360360286,103.7628386
599277,1.33339951,103.7679719
266841,1.319244897,103.7919625
276784,1.317013556,103.780488
668786,1.359880919,103.7616707
128073,1.314295883,103.7569186
638437,1.330661933,103.6345333
679407,1.371211033,103.77242
119135,1.281118456,103.7874106
599661,1.34240177,103.771196
729461,1.418004177,103.7415878
596390,1.345218267,103.7721161
658615,1.370870344,103.7522976
599225,1.334671041,103.7687137
288440,1.327273543,103.8114275
276953,1.314698802,103.7783063
129363,1.319011461,103.7586942
117285,1.287028483,103.7916161
609029,1.305434013,103.7373281
658587,1.370455043,103.7508157
127529,1.316586668,103.754545
129336,1.318127254,103.7577227
118582,1.278920373,103.7853519
266318,1.323222643,103.8068413
276367,1.310273361,103.7987043
668695,1.358436846,103.7594411
128980,1.323370291,103.7553108
693131,1.355983693,103.7324985
680561,1.396326453,103.7449572
680560,1.395825412,103.7450273
680633,1.396690748,103.7492552
680554,1.396211536,103.743113
289696,1.333542852,103.80304
267214,1.324122095,103.7968773
638898,1.319668483,103.6382301
149547,1.304890806,103.7971904
267194,1.323301371,103.7969683
118048,1.278471462,103.7911468
119139,1.281013267,103.7875497
619943,1.332623962,103.7113699
629661,1.314313188,103.6702394
729036,1.419670096,103.7478873
597924,1.342392704,103.7739272
588341,1.341259257,103.7853677
638065,1.306501423,103.6286819
627769,1.261355387,103.6749497
677835,1.371780884,103.7739464
669130,1.360310013,103.762805
278778,1.314910364,103.7817128
648819,1.351116804,103.6994947
119172,1.280159142,103.7883965
648552,1.353449981,103.6988173
286687,1.328528678,103.8055826
650160,1.348884904,103.7420358
289427,1.334444064,103.8065773
276259,1.313209826,103.7804585
629480,1.317217264,103.6681731
669694,1.378371044,103.7596685
739636,1.416190207,103.7593516
127160,1.310828028,103.7618122
277806,1.329919923,103.794572
267181,1.323061273,103.7974616
287691,1.329026929,103.8080292
739693,1.415080295,103.7583267
698966,1.391091305,103.7299201
648579,1.351772584,103.6994032
119517,1.279267848,103.7922498
117323,1.281229543,103.7902665
117298,1.280912753,103.7909979
129409,1.320645109,103.7567031
596331,1.343112984,103.7748794
648401,1.352875148,103.6985897
719023,1.432177857,103.7242734
677842,1.371590091,103.7735778
609281,1.29987094,103.7463969
637774,1.30161927,103.628619
597596,1.318103743,103.7738652
669567,1.359636455,103.7646399
266878,1.318716144,103.7894338
267783,1.32283918,103.7923305
670163,1.376263241,103.764451
609792,1.341752045,103.740787
588468,1.339899774,103.78146
688734,1.389771601,103.7518675
289070,1.335557013,103.8079067
287651,1.32835498,103.8074865
596823,1.338442242,103.7658782
599221,1.334660934,103.768511
677701,1.370334015,103.7737908
658592,1.370810279,103.7508602
628788,1.329583332,103.6905552
127928,1.315987574,103.7567484
678815,1.359553418,103.7678501
648540,1.353245165,103.6991135
599427,1.336136667,103.7696143
688696,1.390986073,103.7527233
127459,1.315152348,103.7534027
618362,1.339096433,103.7169972
680661,1.400828161,103.7505655
129004,1.320697167,103.7560216
276673,1.324411202,103.7928557
648851,1.351091273,103.7003961
269786,1.317969971,103.797826
269982,1.322610144,103.7938079
637898,1.335151093,103.640993
658585,1.370337364,103.7507869
289926,1.32947491,103.8137881
681818,1.377629363,103.7484888
288711,1.335417133,103.8022223
608583,1.336594131,103.7534652
588588,1.33447936,103.7893141
149001,1.291509681,103.8060626
608924,1.324451272,103.7409988
117428,1.291734182,103.772533
117426,1.291713192,103.7726755
629037,1.324940446,103.6759598
738702,1.425069063,103.7620994
638108,1.310201792,103.6314686
128765,1.308436288,103.7648921
589189,1.342726635,103.7857771
129544,1.318107181,103.7592216
596963,1.339333675,103.7662954
128743,1.308318342,103.7640098
117832,1.277827471,103.7900877
266364,1.322897496,103.8003498
688495,1.392396126,103.750537
638314,1.339394582,103.6914652
688390,1.390035903,103.7516541
288042,1.34789117,103.7905636
288536,1.336042117,103.8022611
138632,1.299437367,103.7875767
139345,1.307683502,103.7886962
148800,1.293521268,103.813191
118834,1.281762826,103.7863961
636844,1.275475213,103.6370306
648374,1.352205969,103.6995355
289574,1.335747438,103.7991515
289575,1.335877373,103.7990871
640728,1.346099249,103.6976964
598391,1.344953468,103.7671774
121445,1.312753189,103.7641573
589923,1.341276609,103.7862966
128438,1.312891336,103.7495911
269763,1.331017808,103.79627
658337,1.370036017,103.751091
267023,1.315740585,103.7931189
639101,1.327571752,103.6398762
669434,1.353484539,103.7594664
266322,1.322061685,103.7990328
596598,1.337508889,103.7651062
268118,1.320417648,103.8070783
689047,1.378194797,103.7470837
279120,1.312415145,103.7851487
597534,1.324170412,103.7651098
278555,1.312130296,103.8012496
149735,1.302429529,103.7983306
276617,1.320525837,103.7899639
637211,1.316408728,103.634047
629430,1.313992297,103.6625499
688250,1.40110742,103.7411953
688251,1.40110742,103.7411953
659578,1.339301119,103.7570905
619901,1.337448502,103.7140295
679559,1.370952237,103.7656916
139957,1.297411248,103.7875263
618458,1.340754245,103.7186995
127705,1.31697813,103.7554845
637969,1.337076838,103.6914862
129220,1.322453339,103.7558395
678868,1.371883395,103.7641996
267451,1.323742495,103.7972146
287515,1.326567612,103.809353
636794,1.270389423,103.628147
129454,1.31888053,103.7575129
688517,1.392506473,103.7513266
289418,1.334148698,103.8072955
596913,1.337662389,103.7646042
638802,1.313299285,103.6521496
288044,1.347972259,103.7906896
269617,1.323626512,103.8039691
728675,1.434187504,103.745626
286794,1.329393567,103.8055841
286793,1.329363554,103.805629
117371,1.276178597,103.8000399
117372,1.275875448,103.8006518
610325,1.33598238,103.7231279
678900,1.372237665,103.7652655
287201,1.331498687,103.8100304
638453,1.318873783,103.6521959
286889,1.326001602,103.8112518
608925,1.325281775,103.7402454
597053,1.344078149,103.773734
596515,1.336960513,103.7723636
654461,1.354453211,103.7403571
588854,1.340925166,103.7813022
266236,1.321347325,103.7927925
678932,1.372611226,103.7662474
737778,1.429166152,103.7642943
268787,1.328496141,103.7953842
609078,1.324750866,103.744089
287147,1.330146341,103.8085927
279988,1.331618393,103.7942524
637577,1.299613335,103.625926
269160,1.323140636,103.801431
636789,1.270024691,103.6284887
268722,1.314556484,103.7961759
669598,1.356170247,103.7593157
287996,1.33367053,103.7959352
658075,1.339100135,103.7582391
597157,1.328536354,103.7650992
677693,1.370499607,103.7730653
628225,1.259885945,103.7095427
266944,1.322508585,103.8072695
278174,1.309622157,103.7984677
597883,1.344048866,103.7717759
598645,1.343805013,103.770272
648411,1.353093439,103.6982803
269200,1.324832928,103.8041779
269609,1.323649785,103.8045425
637530,1.318207713,103.6320571
596982,1.33887596,103.7662059
596642,1.339126201,103.768881
276921,1.3158779,103.7789819
688847,1.382645035,103.7500104
589418,1.346800648,103.788115
287730,1.327276463,103.8088495
639496,1.321941786,103.6596021
266711,1.320779952,103.8001487
589965,1.336272089,103.7858982
276843,1.315128321,103.7830556
729046,1.420453742,103.7452017
688511,1.392489946,103.7511657
589032,1.33639732,103.7849135
597282,1.325212181,103.7662798
279695,1.331818004,103.7922285
638346,1.336487139,103.6923275
638005,1.339056938,103.689962
689816,1.382755212,103.7411862
119515,1.27916099,103.7923394
279182,1.312544669,103.7841644
669254,1.353362145,103.7572239
598457,1.345047136,103.7652029
288513,1.326211755,103.8100302
119607,1.29122716,103.7738331
678265,1.377287555,103.7634306
148957,1.292674254,103.8066632
140032,1.298095249,103.8041842
688426,1.390265669,103.7506371
266437,1.319624288,103.8063025
668867,1.358828642,103.7608291
639939,1.334360473,103.6506173
679328,1.369735702,103.7690518
637594,1.302091837,103.6274371
597047,1.343580292,103.7738736
598528,1.343604821,103.7671719
118227,1.290521806,103.7872316
710004,1.421752493,103.7045792
288965,1.332958439,103.8079829
638340,1.336219568,103.6919284
286756,1.328984446,103.805767
127456,1.315533034,103.7532049
597712,1.344088495,103.7719984
599479,1.329982575,103.7771999
658222,1.369062182,103.7535251
688408,1.39015039,103.7511414
611351,1.33889981,103.7201537
636860,1.324436358,103.6433317
587896,1.343942938,103.7880447
587897,1.343942938,103.7880447
587898,1.343942938,103.7880447
268069,1.32221108,103.8098367
668993,1.359866854,103.7605591
599822,1.333849375,103.7712714
279247,1.32191415,103.783871
279684,1.326491027,103.7915624
129198,1.324277123,103.7561266
275879,1.327197488,103.7902956
658565,1.369202561,103.7510147
688675,1.392241708,103.7525136
680761,1.393077884,103.7478449
718847,1.427159999,103.7052655
287384,1.328668531,103.8089425
597083,1.324144905,103.7672712
668119,1.37642365,103.7589013
669127,1.360465228,103.7628995
286670,1.328540155,103.8051516
688273,1.390444626,103.7524073
117348,1.28649772,103.7794585
679292,1.368307857,103.7692942
277382,1.318541772,103.7869433
637945,1.337955843,103.6916745
289925,1.331472974,103.8121145
288142,1.335938569,103.790552
118907,1.281671654,103.7855054
638511,1.313271685,103.6563716
118054,1.278555452,103.7909875
269427,1.32265138,103.8093564
679595,1.371722786,103.7663875
287667,1.328728025,103.8078887
287603,1.33267105,103.8095075
639140,1.329971521,103.6479805
639335,1.318766255,103.654461
642237,1.341815734,103.7095242
658344,1.369705715,103.751349
648841,1.351098931,103.7001241
288843,1.331060547,103.7995276
266548,1.318374708,103.8037966
288507,1.32654329,103.8101341
651461,1.354920175,103.7399732
689436,1.376837721,103.7577399
597309,1.326629236,103.7668372
588967,1.340610266,103.7811528
653461,1.35482612,103.7406582
627490,1.263326816,103.699535
597077,1.323997278,103.767565
276436,1.325572165,103.7920995
599517,1.323864101,103.7734139
629015,1.329792089,103.6747103
128640,1.308676533,103.7621882
596980,1.338819407,103.7662395
658649,1.370261325,103.7515057
127325,1.294358647,103.7664752
681819,1.375519189,103.7494854
688664,1.3922177,103.7521644
119701,1.279534202,103.7881741
129202,1.323002265,103.7583184
600106,1.337249651,103.7376747
638144,1.338615828,103.6915314
629569,1.312414157,103.6656598
269196,1.324498279,103.8038327
680250,1.379308978,103.7453652
649848,1.335007208,103.7062787
679249,1.369356097,103.7685633
598231,1.335321429,103.7726657
718872,1.442352902,103.7219057
668770,1.359573841,103.7620959
738053,1.416904604,103.7576797
286709,1.328722821,103.8055185
279303,1.322232714,103.7870867
266186,1.322161963,103.8028794
266187,1.322126551,103.8027633
638133,1.339226238,103.6916483
738023,1.41562595,103.756897
276453,1.326251379,103.7926983
276814,1.317457717,103.7812194
599404,1.335288916,103.7686581
739720,1.416413787,103.7580475
599307,1.333636896,103.7675681
709150,1.390912817,103.6938596
642239,1.34215807,103.7106695
609122,1.324329009,103.7358079
127148,1.309532499,103.7617458
589227,1.342397239,103.784735
268510,1.322606975,103.795831
677715,1.3707296,103.7736377
268699,1.31473089,103.7944534
629581,1.315976979,103.6632434
683801,1.375231642,103.7427666
269032,1.324556929,103.8074756
609791,1.349450849,103.7288086
628832,1.329996776,103.6923032
278093,1.311857226,103.7990507
597107,1.324893817,103.7659898
678461,1.360625275,103.7684884
128454,1.311624104,103.7535918
599494,1.328325919,103.7758052
589679,1.353726446,103.7697745
728785,1.406007496,103.7506869
277551,1.330181774,103.7922484
688285,1.390524757,103.7520568
598168,1.335881884,103.7656675
288956,1.332032157,103.8076911
128271,1.308672014,103.7567718
278440,1.309464979,103.7992021
669915,1.357526405,103.7600757
739481,1.432484965,103.7549168
289245,1.332040053,103.8061972
119006,1.287361443,103.7934495
627808,1.274512733,103.6743153
680622,1.398277196,103.7471825
266097,1.321353811,103.8024209
678558,1.360305497,103.7689681
608543,1.317102278,103.7324776
117292,1.301071995,103.7753361
288056,1.348116117,103.7910264
269489,1.321852342,103.8043438
638313,1.339614877,103.6918671
609648,1.335574051,103.7381185
628380,1.30355128,103.6611539
269901,1.317815966,103.7983522
681351,1.383217187,103.7430641
678919,1.37205475,103.7658545
678936,1.372699465,103.7663458
688378,1.389965302,103.7519698
269398,1.322729441,103.7987519
119141,1.280981858,103.7875916
287148,1.330379176,103.8089641
637884,1.298647784,103.6311375
619358,1.318092026,103.7129601
728865,1.428163053,103.7487975
729323,1.409818628,103.7519221
596130,1.338798181,103.7705388
658574,1.369668378,103.7508788
688631,1.392055139,103.751646
618467,1.340443225,103.7191138
670133,1.374254436,103.7698656
678046,1.357969769,103.7679659
599208,1.344853708,103.767261
637258,1.318149357,103.6297866
639457,1.325593387,103.6553266
129468,1.318378758,103.7575812
267203,1.323643264,103.7968909
269412,1.323619329,103.8098802
138538,1.297545047,103.7910301
608976,1.300688339,103.7399112
128268,1.310649812,103.7550062
279284,1.322326955,103.7857616
678275,1.369266828,103.7768239
670412,1.382897623,103.7682751
679772,1.370448934,103.768917
619344,1.307960003,103.7220583
275924,1.326477015,103.7910334
275786,1.324117947,103.7928974
618311,1.300940202,103.7178024
658325,1.368638757,103.7527212
597449,1.325169622,103.7650898
276183,1.311978476,103.7830012
588594,1.33504853,103.7890203
277240,1.318282552,103.7813741
278488,1.309419549,103.7975898
595001,1.31754733,103.7758872
277500,1.318660293,103.7862214
139964,1.295099682,103.7897629
287636,1.326997497,103.8095641
668221,1.374721551,103.7585132
668304,1.376636917,103.7593369
639037,1.334139314,103.6460707
598527,1.343254698,103.7669153
287120,1.329603715,103.8096482
688186,1.405356548,103.7427558
670135,1.374049157,103.7688851
266828,1.31705304,103.7901076
117605,1.289854377,103.7851256
119384,1.278259615,103.7896948
688586,1.391714762,103.7509236
610178,1.333236534,103.7208424
148948,1.2967272,103.8024352
648487,1.350740581,103.6988436
279564,1.323216931,103.7870816
248433,1.305162285,103.8027764
658668,1.370664851,103.7523275
658240,1.368047162,103.7524232
266628,1.32164161,103.8117435
650221,1.347475624,103.753691
648302,1.352214652,103.6979373
640904,1.340227842,103.6859367
671603,1.381784911,103.7617028
267698,1.325665058,103.7937953
289203,1.330940618,103.8067567
597557,1.346563681,103.764193
599867,1.335491655,103.773886
688397,1.390455133,103.751401
287590,1.331329281,103.8105274
266405,1.320050452,103.8069876
688329,1.390800173,103.7508282
627972,1.32546477,103.7055241
268566,1.324759922,103.7931678
618664,1.330505115,103.7256439
640402,1.35339366,103.7224457
277982,1.31156642,103.7983377
677748,1.372531317,103.7730458
598834,1.340382886,103.7650789
267314,1.325614801,103.7968623
287794,1.33290798,103.7998637
637112,1.278211489,103.6309428
587846,1.348560832,103.7738578
658220,1.36917069,103.753525
289191,1.330682619,103.8070022
588101,1.33927925,103.7817828
289002,1.333171828,103.8083421
638083,1.310579801,103.6291181
277269,1.318000494,103.7820628
668771,1.359304044,103.7618257
597211,1.327173413,103.7693881
738036,1.416470633,103.7570055
658605,1.370886057,103.7526354
276594,1.320616186,103.78941
688486,1.392073293,103.7505768
288446,1.327671808,103.81053
126874,1.307525827,103.7642079
128966,1.321853543,103.755643
266750,1.320754228,103.8092137
638319,1.339769944,103.691749
679777,1.37127806,103.7683916
637417,1.316530031,103.6282759
637416,1.316492339,103.628377
679672,1.37405967,103.7676425
269528,1.32277675,103.8017411
599476,1.329900479,103.777364
597333,1.328971403,103.7673104
598565,1.343906208,103.7664713
638341,1.336274532,103.6919716
638184,1.338993554,103.6905259
638237,1.33774056,103.6900694
641734,1.345611874,103.700911
689481,1.378410921,103.7590304
679371,1.371789488,103.770689
587876,1.343942938,103.7880447
688584,1.391702415,103.7509799
588472,1.340300437,103.7811047
680513,1.389761246,103.7424825
659530,1.341321561,103.7526795
279339,1.321176051,103.786607
658527,1.372491751,103.7528962
269968,1.322889585,103.7939868
276729,1.331744817,103.7908457
608923,1.324239175,103.7416278
599700,1.344679898,103.7709491
599520,1.32399758,103.7739422
588475,1.340573315,103.78184
619746,1.312662683,103.7225736
690325,1.36343472,103.7333925
658710,1.371477542,103.75315
628594,1.325648447,103.7014333
609042,1.307399766,103.7341603
128625,1.309195512,103.7622497
638304,1.33908969,103.6921746
597242,1.329581842,103.7676515
119914,1.283109843,103.7833328
589660,1.333937617,103.7875434
639446,1.321277926,103.6512545
688215,1.376957827,103.7502007
127020,1.317550975,103.7557745
286782,1.329042642,103.8061193
680531,1.392891035,103.7415344
729362,1.420493884,103.7513469
729332,1.409983044,103.7504926
669073,1.359402743,103.7576371
688259,1.377223799,103.7326193
598399,1.345843398,103.7662283
669826,1.35854498,103.7584468
277919,1.328091736,103.7926303
127563,1.313175756,103.7578353
596821,1.338432251,103.7658188
638060,1.307529134,103.629055
288837,1.331146061,103.7992143
670426,1.386221253,103.7694841
670425,1.385857994,103.769496
670423,1.385396994,103.7692111
268468,1.321415773,103.7919559
266270,1.321207725,103.7915452
627801,1.257386715,103.7024347
117712,1.282995078,103.7860635
278616,1.316948017,103.7875926
739926,1.414377498,103.758188
266531,1.317968205,103.8044151
597110,1.325496754,103.7655752
679812,1.370196148,103.7684654
148954,1.292996047,103.8056656
694301,1.359521746,103.7386481
637612,1.290585876,103.6306212
596353,1.344668505,103.7738174
118001,1.280338109,103.7912009
589040,1.337029462,103.7847523
127415,1.311622495,103.7571323
128379,1.310203468,103.7533109
267313,1.326222336,103.7963721
139525,1.290751266,103.7979043
719456,1.438182666,103.7050552
689400,1.377672548,103.7580071
139454,1.306862507,103.7764202
636782,1.270031632,103.6289807
277811,1.329672906,103.7942487
688214,1.37706308,103.7499691
698991,1.402762706,103.7285941
270024,1.308967275,103.7855143
269492,1.322986205,103.8043998
269204,1.324664255,103.8029915
599420,1.335672973,103.769173
118892,1.281916944,103.7857077
289445,1.335595985,103.8067392
117783,1.285707788,103.7944571
640762,1.348743571,103.6977321
127742,1.312867255,103.7580501
598201,1.334943238,103.771636
597391,1.325714236,103.7674306
589456,1.335179774,103.7870446
288104,1.336551195,103.7899671
118046,1.278444656,103.7911976
276957,1.315369555,103.7769426
598601,1.340616394,103.7727166
128177,1.308498508,103.7638377
678722,1.367614462,103.7704327
678723,1.367595032,103.7704751
629239,1.318184679,103.6646867
599924,1.33723136,103.774113
289449,1.333420662,103.806776
638518,1.31266823,103.6564441
266822,1.31963958,103.7913665
638429,1.334957883,103.6403194
639498,1.322331878,103.6597461
628577,1.32405264,103.7013222
598837,1.340756098,103.7662355
275867,1.327232363,103.7906
266434,1.319824155,103.8059707
277203,1.315373752,103.7794458
650308,1.358550292,103.7481047
118608,1.281261367,103.7846534
117397,1.281307229,103.7846855
127812,1.314916471,103.7556404
286639,1.32847238,103.808933
596336,1.342745059,103.7746092
638852,1.323676979,103.6383107
120208,1.322395808,103.7621201
639131,1.330029266,103.6459997
650436,1.358718554,103.7395601
650437,1.358578869,103.7390843
629839,1.334051154,103.7037585
638129,1.31164229,103.6298472
648642,1.353328692,103.6970387
739538,1.432476053,103.7558589
129480,1.318684054,103.7571252
658232,1.368057125,103.7526386
637043,1.316880448,103.6306505
275790,1.316379419,103.7857947
738024,1.416008355,103.7566643
599646,1.343317309,103.7708941
268582,1.321695415,103.7962289
286706,1.328633085,103.8056516
286707,1.328664092,103.805608
599263,1.333612318,103.7694679
267546,1.325654379,103.7951525
267080,1.32565272,103.7980979
140111,1.306352033,103.7984662
266384,1.318343894,103.8056387
680475,1.378056148,103.7389318
658598,1.371263174,103.753063
279835,1.330945674,103.7912682
117843,1.2775787,103.7907271
627844,1.332884548,103.6953192
268733,1.313751065,103.7937853
618824,1.333242861,103.7104883
598595,1.340567746,103.7730548
680231,1.38008136,103.7461131
597475,1.325781685,103.766715
679386,1.372595273,103.770816
289220,1.331294757,103.806428
279250,1.321549578,103.7841395
628167,1.326717165,103.6920199
598452,1.34542693,103.765009
588821,1.337881535,103.7864896
127844,1.314150119,103.7563056
139391,1.301548754,103.7876274
277675,1.311250654,103.7952735
709152,1.392299666,103.6958059
277316,1.316963248,103.7827031
597708,1.343635014,103.771908
737965,1.41614465,103.7554715
129119,1.320395581,103.7605277
627865,1.280309856,103.7192233
668116,1.376667832,103.7587502
128654,1.309151235,103.7617039
688671,1.392348951,103.7524969
287417,1.327404003,103.8074473
689672,1.388298362,103.7452732
279569,1.322847518,103.7873383
127152,1.309653315,103.7618567
149597,1.304611516,103.7982187
277409,1.319852156,103.7887002
288631,1.333677432,103.8043714
139228,1.306900552,103.7865069
596543,1.337965363,103.7714492
638593,1.334624438,103.6380505
288512,1.326265913,103.8100505
629075,1.326496703,103.6705913
269432,1.322065675,103.8093341
289849,1.334121918,103.8094207
278681,1.330997338,103.789824
638181,1.338836086,103.6906409
641617,1.340878429,103.7000939
287076,1.337116053,103.8047552
127321,1.294131913,103.7663557
598328,1.332399943,103.7792394
679843,1.370815997,103.7699476
597788,1.344310113,103.773017
599053,1.336591948,103.7677835
718907,1.424140157,103.7070228
140085,1.304074953,103.7993317
597034,1.343152629,103.7743272
639072,1.320483793,103.6475051
648764,1.351302595,103.700952
636897,1.270223262,103.6320184
128403,1.311166971,103.7505347
596276,1.335292159,103.7704127
589414,1.347417211,103.7886861
127442,1.312188879,103.7573269
128721,1.308119247,103.7633224
119375,1.278617946,103.7895634
640670,1.344402953,103.7024949
639272,1.333189857,103.6446236
588198,1.352368203,103.7675255
269159,1.323223673,103.8018231
648479,1.351124759,103.6986313
589442,1.334542813,103.7885868
618661,1.333895724,103.7275614
139232,1.307161313,103.7861903
679792,1.371350606,103.7693288
588223,1.336241093,103.7855127
688281,1.390501241,103.752162
128181,1.308559368,103.7639939
677812,1.372230071,103.7736638
287400,1.328159786,103.8083093
589362,1.346684689,103.7881109
619734,1.310879728,103.721692
628647,1.325035497,103.6843488
648923,1.340475094,103.716756
118044,1.278625151,103.7913539
128567,1.306164524,103.7661955
629819,1.33254455,103.7074089
640917,1.340344128,103.6878422
610338,1.338062589,103.7223368
611328,1.337115314,103.7232224
610336,1.338523747,103.7234835
680569,1.396084789,103.7463746
628581,1.325199194,103.7008243
628768,1.328670308,103.690494
138597,1.306155295,103.7737628
268423,1.320964249,103.7911705
598471,1.343590609,103.7679696
640486,1.348725581,103.7263326
600280,1.340464868,103.7472942
287548,1.330222818,103.8098823
589119,1.338384642,103.7848553
638439,1.33106806,103.6339377
619743,1.30875167,103.723124
269766,1.331121601,103.7960009
729484,1.408324055,103.7453815
688650,1.392631368,103.7521046
669937,1.357518948,103.7590512
628165,1.326882682,103.6920196
629901,1.308931201,103.6763634
599240,1.334741742,103.7696046
618392,1.339554367,103.7177115
128172,1.308829804,103.763734
278620,1.317362831,103.7870907
126786,1.320195451,103.7698338
276906,1.315972661,103.7775954
279928,1.321149982,103.7838878
287985,1.335495893,103.7926315
638379,1.333734652,103.6432368
648436,1.353504407,103.6979566
688724,1.389642248,103.752428
648467,1.351423933,103.6987781
119021,1.287234864,103.792795
266969,1.323831403,103.8090123
596127,1.339473632,103.7705462
680407,1.380417598,103.7408284
688305,1.390650409,103.7514953
128769,1.30854174,103.7650794
279471,1.321066831,103.787452
637208,1.316501668,103.6337945
286991,1.335035178,103.8055188
637335,1.346608876,103.6820278
637430,1.318281624,103.6309452
277614,1.32877975,103.7933681
597113,1.325220526,103.7659907
279562,1.323183731,103.7869153
277453,1.3211844,103.7896837
275956,1.326201153,103.7911207
275957,1.326201153,103.7911207
599121,1.334464712,103.7674192
648728,1.352250607,103.7001077
648626,1.353140793,103.697372
629491,1.317251565,103.6649127
629078,1.327992444,103.6731967
648457,1.351435001,103.6984359
649821,1.342164104,103.7170867
600248,1.342273144,103.7401014
599491,1.329137017,103.7761858
688779,1.39190752,103.7512396
637923,1.336784846,103.6913278
640176,1.347251003,103.7100145
636781,1.270136027,103.6289915
637104,1.275814331,103.63504
648537,1.353655545,103.6991106
289562,1.335511181,103.8004552
266652,1.329516317,103.7994519
289005,1.334700713,103.8077517
278790,1.316676462,103.7842962
637667,1.292389672,103.6239678
627970,1.324476474,103.7058521
688587,1.391385898,103.7507791
638389,1.3265665,103.6360102
588226,1.335810778,103.7857283
678783,1.359374824,103.7681501
648403,1.352927334,103.698516
269180,1.324020561,103.8003004
267274,1.325340596,103.7988194
276315,1.315343908,103.7885964
598829,1.34075035,103.7660019
618418,1.339910164,103.7180314
640947,1.343615099,103.690685
640949,1.343329662,103.6916785
648592,1.353891412,103.6980192
669383,1.354353022,103.7594894
596604,1.337542497,103.7652916
658503,1.37164633,103.7517867
688560,1.391548818,103.7516457
668857,1.358622314,103.7611098
287197,1.331389776,103.809827
588001,1.340045873,103.7833823
678116,1.367373065,103.7669845
287670,1.328454554,103.8070738
277808,1.329953174,103.7945146
287979,1.341074037,103.7918644
248422,1.30579086,103.8029997
669599,1.355909052,103.7607353
277676,1.311316045,103.795243
120345,1.317702812,103.7690767
598719,1.353179702,103.7678857
267110,1.32621862,103.7940194
610113,1.333184498,103.7243543
279996,1.330820857,103.7941582
682484,1.376230308,103.7363383
679757,1.371857528,103.7683477
269194,1.323606491,103.7997217
659636,1.346694902,103.7559228
289291,1.334679305,103.8053257
678040,1.357730502,103.7681377
639174,1.32452818,103.649204
126807,1.292908421,103.76696
126808,1.292941669,103.766921
653460,1.353326619,103.7393359
658502,1.372021854,103.7530298
599326,1.334539742,103.770338
609650,1.337585056,103.7366827
658481,1.371199126,103.7513285
688538,1.391411825,103.7522559
608920,1.323024899,103.7428363
267891,1.315639329,103.7945044
629018,1.328767393,103.6733641
628840,1.330205665,103.6916566
121366,1.312798913,103.7718401
596802,1.33927333,103.7645806
277938,1.316434894,103.7879199
289003,1.334622366,103.8077746
597040,1.343426006,103.7742653
277256,1.318447815,103.7823832
276287,1.313331545,103.7792726
618805,1.330732664,103.7106492
266950,1.323520647,103.8084791
648777,1.351617579,103.7015912
649884,1.347379343,103.7119385
128300,1.311185518,103.7550188
119704,1.279647434,103.7880522
668722,1.359436785,103.758518
119040,1.292532532,103.7692046
127877,1.312939807,103.7561256
279350,1.321637744,103.7869051
629762,1.327062377,103.6862438
596723,1.341245503,103.765327
286672,1.328601595,103.8050638
651252,1.350764055,103.7572048
629409,1.310063016,103.665488
597827,1.342626398,103.7733164
688369,1.390282471,103.7521728
269594,1.323128855,103.806071
278137,1.315228495,103.7844722
648790,1.352268291,103.7010876
728873,1.427965526,103.7478826
289232,1.331550588,103.8062273
596741,1.342388697,103.7683759
599540,1.32312725,103.7739066
629074,1.327956262,103.6722636
729558,1.431047021,103.7484611
669912,1.357961496,103.7594412
596602,1.337531615,103.7652301
599672,1.344562419,103.7713235
589735,1.338222616,103.7876935
287336,1.329107908,103.8089318
678895,1.371783431,103.7650539
269048,1.324397426,103.8020144
278732,1.309848086,103.8022021
269342,1.321924874,103.7981776
266370,1.318716155,103.806387
688728,1.389690083,103.7522177
588659,1.343942939,103.7880447
286754,1.328923596,103.8058548
677722,1.389600484,103.7694449
739447,1.43775229,103.7435222
689681,1.386599579,103.742771
650140,1.350765866,103.7438555
596365,1.344890766,103.7733022
267670,1.325022506,103.7951835
288871,1.330925053,103.8010459
629534,1.309148346,103.6638523
118679,1.288986357,103.776477
619972,1.3300632,103.7172886
598950,1.334986813,103.7657508
597495,1.328267874,103.7682694
737673,1.428135089,103.7533113
597079,1.324055249,103.7674893
276305,1.332706392,103.7893638
127234,1.315013547,103.7572557
597134,1.32679055,103.7651563
126981,1.314523354,103.7547877
269187,1.323776337,103.7995752
118703,1.289736486,103.7743575
276374,1.310500686,103.7984278
589623,1.333284737,103.7881877
267049,1.315574705,103.7922792
588329,1.340592842,103.7854274
669454,1.354682908,103.7590287
669371,1.354353684,103.7599169
668860,1.358368515,103.760826
598073,1.336644237,103.7662278
648276,1.351609176,103.6976535
268026,1.31785207,103.8022916
266342,1.323392758,103.8003621
287056,1.336228386,103.8049398
609203,1.310274535,103.7313977
598728,1.35474933,103.7679433
128406,1.313968301,103.7527605
739437,1.436698715,103.745215
688418,1.390218605,103.7508476
287647,1.327778332,103.8066547
637276,1.3176898,103.6292312
278906,1.313975662,103.778504
668794,1.360016389,103.7614713
619862,1.337155083,103.7152257
596511,1.337456098,103.7724747
699814,1.372792219,103.6829759
669902,1.357541092,103.7604088
277431,1.320482076,103.7890586
596262,1.3359025,103.7703488
289879,1.324855772,103.8131576
588538,1.340475137,103.7827351
609781,1.343793023,103.7328351
128225,1.310236612,103.755583
276246,1.312777834,103.7813113
266621,1.321790792,103.8125222
598475,1.343868894,103.7677836
148999,1.291649051,103.8062127
629939,1.312465723,103.6805729
628740,1.331721866,103.6946964
287383,1.329801735,103.8080023
276141,1.32629536,103.7846786
588626,1.341133103,103.7890135
269143,1.323754052,103.8023819
288564,1.329995137,103.8116232
268906,1.321547798,103.8112866
119097,1.279636218,103.7869891
287658,1.328075678,103.8068283
669941,1.357535227,103.7588759
279519,1.322050194,103.7835764
678816,1.359614524,103.7678467
128354,1.308652012,103.7556052
288524,1.327803486,103.8114994
599832,1.334330171,103.7716327
279337,1.320987572,103.7866513
119510,1.277873717,103.791538
637247,1.318526779,103.6297812
597843,1.342668779,103.7727239
629896,1.305653989,103.6767208
276449,1.326331179,103.7924709
679636,1.37173393,103.7671028
598801,1.340253289,103.7655974
673546,1.388992571,103.7695007
287463,1.329550152,103.8093101
639513,1.329892662,103.651679
128223,1.310273672,103.7556338
629790,1.331765727,103.7044943
637356,1.295124702,103.6326519
287915,1.334356206,103.7997762
609130,1.313220774,103.7330751
669271,1.353017185,103.7572405
682691,1.40162672,103.7515776
689102,1.398579708,103.7509578
596226,1.331704934,103.7580999
637408,1.316750384,103.6290422
269352,1.322191799,103.7986584
636866,1.354757558,103.6846824
680422,1.382256818,103.7409574
680405,1.380217546,103.7394533
628763,1.328544746,103.6925727
597612,1.338288641,103.7754791
266337,1.324286643,103.7994175
619555,1.319659029,103.7245573
127836,1.314356231,103.7561822
669569,1.356874316,103.7630706
128350,1.308522394,103.7557016
120325,1.315096685,103.7668174
680769,1.394209181,103.7505354
680770,1.394838731,103.7503524
681808,1.375479876,103.7453733
681406,1.380216802,103.7397723
680110,1.378236953,103.7522083
639416,1.325638177,103.652626
619302,1.321135194,103.722298
608830,1.339274717,103.7509649
608779,1.314183915,103.7302491
269936,1.319843487,103.7935596
277455,1.321185423,103.789628
637053,1.245709049,103.6141717
637093,1.270770799,103.6303531
266979,1.322676611,103.8088741
619700,1.332844306,103.7174779
277146,1.315070649,103.7818007
117994,1.280656585,103.7917004
627841,1.263518695,103.6759796
277801,1.329560924,103.7945594
628707,1.330097245,103.7022554
688342,1.391247049,103.7504312
608834,1.337835204,103.7494382
651445,1.350974191,103.7392403
127142,1.309292491,103.7615264
279187,1.313178166,103.7851437
138639,1.305351215,103.7883474
669250,1.353374339,103.7569192
277776,1.330140247,103.7934195
587874,1.343942938,103.7880447
678637,1.367241863,103.7698345
729668,1.407824433,103.7492531
718912,1.425271408,103.7163269
683815,1.376304182,103.7474576
597351,1.325401567,103.7679553
640663,1.339232474,103.7017349
269425,1.322412491,103.809727
288244,1.335178296,103.8029701
689682,1.386989121,103.7431656
679971,1.378186479,103.7737069
144037,1.297960614,103.8053687
279989,1.331726871,103.7939726
618811,1.333577884,103.7107041
589140,1.340006358,103.7851893
619099,1.316427212,103.7181892
638105,1.309328492,103.6319913
648161,1.346246236,103.7259628
648160,1.345986052,103.7253778
117417,1.294990291,103.7739123
677941,1.396700856,103.7534324
596749,1.339483147,103.7667623
638114,1.310517935,103.6306223
127589,1.314608144,103.757759
678893,1.371763163,103.764994
276583,1.320891254,103.7906568
128220,1.307406227,103.7562802
677805,1.372659043,103.7737787
677949,1.39724568,103.7543305
119018,1.287005844,103.7929143
117280,1.286309196,103.7927028
596812,1.339212379,103.7651739
678714,1.368267361,103.7710702
639659,1.352215796,103.6875228
267243,1.32484681,103.7962827
637302,1.282047022,103.6394091
117648,1.279824532,103.7894281
269033,1.324439521,103.8076508
612165,1.330644723,103.7223219
628345,1.306060659,103.6605813
598180,1.336029913,103.7652226
266863,1.318716144,103.7894338
266866,1.318716144,103.7894338
729670,1.407446561,103.747741
739898,1.416214318,103.7596172
269964,1.323206023,103.7942457
668330,1.376569992,103.7597594
691109,1.3523819883876,103.735354651651
688719,1.38967476,103.7528644
279624,1.310939333,103.7895672
596565,1.336637931,103.7711377
638755,1.319681873,103.649594
669126,1.360511842,103.7629398
597818,1.342286637,103.7736506
610335,1.339042682,103.7231462
610334,1.339404321,103.7229073
688735,1.389782395,103.7518187
679758,1.371574605,103.7687291
266184,1.322181949,103.8029461
276789,1.317918027,103.7805825
117669,1.289783522,103.7765334
669427,1.353506498,103.7597306
639226,1.327841018,103.6474339
127853,1.313684186,103.7559198
129260,1.318801492,103.7584443
636941,1.274473809,103.6325071
639606,1.322808416,103.6462804
266325,1.323571486,103.7995635
599249,1.334724741,103.7703257
597845,1.342678413,103.7726581
612337,1.337450347,103.7223956
611338,1.337814968,103.7221848
127371,1.303624575,103.7658584
638299,1.338756177,103.6923523
618476,1.339824949,103.7191174
119719,1.280061444,103.787563
641183,1.348617948,103.7097377
127971,1.316123354,103.7569619
650315,1.360096376,103.746561
287475,1.329118224,103.8101701
268729,1.31371747,103.7938339
627937,1.329785709,103.7051409
658739,1.339621989,103.7607923
276508,1.327784365,103.7929823
729496,1.417305568,103.7429387
648517,1.353314941,103.6996032
609266,1.29798582,103.7551737
618320,1.339441697,103.7179395
618480,1.339710541,103.7189376
159949,1.291133405,103.8073548
269792,1.319798238,103.7973455
267638,1.325809654,103.7970179
637054,1.245385096,103.6141717
269440,1.321787741,103.8090663
639588,1.334299591,103.6361876
279190,1.313131501,103.7851016
127326,1.294358647,103.7664752
118891,1.281771919,103.7860426
266861,1.318716144,103.7894338
598741,1.358204505,103.7641511
286925,1.336344237,103.805863
127958,1.316785331,103.7564366
648430,1.353372562,103.6985693
289261,1.332883851,103.8055052
678865,1.37146607,103.7641374
648410,1.352828824,103.6993308
127377,1.308770149,103.7613281
267989,1.320333353,103.8058772
119020,1.287103298,103.7928744
628366,1.302235037,103.6654302
117995,1.280320802,103.7915697
679189,1.366754853,103.7682683
668703,1.358893723,103.7595182
127557,1.313127785,103.7576619
589927,1.342043208,103.786376
629823,1.332672252,103.7070669
608607,1.335864084,103.7576478
628370,1.301822351,103.6633012
629195,1.312869959,103.6710887
598661,1.345666883,103.7674545
699805,1.377911948,103.7125693
650293,1.346005319,103.7553591
650294,1.346397195,103.7554657
267169,1.323594999,103.797935
266525,1.321854114,103.8013497
598230,1.336126748,103.7730414
589872,1.342971772,103.788285
599571,1.323118589,103.7726482
691111,1.355801154,103.7339886
288642,1.3356466,103.8042783
688667,1.392456164,103.7524803
596790,1.338871298,103.7646169
648864,1.35072328,103.7008922
629529,1.310568931,103.6631418
597594,1.31655092,103.7754012
600134,1.333994138,103.7388192
139475,1.30395569,103.7770425
278423,1.310046902,103.7989881
648884,1.350707016,103.7014653
642624,1.340727867,103.6984408
127974,1.315937273,103.7571136
629756,1.326504648,103.6856633
658398,1.370128292,103.7528984
279559,1.322787679,103.7868338
729467,1.416542458,103.7422883
276258,1.312776631,103.7807602
729932,1.405520507,103.7589543
689411,1.377360103,103.7579423
266243,1.321141616,103.7926482
266245,1.321186242,103.7927465
599536,1.323369193,103.7739574
588496,1.341304014,103.7819347
119407,1.274691158,103.7949507
127583,1.314412811,103.7578804
600250,1.342653278,103.739977
678882,1.372037298,103.7646754
729228,1.41303304,103.7507353
677753,1.372099934,103.7728701
598857,1.341080436,103.7656291
678809,1.361028233,103.7681838
119152,1.280893016,103.7881427
637274,1.317742923,103.6290895
637546,1.29836499,103.6318958
117889,1.279175575,103.7866961
128948,1.322244318,103.7569015
588346,1.339766708,103.7860125
276208,1.312439525,103.7817956
599066,1.334671465,103.7680704
117393,1.281178104,103.7847708
127258,1.313957444,103.7578481
678625,1.367474986,103.7699426
275789,1.3162886,103.7858463
628628,1.323906135,103.6906762
648297,1.351486194,103.6981314
596508,1.337103932,103.772074
117315,1.281101628,103.7901596
117327,1.281534025,103.7894128
600257,1.344518043,103.7386303
276219,1.313250215,103.7818989
117533,1.27033417,103.8004764
129032,1.320820112,103.7569428
598045,1.336454223,103.7675817
127970,1.31616113,103.7569118
278617,1.317062469,103.7874681
267305,1.326111905,103.7961825
269926,1.319667213,103.7919866
268610,1.321145072,103.7950067
587923,1.344213673,103.7882792
678888,1.372096569,103.7648502
589655,1.333739635,103.786609
648131,1.345945788,103.7246191
289567,1.335679293,103.7995997
278391,1.315998394,103.7872013
719453,1.437408208,103.7075461
627831,1.276467697,103.6770036
668270,1.376145645,103.7576927
128269,1.308735501,103.7567266
688346,1.391270579,103.7503259
600132,1.334310178,103.7396366
691113,1.35367162,103.7351941
692133,1.356337197,103.7312653
596739,1.341407897,103.767177
267658,1.324715279,103.795804
648585,1.354028107,103.6986413
128128,1.308116081,103.7625229
679543,1.370559855,103.7652365
119459,1.276733403,103.7928973
609153,1.319097216,103.7356473
627790,1.308729308,103.6743998
277222,1.3188992,103.7818259
678910,1.372334726,103.7655526
118529,1.276026087,103.7953335
597121,1.326174583,103.7651827
668784,1.359848728,103.7617201
287997,1.335338527,103.7961575
739704,1.415904198,103.7590973
266743,1.322205691,103.8104933
729342,1.415319426,103.7510516
287191,1.331247455,103.8095601
597218,1.325063735,103.7681651
119460,1.276897135,103.792958
127749,1.312991027,103.7582553
120728,1.305202068,103.7638334
120727,1.304289479,103.7640843
276488,1.328933014,103.7950806
648526,1.353009417,103.6994541
637826,1.293376807,103.6242822
598634,1.34295574,103.7705605
658524,1.372482472,103.7527005
129308,1.319240344,103.7584847
119706,1.279721684,103.7879636
278064,1.309447361,103.797884
629604,1.319162812,103.6714484
118736,1.291072858,103.7709194
637056,1.244510024,103.6141718
629875,1.307933434,103.6806535
127739,1.312627104,103.7581193
287797,1.333463278,103.799899
619858,1.336117007,103.7132695
680276,1.379568646,103.7443272
680284,1.379713803,103.7421342
120104,1.322949685,103.7691892
120411,1.310879202,103.7695726
120410,1.311441232,103.769692
128372,1.312322615,103.753858
276196,1.312618107,103.7822421
597285,1.32554732,103.7663091
288046,1.34799451,103.7907423
628989,1.325134643,103.6701702
279733,1.325583763,103.7835295
589781,1.342908136,103.7867826
117528,1.289454192,103.7783266
287262,1.328506674,103.8078517
596223,1.330222921,103.7578632
117670,1.289717738,103.7765095
628014,1.327039959,103.6902011
729654,1.403374061,103.7543385
640487,1.348725116,103.7272432
597448,1.325165437,103.7651467
638113,1.310219806,103.632322
128737,1.308266089,103.7637947
278912,1.313993566,103.7786896
681405,1.380388526,103.7395195
120414,1.311581073,103.771625
588267,1.335914107,103.786223
588289,1.338424647,103.7856683
638303,1.339037835,103.6922016
276201,1.31297901,103.7823956
649036,1.342706397,103.6875885
276223,1.313257139,103.7817556
127898,1.314936888,103.7566706
279931,1.31900695,103.7854983
639083,1.32206265,103.6432639
599423,1.335361194,103.7696911
267016,1.315951991,103.7920169
139223,1.306242741,103.7868758
289165,1.334295476,103.8057137
266989,1.32234062,103.8086092
140088,1.304886344,103.7991816
677936,1.396194327,103.7535461
678891,1.371744472,103.764939
267545,1.326713622,103.7953122
618343,1.338813286,103.7175998
286653,1.327061399,103.8128962
286654,1.327068297,103.8126665
119634,1.291125775,103.7730324
276996,1.315732435,103.7850356
287393,1.328235537,103.8081442
738059,1.417076507,103.7577822
139350,1.306359178,103.7907654
286637,1.328545133,103.8088475
648218,1.352225624,103.6974547
739450,1.435983365,103.7466862
277415,1.320000266,103.7888027
679654,1.372532272,103.7690124
648574,1.351550693,103.6992512
627681,1.333584899,103.703513
669381,1.354353211,103.7595494
649808,1.345422006,103.7165185
600254,1.343488185,103.7377384
127309,1.293261717,103.766676
277584,1.330050444,103.7915159
277975,1.311869146,103.7985183
637858,1.298540459,103.6297266
678117,1.368381607,103.7666875
679492,1.369542748,103.7713626
729324,1.409544916,103.751463
276581,1.322671187,103.7913982
648861,1.351097176,103.7008382
141081,1.294620407,103.8092773
287869,1.333580778,103.8006156
269413,1.322887092,103.8101773
628731,1.331683333,103.6962369
629795,1.332989252,103.7041648
648769,1.351293571,103.7012596
648647,1.352744218,103.6978111
629416,1.312996859,103.6625139
588551,1.341773936,103.7825872
276311,1.315695453,103.7888412
587904,1.344331026,103.787793
608972,1.304140484,103.7406161
667957,1.36069717,103.7592757
600405,1.319234207,103.7496543
266399,1.319891035,103.8074301
658278,1.368547994,103.7512544
127481,1.315759499,103.7538893
737952,1.416561367,103.7553996
688687,1.391507231,103.7526304
648812,1.352338177,103.7003652
596238,1.336116392,103.7709977
119554,1.276853864,103.7917422
127395,1.311676342,103.7581421
668978,1.359136333,103.760842
127868,1.313823087,103.7561412
129452,1.318833662,103.7575628
129127,1.31984221,103.7598117
268716,1.314373135,103.7951987
619408,1.323944183,103.7281579
126830,1.295268779,103.7676812
139233,1.307272862,103.7866421
648551,1.353870711,103.6987995
266871,1.318716144,103.7894338
127899,1.314968478,103.756722
668207,1.375124318,103.7585727
588691,1.335490665,103.7867933
288757,1.335572184,103.7893681
619495,1.314628215,103.721947
637866,1.298331639,103.6303647
287124,1.330112722,103.8095747
587895,1.343942938,103.7880447
270047,1.308532495,103.7923851
267903,1.316886945,103.7957272
142054,1.301649988,103.7967964
628745,1.331982015,103.6938358
650627,1.351846127,103.74935
118938,1.291946731,103.7716747
668310,1.376995899,103.7591526
619120,1.322449924,103.7224746
619833,1.330375207,103.7119234
648595,1.354204667,103.6984356
618351,1.338680053,103.7173861
598637,1.343184597,103.7704336
678007,1.398315143,103.7533398
629420,1.313239002,103.6628772
267167,1.323617368,103.7980609
268025,1.31741079,103.8024618
129065,1.320956439,103.7557792
638831,1.325111624,103.6352342
266320,1.317917538,103.7931089
268428,1.321334082,103.7907383
279641,1.32981813,103.7899322
267788,1.322716822,103.7929513
269678,1.312451113,103.8006636
688710,1.390194014,103.752827
618432,1.340360128,103.7179324
119142,1.280943577,103.7876395
678067,1.359609829,103.7676041
588541,1.340477628,103.783136
117301,1.280870976,103.7905816
267567,1.326803011,103.7939603
639410,1.321961245,103.6552826
638075,1.348278895,103.6816476
638316,1.339451891,103.6914208
637962,1.336723129,103.6917625
268555,1.324233057,103.7937658
288211,1.336380525,103.790448
277912,1.328765572,103.7935499
266273,1.321062279,103.7916956
276506,1.327512793,103.7932723
609383,1.303573874,103.7503868
610365,1.337725927,103.7201847
596473,1.319117514,103.7725031
739931,1.416007215,103.759474
609126,1.317718826,103.7351241
641864,1.349692295,103.695081
648832,1.350759197,103.699811
128090,1.314225952,103.7565514
638526,1.337325383,103.6383503
279757,1.323562348,103.7850721
289163,1.334753224,103.8057878
628101,1.324491269,103.6830319
277406,1.319280814,103.7872693
719019,1.421769733,103.7164802
269472,1.322496175,103.8053658
289053,1.336449445,103.8080084
598124,1.341208294,103.7731439
598152,1.336280695,103.7655084
639100,1.327460145,103.6399938
629972,1.320635112,103.6934085
275748,1.311049168,103.7941455
648556,1.353511531,103.6987284
627611,1.27275029,103.6632606
128659,1.309348975,103.7618953
128043,1.297900435,103.7662212
629929,1.31535566,103.6798032
669256,1.353353774,103.757433
129358,1.319376613,103.7596913
127872,1.313621288,103.7562694
267358,1.324659623,103.7954737
269077,1.323287547,103.8066419
127230,1.314906884,103.7571151
597321,1.327773953,103.7677499
636957,1.353819992,103.6882429
128420,1.315957449,103.7509334
737947,1.416268954,103.7550925
648798,1.352099459,103.7007094
680707,1.39061452,103.7471555
267751,1.321724384,103.8098755
597865,1.343095914,103.7716553
648286,1.35150324,103.6974897
127714,1.319017673,103.7553887
266913,1.324094488,103.808364
596247,1.335671343,103.7707742
138837,1.293946766,103.7985794
629728,1.324111406,103.6927992
679036,1.363990212,103.7694909
648803,1.352486114,103.7007732
267786,1.322736331,103.7924527
648711,1.351798352,103.7000718
637409,1.316712679,103.6291433
278503,1.308967961,103.7975416
679489,1.370453814,103.7715618
728786,1.406388719,103.7470038
609477,1.345041791,103.7334205
609916,1.325199517,103.7463772
119962,1.275214866,103.80133
127843,1.313430295,103.7560831
596983,1.338375784,103.7664807
629055,1.324486346,103.6711236
640275,1.353114511,103.7031352
117329,1.281289197,103.7891334
119639,1.292117625,103.7728645
267093,1.325592965,103.7975217
269282,1.320969498,103.7953171
267085,1.325174174,103.7978061
128740,1.307855848,103.7641606
128434,1.312344877,103.750066
628556,1.313148602,103.6947459
597124,1.326278483,103.7656007
688599,1.391464286,103.7504283
629850,1.318063559,103.6848049
596506,1.33763407,103.7721501
648835,1.35110356,103.6999289
287815,1.333576643,103.8014689
596564,1.336730342,103.7711493
600022,1.32277239,103.7397143
268625,1.32073627,103.7945441
618344,1.339074733,103.7173641
638168,1.338065322,103.6908343
288632,1.332775829,103.8042955
637850,1.308993233,103.6308679
678620,1.36732528,103.7695612
598751,1.356245073,103.7646913
638585,1.333738977,103.6376166
598752,1.356283705,103.7641881
588318,1.340289722,103.7860145
628988,1.326198123,103.6703702
629912,1.314358521,103.6794137
119153,1.280113077,103.7885409
268698,1.312825027,103.7954779
140183,1.295687406,103.8048623
639247,1.331205014,103.6526828
277786,1.330731455,103.7932788
587901,1.343942938,103.7880447
279653,1.328572939,103.7906734
128332,1.309181632,103.7560343
279744,1.323924906,103.7822967
598748,1.357484806,103.7660046
590011,1.338002612,103.7726033
648687,1.3519795,103.698547
637521,1.317967614,103.6327057
681421,1.381439226,103.7410236
268099,1.319963925,103.8082667
287193,1.331275429,103.8096384
678494,1.368010962,103.7699379
629609,1.319062184,103.6729317
627657,1.334284269,103.7026168
627658,1.334207261,103.7026167
627659,1.33412884,103.7026169
598530,1.343698056,103.7670717
638990,1.321713371,103.6404131
648768,1.351295161,103.7012082
628606,1.327236305,103.6975852
278260,1.310388797,103.79736
269336,1.321431859,103.7975451
678724,1.36757517,103.7705164
267240,1.324806555,103.7966235
267981,1.320203232,103.8054788
648130,1.346117466,103.724023
628043,1.310118829,103.6942352
266462,1.319216114,103.8069571
648282,1.351617782,103.6973348
638805,1.313623654,103.6513631
129479,1.319520725,103.7569732
279954,1.331805909,103.7861746
119377,1.278518228,103.7895125
596957,1.339058696,103.7664307
279342,1.320852376,103.7873569
598936,1.335652346,103.7656698
117822,1.277390295,103.7900693
638566,1.336559224,103.6372271
629702,1.325740645,103.6871655
598027,1.337242011,103.7697783
598383,1.34440807,103.7676753
629956,1.25823390290087,103.67043942726
279488,1.323742752,103.7865532
600039,1.321368811,103.7428451
287737,1.32755912,103.8085734
597443,1.325164475,103.7652025
629316,1.318955026,103.6688515
629059,1.324346958,103.6702536
266868,1.318716144,103.7894338
266331,1.323759474,103.7993217
677958,1.39706507,103.7536881
678206,1.35976062,103.7675853
679254,1.369152367,103.7682995
599890,1.336041833,103.7725658
679885,1.372576375,103.7693126
127407,1.312222417,103.7575323
669020,1.360913897,103.7598418
118786,1.292449086,103.7683319
648535,1.353625866,103.699154
628559,1.314675398,103.6947689
628561,1.313911016,103.6951867
628558,1.31454498,103.6938954
628557,1.313851201,103.6943209
688636,1.39180965,103.7514807
648538,1.353213453,103.6991594
287416,1.327325418,103.8075323
268056,1.322766937,103.8103525
670468,1.387482618,103.7734672
277821,1.330155253,103.7940407
636748,1.282674723,103.6474059
669820,1.358187568,103.7587362
636845,1.274985257,103.6370098
266216,1.313051482,103.8016633
289970,1.33677028,103.8143424
277952,1.317122926,103.7871439
269086,1.323435277,103.8062297
638031,1.302660606,103.6280524
640697,1.341605075,103.7080875
268345,1.321270805,103.7954785
639229,1.327629235,103.6487405
110008,1.286480149,103.7763822
637619,1.300450421,103.6273906
599281,1.333329335,103.7677434
589203,1.342358237,103.7855696
279311,1.32227237,103.7873602
120435,1.314562106,103.7625302
648663,1.352411798,103.6982837
627731,1.278694133,103.7182486
278031,1.308985543,103.7988894
658349,1.370052081,103.7514148
275857,1.326904716,103.7903339
275858,1.326904716,103.7903339
638986,1.321104931,103.6413278
638150,1.338454617,103.6913391
277519,1.320526894,103.785359
277521,1.320465137,103.7856576
120513,1.308666022,103.7602582
738004,1.417693145,103.7573844
118081,1.2780598,103.7902496
596309,1.342346593,103.7750379
658676,1.370689765,103.7529022
629791,1.332190991,103.7045719
628573,1.325190611,103.7026579
619626,1.329805768,103.7113892
639308,1.328934383,103.6511596
648875,1.351084927,103.701256
130022,1.307069743,103.7835844
637003,1.276813212,103.6322592
627807,1.236121896,103.6809359
119786,1.279056929,103.7889666
276284,1.313185144,103.779566
128663,1.309517834,103.7620387
118824,1.290355765,103.7764374
651247,1.349969437,103.7564978
599666,1.344379404,103.7710666
589877,1.340574114,103.7884206
639251,1.33187626,103.6511622
680153,1.379151239,103.7585549
599691,1.343904785,103.7705315
597879,1.343813985,103.7717277
589323,1.346772321,103.776376
598241,1.335523535,103.7729241
279739,1.325450416,103.7829537
138498,1.291828565,103.7929073
276281,1.313383322,103.7795719
119744,1.277952793,103.788283
119019,1.28705409,103.7928946
129057,1.321315416,103.7563247
599431,1.335477898,103.7699897
118136,1.279803223,103.7859096
677847,1.372823488,103.7724185
127333,1.294358647,103.7664752
277816,1.329741615,103.7940861
642176,1.348006308,103.7101756
126784,1.292160571,103.7661576
688347,1.390914572,103.7503236
126829,1.295298297,103.7674357
637210,1.316439824,103.6339615
278006,1.310943969,103.7971103
587773,1.346194685,103.7767446
587777,1.346444308,103.7768073
587757,1.34659126,103.7775539
597973,1.343845739,103.7726065
276919,1.315877902,103.7789819
289895,1.327843271,103.8133143
637458,1.349725179,103.684368
637368,1.300831344,103.6211688
599219,1.334635428,103.7684136
589849,1.337925358,103.7885146
636939,1.270100695,103.6332776
589704,1.347505445,103.7871801
128442,1.312767675,103.7532918
668302,1.376592115,103.7594417
599706,1.344967023,103.7713237
278001,1.310981757,103.797474
618371,1.339510169,103.7170053
596911,1.337585606,103.7645743
128761,1.308646631,103.764317
286648,1.328392898,103.808657
126805,1.292845875,103.7670421
127305,1.292795122,103.7670913
276575,1.32240509,103.791984
597196,1.325247989,103.7685957
679852,1.37155516,103.7696591
639662,1.351940916,103.687494
149059,1.302050821,103.8002646
628711,1.330802334,103.7025197
680626,1.398320829,103.7458781
658330,1.368988774,103.7527333
266360,1.322889178,103.8005157
129545,1.318164272,103.7593324
596918,1.337702593,103.7649288
277921,1.328121133,103.7923482
269391,1.315517946,103.7901753
609779,1.341829509,103.734812
669431,1.353484718,103.7595904
268692,1.313259435,103.7947234
276370,1.310581646,103.7985808
658355,1.370064278,103.7516204
119110,1.280309098,103.7875018
658579,1.369955954,103.7507575
648165,1.354618893,103.7093813
688769,1.390233209,103.7499076
599668,1.344422203,103.7711266
637058,1.243831157,103.6141718
286890,1.325613762,103.8107312
628883,1.333816522,103.6929428
128687,1.307747557,103.7623816
688562,1.391561443,103.7515893
128649,1.308822197,103.7616601
117429,1.291589821,103.7725532
640475,1.348098041,103.7250872
288867,1.331129687,103.8007843
638263,1.33784494,103.6909983
658819,1.338349152,103.761199
279412,1.324912949,103.7857208
596368,1.34454859,103.7728837
628783,1.329590246,103.6913868
269797,1.320542594,103.7981227
679637,1.370630586,103.7675117
688750,1.389967778,103.7509904
127216,1.314454255,103.7571465
669931,1.357526487,103.7593533
596593,1.337119768,103.7650459
597329,1.329247537,103.7677064
618396,1.339612643,103.7178024
650189,1.345795732,103.7463401
650188,1.346284882,103.7460032
650353,1.361749564,103.7497987
650341,1.36280452,103.7491572
652467,1.356140119,103.7431638
128422,1.314903483,103.7519438
149380,1.298152421,103.8080399
279067,1.313236283,103.7834251
600262,1.344127143,103.7411124
600264,1.343828697,103.7416542
628639,1.325078073,103.6858212
629056,1.324498326,103.6709325
119171,1.280169829,103.7882032
668706,1.358980752,103.7593583
677944,1.396700856,103.7534324
287699,1.329357317,103.8077812
680404,1.380129649,103.7388888
680525,1.391506892,103.7415387
119358,1.279478001,103.7900751
638761,1.318746299,103.6505635
143048,1.293605657,103.8084478
609601,1.334666619,103.7469566
269309,1.321270917,103.7963667
276354,1.31105004,103.7989473
638328,1.340120473,103.6914734
640536,1.349920946,103.7167179
277078,1.316353563,103.7820569
638116,1.310578911,103.6304576
128713,1.30805618,103.7631123
589105,1.337220981,103.7852431
268447,1.321558922,103.7910262
651464,1.357370214,103.7417497
118304,1.28283645,103.8001915
650454,1.351889714,103.7416416
287914,1.33405483,103.7996951
289507,1.332199963,103.8066842
139150,1.303890376,103.7765834
119332,1.279775687,103.7903464
288143,1.336123847,103.7905341
601216,1.339719403,103.7380615
129058,1.321302946,103.7562655
599062,1.334916064,103.76804
639450,1.324186465,103.6528486
609935,1.327608244,103.7492192
608562,1.3161124,103.7306018
598934,1.33565776,103.7657367
589129,1.339261707,103.7847556
690302,1.360625151,103.738768
728689,1.409436037,103.7456222
277554,1.330722319,103.7925366
658353,1.370062108,103.7515679
637280,1.317583879,103.6295151
128569,1.306197058,103.7662987
590012,1.338402743,103.7726858
266821,1.320829455,103.7909936
688481,1.392263371,103.7501311
658486,1.372089696,103.7524513
276513,1.327704584,103.7927761
618720,1.333190328,103.7234911
287642,1.3280033,103.8072316
619708,1.331258331,103.7191865
129070,1.321189992,103.7555966
269284,1.321016341,103.7955158
729939,1.407541244,103.7581282
677948,1.397182224,103.7543169
276347,1.311261187,103.7990667
598335,1.335620805,103.7806585
658334,1.368995807,103.7528431
267401,1.325547675,103.7931424
287415,1.327245773,103.80765
588725,1.336016293,103.7878949
637751,1.311990825,103.6316258
127916,1.316607461,103.756272
268644,1.319831321,103.7940038
688738,1.389818662,103.751657
128232,1.307696573,103.7566707
119960,1.276666963,103.8021122
598608,1.341433167,103.7718192
638493,1.309981401,103.6526857
276279,1.313327512,103.7799081
596500,1.337428305,103.7709932
689038,1.377096465,103.7451849
277243,1.318106992,103.7811872
648461,1.351430714,103.6985796
597125,1.325557203,103.766008
729136,1.416954849,103.7506625
129525,1.318125118,103.7587374
679666,1.373635353,103.766429
269782,1.328090524,103.802021
596606,1.337560552,103.7654034
276169,1.326231166,103.7833225
718882,1.431544655,103.7121844
688388,1.390024693,103.7517027
648334,1.339149788,103.7054974
276136,1.325607559,103.7844429
688404,1.390126864,103.7512467
599409,1.33529652,103.7690035
629469,1.317965187,103.671039
269057,1.324881378,103.8022611
627828,1.297232259,103.6684294
628423,1.306013258,103.6548062
668608,1.359910231,103.7621135
619158,1.317989101,103.7106547
121109,1.321669866,103.7703516
678761,1.357759681,103.7684594
669472,1.355322427,103.759216
588481,1.340983846,103.7821797
650321,1.361316993,103.7477412
270019,1.311438523,103.7882989
638721,1.316561304,103.6421147
288615,1.3322976,103.8023377
628015,1.327205318,103.6904421
597559,1.346596885,103.764233
268152,1.317037938,103.8052778
596916,1.338009303,103.7646515
596358,1.344033099,103.7742645
588657,1.343800141,103.7879507
588658,1.343800141,103.7879507
276149,1.326470529,103.784251
597045,1.343423489,103.7739067
729377,1.414672989,103.7517738
587934,1.34450346,103.7884026
728671,1.434578673,103.7453666
628511,1.316455951,103.6955426
120706,1.30676076,103.7623631
120707,1.306287483,103.762395
277516,1.320646714,103.786563
628566,1.312138072,103.6934439
739711,1.41578507,103.7581633
286952,1.336801525,103.8058617
269673,1.319256031,103.8014735
598092,1.336856395,103.7650954
118969,1.291768029,103.772258
648742,1.351322756,103.6998789
679360,1.371139932,103.7707977
729643,1.401264057,103.7549658
269781,1.329250472,103.8010241
139243,1.306133222,103.7864485
268727,1.313818758,103.7936874
268728,1.313784902,103.7937363
269612,1.323766474,103.8042785
587769,1.346246526,103.7769704
118416,1.292147821,103.7791635
279251,1.321939319,103.7840896
119866,1.276045186,103.7971873
680572,1.393717621,103.7453038
287310,1.32879405,103.8085185
588617,1.338697319,103.7887239
127815,1.31445891,103.7556892
689428,1.377104447,103.7582064
698928,1.373765049,103.7217817
679791,1.37082465,103.7684245
599637,1.341749583,103.7718049
286790,1.329278418,103.8057639
739702,1.415753146,103.7589486
596537,1.338578434,103.7710438
729940,1.407288197,103.7581333
739626,1.417119773,103.7581011
658719,1.339638165,103.7616019
597283,1.325314324,103.766288
278044,1.3092625,103.7984907
127909,1.315315873,103.7572815
279211,1.312161577,103.7843073
637990,1.339724514,103.6908095
638143,1.339271364,103.6911892
278756,1.313893879,103.7813232
738026,1.416054264,103.7567004
738027,1.415751105,103.7569732
269044,1.324187918,103.8020587
159945,1.292779352,103.809267
129092,1.321344788,103.7587864
629098,1.328194191,103.6761834
589854,1.338404382,103.7882598
739495,1.43598992,103.7542793
650132,1.350652438,103.7456252
596384,1.345104918,103.7723243
650153,1.347479478,103.7442765
628560,1.314598886,103.6952851
598025,1.337260461,103.7700843
120112,1.323301238,103.7698535
120117,1.324460582,103.7711846
680122,1.378518984,103.7496307
629112,1.327180231,103.6763312
670465,1.387227629,103.7727901
289572,1.335137016,103.7988346
129340,1.318209082,103.7578112
669913,1.357549657,103.7601364
276649,1.318251971,103.7878348
629353,1.297726816,103.6703861
658709,1.371828316,103.7531853
688768,1.390200635,103.7499599
587919,1.344213673,103.7882792
589410,1.34895252,103.7889801
276427,1.325940073,103.7925208
679671,1.372435507,103.7695311
637993,1.33957301,103.6906176
681165,1.382737046,103.7535171
597738,1.343183026,103.7733473
278178,1.30977491,103.7983176
128194,1.309118221,103.7648447
600247,1.342024246,103.7390097
679315,1.371878123,103.7713526
119100,1.280179145,103.7869534
269162,1.323335038,103.8013888
118737,1.290812621,103.7708653
276623,1.319682916,103.7888357
739925,1.41433976,103.7582354
287443,1.331504959,103.8087117
651259,1.350737307,103.7599454
629844,1.320216625,103.6830321
669587,1.353674206,103.7605499
599528,1.323678121,103.7742619
658338,1.369698177,103.7511894
653449,1.35205576,103.7415043
688431,1.390674048,103.7504329
589373,1.347935865,103.7883817
287612,1.332202516,103.8086156
278455,1.308671497,103.7992654
637919,1.336887485,103.6912474
627810,1.305863831,103.6742384
120446,1.312513057,103.7649278
597323,1.327926013,103.7677112
609277,1.301663804,103.7507382
141050,1.297140906,103.8037912
277615,1.3290918,103.7930866
600278,1.340901578,103.7464371
267779,1.32241091,103.7927926
679135,1.367023268,103.7688548
669844,1.358911364,103.7577092
668321,1.376229837,103.7601101
117453,1.292077784,103.7699959
618435,1.340475726,103.7187601
599688,1.343704285,103.7705538
650101,1.346706361,103.7469207
608604,1.337367293,103.7520155
267883,1.315688905,103.796438
599896,1.336235478,103.772792
266366,1.321521302,103.7966897
638309,1.339370196,103.6920034
657290,1.343282023,103.7579868
652290,1.343262731,103.7565315
636793,1.270486283,103.6280928
629268,1.318033192,103.6667371
636881,1.268483394,103.6280109
597787,1.34428591,103.7731049
289056,1.336418658,103.8074316
638991,1.321237738,103.6399797
639773,1.345080338,103.6864116
639774,1.345364975,103.6865143
658263,1.368376922,103.7517822
286862,1.336814119,103.8061422
127709,1.316616762,103.7552927
268780,1.329157557,103.795364
598600,1.340600802,103.7727897
597707,1.343488838,103.7718763
268384,1.321493593,103.7934453
597396,1.326290449,103.7673802
629883,1.304505033,103.6782624
277121,1.317518585,103.7807674
599645,1.342008786,103.7715752
276501,1.327903632,103.7933978
128745,1.308349752,103.764056
276154,1.325886876,103.7838342
658577,1.369851848,103.7507879
599908,1.33662362,103.7733151
629934,1.311432167,103.6804065
598069,1.336551619,103.7670287
277062,1.315721134,103.7820169
127841,1.313201318,103.7557061
127920,1.316415836,103.7564195
276785,1.317275767,103.780193
279472,1.321522021,103.7875019
728853,1.430168947,103.7486805
598543,1.344062193,103.7662782
286874,1.337488816,103.8053412
288730,1.337187826,103.8006944
636818,1.317998017,103.6308413
669625,1.353375794,103.7614792
609186,1.308320852,103.7364743
266292,1.32092058,103.7914016
128069,1.314401117,103.7568509
668773,1.359590714,103.7620322
268558,1.324499674,103.7937855
618479,1.339737927,103.7189807
269013,1.322538892,103.8064835
276349,1.311212595,103.7990368
628379,1.300695729,103.6638248
128176,1.308846797,103.7638419
286871,1.337510942,103.8054849
286872,1.337504089,103.8054389
286873,1.33749594,103.8053868
648676,1.352407098,103.6989117
139585,1.307935254,103.7757038
738025,1.415707239,103.756938
610346,1.340236567,103.7208852
601354,1.344284692,103.7320519
128462,1.302599018,103.7611337
652461,1.355212326,103.7401836
140166,1.29069966,103.8023629
287231,1.326810196,103.808614
118873,1.282331877,103.7846315
127233,1.313936159,103.7574547
668326,1.3766571,103.759689
599068,1.334539353,103.7680161
269198,1.324355388,103.8052651
599224,1.335052303,103.7686678
119801,1.280641587,103.7972964
288529,1.327348543,103.810863
588678,1.335268087,103.7873803
648413,1.353124444,103.6982362
597038,1.34336578,103.7742787
129208,1.322090301,103.757391
278891,1.313587885,103.7796681
276174,1.3264853,103.7829712
597119,1.326103799,103.7655833
678807,1.360896116,103.7681507
267204,1.323693553,103.7968753
288796,1.332914711,103.8013119
288802,1.332945714,103.8009814
681203,1.381219272,103.7489457
127630,1.316088189,103.7550814
127720,1.318071301,103.7544729
277958,1.317357247,103.7867055
648299,1.352209926,103.6980951
648212,1.352208339,103.6981496
689041,1.37739998,103.7448083
669682,1.378403415,103.759751
266810,1.319865302,103.7909935
597319,1.327546464,103.7677374
120448,1.313319693,103.7645172
679037,1.364461685,103.7695891
129178,1.322849866,103.757183
599609,1.342080294,103.7735641
277236,1.318440391,103.7815077
596685,1.339868616,103.769406
668287,1.376333607,103.7591974
669503,1.354951946,103.7602523
677728,1.380809053,103.7598709
599557,1.322764967,103.7732993
287395,1.328352016,103.808445
658369,1.370082292,103.752
650463,1.356835513,103.7414473
288983,1.334059728,103.8079267
629672,1.315355289,103.6681921
269104,1.323710336,103.8053625
269573,1.322840074,103.8057546
587995,1.340012552,103.7819037
619563,1.317342482,103.7264326
679294,1.368496253,103.7693798
597796,1.344400006,103.7726031
128254,1.307816818,103.7561216
669480,1.355314945,103.7594651
278907,1.313604126,103.7787942
118650,1.287632785,103.778563
648729,1.351666076,103.699706
129405,1.320149454,103.7567704
288422,1.328993475,103.8117692
638176,1.337951944,103.6905704
598842,1.340654931,103.765226
277179,1.315377356,103.7806273
608593,1.335847481,103.751908
599657,1.342303162,103.7712919
670420,1.384650007,103.7695173
670421,1.384396372,103.770045
119963,1.273625583,103.8012223
679318,1.370661646,103.7712317
279814,1.311357589,103.7908497
738032,1.416347693,103.7569277
588947,1.339874632,103.7803335
130004,1.303407683,103.783274
600308,1.347307908,103.734584
628078,1.32956164,103.6997738
266239,1.321284436,103.7926541
680410,1.380627988,103.7415201
269081,1.323358125,103.8064361
267309,1.325988781,103.7955736
658496,1.37212115,103.7527923
277306,1.317844551,103.783326
288762,1.336304533,103.7893401
139962,1.29515086,103.7879937
129156,1.321296869,103.7578864
599106,1.334143274,103.7679387
289096,1.333555833,103.8055459
287303,1.328574739,103.8090736
629345,1.29892595,103.6659792
658247,1.368398591,103.7522507
277100,1.316927318,103.7815037
127999,1.315268256,103.7582695
650291,1.343667663,103.7560517
653291,1.343517906,103.7553918
288487,1.32736574,103.8103603
288448,1.327701455,103.8104824
619031,1.327311596,103.7123364
589106,1.337271426,103.7852402
119357,1.279223945,103.7896419
599692,1.344052235,103.7705119
267202,1.323585344,103.7968965
670634,1.386270019,103.7575714
118927,1.292292333,103.7712988
276861,1.314594076,103.7846429
728672,1.434480885,103.7454314
128347,1.311769878,103.7537934
609025,1.306991654,103.7347958
641547,1.352364637,103.7146945
269322,1.321346144,103.7970521
645667,1.342037802,103.7025098
286942,1.336399818,103.8054657
269190,1.323653033,103.799932
117432,1.291448619,103.7725423
592001,1.317558212,103.7738358
286972,1.335818118,103.8053786
117478,1.288454677,103.7770043
688576,1.391654205,103.7511901
127585,1.314501026,103.7578313
669183,1.35374373,103.7596719
288901,1.3282449,103.8065731
638989,1.322002801,103.6417641
608501,1.334936475,103.7571702
636797,1.270065221,103.6281093
637931,1.336580168,103.6914878
680135,1.380452724,103.7515563
679038,1.36483719,103.7693714
640662,1.33674694,103.7031787
598941,1.333622243,103.7664716
267723,1.318622273,103.7986767
597926,1.342625508,103.7738795
670419,1.383945101,103.7696137
670454,1.384502431,103.7715374
268175,1.319661853,103.8082972
640462,1.350659666,103.7223482
269343,1.322635376,103.7979447
679973,1.378229559,103.7749153
679669,1.372494471,103.7695261
277612,1.328870565,103.7933932
658724,1.339141363,103.7611777
266254,1.320963369,103.7927128
266253,1.320945238,103.7926728
275788,1.316218928,103.7858838
275787,1.316149983,103.7859046
650192,1.345592352,103.7447894
649371,1.352343655,103.7218323
637921,1.336841126,103.6912838
638003,1.339058983,103.6900977
127294,1.292426106,103.7676285
671227,1.374649627,103.7720568
637746,1.301411955,103.6275434
648601,1.354292463,103.6982968
648209,1.352434432,103.6979248
266407,1.319945464,103.8069277
278494,1.309598958,103.7974609
278458,1.308609588,103.7984215
628147,1.310124285,103.6814967
286802,1.336388217,103.8073509
644218,1.35085552,103.7120834
597238,1.329586852,103.768315
637885,1.298600653,103.6312639
276841,1.315156918,103.7829951
639311,1.325724347,103.6500883
671651,1.386491401,103.7639789
670652,1.387448623,103.7638472
268794,1.327199902,103.7956261
289318,1.333388123,103.8064799
589123,1.338788028,103.7848872
600344,1.34571039,103.7306926
596282,1.335317436,103.7709575
276503,1.327716438,103.7933445
289337,1.334713346,103.8059996
718878,1.445914514,103.7152581
629838,1.334129426,103.7037586
629879,1.304015123,103.68031
679868,1.371884488,103.7687044
668691,1.358341328,103.759592
619035,1.327326375,103.7115694
729450,1.419717208,103.7419986
587946,1.344503461,103.7884026
599860,1.33479202,103.7729343
671505,1.384955091,103.7676795
118152,1.280938455,103.7865615
276870,1.313946528,103.7849797
289214,1.331164619,103.806552
117784,1.285773857,103.7952929
128234,1.307743986,103.7567344
277257,1.318689185,103.7820825
639033,1.3331878,103.6434932
668948,1.35858002,103.7615822
596724,1.34179125,103.7653978
670246,1.381371528,103.773245
628555,1.312681232,103.695042
269379,1.322536653,103.800684
669366,1.354692863,103.7602711
288416,1.328060184,103.8117396
639687,1.34520202,103.68432
598091,1.336866485,103.7651536
597327,1.329049766,103.767683
658221,1.369115009,103.7535251
608783,1.31581803,103.734998
608782,1.315909271,103.7345748
618345,1.338762266,103.7175204
277996,1.311089902,103.7978281
640685,1.343196317,103.7044044
589862,1.339496777,103.788364
278434,1.309729813,103.7991706
267846,1.314635366,103.7974883
277845,1.329496806,103.7941133
637773,1.300958817,103.6289402
618395,1.339890097,103.7175746
636931,1.277341449,103.6332613
277948,1.316919031,103.7873836
589547,1.337815541,103.7846012
669128,1.360412221,103.7628698
637581,1.314794728,103.6281205
130021,1.307036026,103.7846333
130026,1.305913876,103.7815667
739713,1.415866939,103.7580681
118705,1.29101697,103.7746009
596407,1.345687861,103.7714176
688358,1.389837092,103.7525306
638018,1.304784701,103.6300409
267459,1.324163814,103.7952397
589664,1.333235955,103.7852747
589647,1.333151489,103.7848017
599987,1.335893496,103.7832359
688197,1.374476432,103.7393454
688195,1.374327271,103.7397898
266140,1.322705982,103.8035464
128284,1.308212869,103.7571072
278224,1.310829099,103.7984824
679319,1.370625541,103.7714898
266506,1.320446852,103.8026379
268544,1.323757938,103.7943498
288979,1.333846584,103.8079789
618313,1.315033968,103.7263708
289559,1.33603768,103.8010725
266758,1.319926614,103.808467
279347,1.323949418,103.7859554
279674,1.326598866,103.7919086
629897,1.306000604,103.6766173
599110,1.333901669,103.7679646
596518,1.337023857,103.7720617
597709,1.343726124,103.7719262
276173,1.326496953,103.7831103
640531,1.349084238,103.7153429
287152,1.330383585,103.8085426
267408,1.324891827,103.7976118
267331,1.324892732,103.7976639
127021,1.31724328,103.7559782
628129,1.306221892,103.6930567
268136,1.31861997,103.8068402
128432,1.312455731,103.7505466
598870,1.341122641,103.7665735
637507,1.314237836,103.6282687
288041,1.348614775,103.7914373
141152,1.293627987,103.8028414
648656,1.35281546,103.698315
287611,1.332215377,103.8088336
267303,1.326198834,103.7964808
129224,1.322394319,103.7555887
128070,1.314847246,103.7561245
276788,1.317875583,103.7805471
589449,1.334937019,103.7876743
639533,1.322749976,103.6614332
618291,1.31599218,103.7233453
129219,1.322562573,103.7564227
287298,1.329047219,103.8083982
277528,1.319847281,103.7874197
599866,1.335445123,103.7738251
588772,1.335066678,103.7884053
738029,1.416124891,103.7572172
738031,1.416171757,103.7572455
267236,1.324697323,103.7966398
668193,1.376056029,103.7564219
668191,1.376122112,103.7565402
638306,1.339204646,103.692114
287163,1.330859628,103.8086034
287645,1.327729669,103.8066197
117400,1.281301111,103.7848563
638244,1.337375404,103.6903505
277432,1.318949562,103.7874317
142043,1.298710923,103.79858
278731,1.309586543,103.8023465
276605,1.32033696,103.7905857
268630,1.321274112,103.7935982
650460,1.353953767,103.7397171
677864,1.371705836,103.7724182
119695,1.279939303,103.7883871
267152,1.32334792,103.798767
598852,1.340911985,103.7654689
598127,1.341210649,103.773029
128465,1.3006575,103.759174
596828,1.338937977,103.7656693
597935,1.343498949,103.7736958
266428,1.319646202,103.8058112
596837,1.338641483,103.7650577
277944,1.316705943,103.7876041
698999,1.378949021,103.7271422
289298,1.334899524,103.8053393
268600,1.321655026,103.7953896
639823,1.353502315,103.6928954
629974,1.319909427,103.693631
599011,1.335871373,103.7689499
117361,1.298942762,103.7714213
650264,1.349910258,103.7590402
688335,1.390833789,103.7506752
597260,1.324228776,103.7675604
597259,1.32456697,103.7677998
639442,1.320435034,103.6505016
597272,1.325087782,103.766626
688725,1.389653243,103.7523793
639193,1.33032991,103.6432425
648368,1.339644436,103.699024
277276,1.317937388,103.7814973
266547,1.318842773,103.8036998
659630,1.34629709,103.750958
278795,1.317815631,103.78368
599788,1.334522734,103.7705857
268325,1.316297123,103.7936203
648573,1.351500296,103.6992172
289097,1.334035851,103.8055836
627883,1.255993401,103.7042007
288985,1.334134225,103.8078852
277853,1.329777909,103.7934302
669228,1.352508053,103.7588315
598920,1.335693484,103.7662299
638317,1.339718585,103.6917888
658607,1.370884353,103.7525841
118034,1.278761451,103.7910971
267465,1.323593233,103.796589
278430,1.309837319,103.7991095
588280,1.336870724,103.7863842
637529,1.318180733,103.6321305
638770,1.316044821,103.6522021
598089,1.336889416,103.7652776
672634,1.386119886,103.7583286
278157,1.309272703,103.7988768
627877,1.280572724,103.7158532
269434,1.322455695,103.8091038
266085,1.321144503,103.8020016
600411,1.319022393,103.7466919
729495,1.412554403,103.744208
628743,1.331664664,103.6940909
279981,1.331270668,103.7946716
679136,1.366951416,103.7688262
268094,1.320255032,103.808513
119645,1.292236458,103.7732825
271019,1.310637508,103.7915061
287785,1.333078624,103.7993819
688301,1.390626804,103.7516007
684297,1.378107201,103.7430463
268723,1.31318998,103.7949249
277173,1.316178023,103.7808261
276588,1.320766476,103.7895097
598021,1.337751401,103.7692988
629910,1.325417698,103.679852
627581,1.321489094,103.6991251
600260,1.343721756,103.7402229
588953,1.34000394,103.7804589
637973,1.337325189,103.6912919
638165,1.338915318,103.6909575
638282,1.337159962,103.6922291
648964,1.338681025,103.6927673
119051,1.293261678,103.7692791
278270,1.310373698,103.7970626
669923,1.35755484,103.7597076
739790,1.417018199,103.7590913
638859,1.322982298,103.6376271
738013,1.417421545,103.7580178
738007,1.417384251,103.7577866
599720,1.342900409,103.7712108
288127,1.339791778,103.7896778
276359,1.310535982,103.7990668
678507,1.368558655,103.7697128
278863,1.313892338,103.7822038
637984,1.339966882,103.6911221
658387,1.370109245,103.7525288
276899,1.315806317,103.7798992
677683,1.370755656,103.7733867
628948,1.326873771,103.6692813
639775,1.345377665,103.6859408
639125,1.328616109,103.6448468
140093,1.305251938,103.800073
140047,1.298202805,103.8020236
618723,1.332487803,103.7241923
688333,1.390823196,103.7507233
597284,1.325446193,103.7662919
277980,1.311621459,103.7983703
588912,1.340744158,103.7803126
637544,1.297856722,103.6316272
599687,1.343630621,103.7705617
127382,1.308972167,103.7611096
129379,1.31980445,103.7592541
639266,1.331064799,103.6456094
680161,1.380129904,103.758204
589173,1.342896732,103.7852941
268508,1.322559521,103.795792
598894,1.335066385,103.7661578
688602,1.391817768,103.7504677
729665,1.407899206,103.7501909
267948,1.315324875,103.8019795
648267,1.35179135,103.6981387
269577,1.322875953,103.8055942
119002,1.287427996,103.7935298
119008,1.287327807,103.793409
119004,1.287394895,103.7934899
269535,1.322884557,103.8008103
288257,1.335681542,103.8032807
266939,1.322100027,103.8075814
276152,1.325669804,103.7841604
588806,1.337526499,103.7869118
288601,1.334672452,103.8027641
629650,1.315901156,103.6757127
669035,1.360331154,103.7590488
128135,1.308504545,103.7626852
627655,1.334129687,103.7029436
681488,1.3770595,103.7389814
618456,1.34074671,103.7185967
640683,1.342324276,103.7050072
288031,1.348425241,103.7910132
678555,1.359995232,103.7689155
680703,1.391317675,103.7459308
680706,1.390368322,103.7468643
278432,1.309777873,103.7991421
637067,1.309957503,103.6483879
689399,1.377726498,103.7581113
650201,1.345862539,103.7479058
739912,1.417050081,103.7602893
739877,1.415089366,103.7592296
648792,1.352008757,103.7008402
627756,1.261787329,103.6747995
639031,1.33263516,103.6442028
597473,1.325701638,103.7668548
288755,1.335298334,103.7894188
117671,1.289649742,103.7764853
670173,1.379929415,103.7667622
139582,1.307819338,103.7758714
279945,1.331020269,103.7856072
278680,1.330980648,103.7896268
276293,1.331301823,103.7884258
267260,1.325156722,103.7965922
279656,1.328531064,103.791755
129451,1.318743501,103.7579792
640264,1.346077721,103.7068898
659441,1.359403453,103.7482654
598900,1.335319698,103.7660336
127262,1.31416209,103.7577149
276205,1.313114584,103.7824448
117934,1.279034759,103.7905917
679566,1.371054388,103.7661315
638829,1.325651918,103.6364158
688595,1.391513599,103.7505343
277915,1.328479373,103.7934629
599648,1.343436838,103.7709151
287409,1.326797503,103.8082845
287242,1.327212478,103.8080809
609959,1.342244948,103.7327666
127775,1.313180495,103.7590825
266872,1.318716144,103.7894338
266876,1.318716144,103.7894338
127231,1.31399002,103.7574227
277784,1.330634522,103.7929836
598044,1.336544715,103.7675648
669015,1.360591092,103.7598318
688331,1.390809748,103.7507791
278758,1.313892583,103.7808632
279257,1.321700089,103.7845377
278693,1.330398416,103.7894267
597414,1.328147325,103.7684779
120432,1.314020576,103.7627406
659533,1.341615685,103.7514423
127416,1.311694132,103.756945
288800,1.332959805,103.8011102
638034,1.304854212,103.6277452
629587,1.318615036,103.6608014
598028,1.337233286,103.769643
648393,1.352710962,103.6988268
287819,1.332368914,103.7991417
677991,1.397925274,103.7535077
638179,1.338727625,103.6907184
648273,1.351604871,103.6978678
628431,1.302924803,103.6559902
669484,1.355312411,103.7596432
279860,1.332246683,103.7925218
639456,1.325841412,103.6542635
688306,1.391013224,103.7514491
628384,1.30651097,103.6588139
648324,1.342614187,103.7193756
609143,1.310352891,103.7350628
276286,1.313329076,103.7793623
276362,1.310786254,103.7987903
637168,1.316831375,103.6334974
129581,1.314270439,103.7651475
129052,1.321426006,103.7566609
286665,1.328392265,103.8053754
286666,1.328423648,103.8053316
286667,1.328453549,103.8052869
677972,1.397598906,103.7541428
596742,1.342407032,103.7690644
267589,1.325903274,103.7984617
277994,1.3111389,103.7979335
650211,1.346000907,103.7503677
659583,1.344597155,103.7506919
598232,1.336178619,103.7731116
648474,1.350963675,103.6986266
600346,1.345377448,103.730585
121440,1.316001326,103.7641858
122440,1.316239365,103.7635664
119372,1.278653691,103.7899752
598624,1.342238908,103.7710197
268591,1.32322114,103.7953411
729037,1.419042783,103.7480092
598907,1.334644754,103.7660652
637171,1.316586749,103.6334116
637167,1.316915117,103.6335263
591021,1.337865419,103.7717769
698924,1.377610846,103.7184038
698902,1.375200775,103.7181336
129038,1.321229642,103.7571786
648208,1.352464305,103.6978823
289292,1.334737899,103.8053291
268448,1.321528174,103.7910718
739881,1.415267423,103.759356
680643,1.39856129,103.7486044
640447,1.352481247,103.7203994
670453,1.385414239,103.7716808
658412,1.370332012,103.7529061
600345,1.345512106,103.7312191
598554,1.344370904,103.766008
289623,1.33061332,103.8000107
277988,1.311420406,103.7982495
278743,1.31051229,103.8006903
650129,1.351429752,103.7460307
128412,1.313368487,103.7487146
688736,1.389795135,103.7517622
266297,1.321488178,103.7926687
127467,1.315414502,103.7538351
268777,1.329580633,103.7964113
119080,1.299035229,103.7765233
139659,1.304156133,103.7792063
268125,1.31975167,103.8075786
277235,1.318531371,103.7810622
276138,1.325702796,103.7845056
597903,1.344362339,103.7714957
120610,1.304547045,103.7687736
599481,1.330034805,103.7770915
629898,1.306334773,103.6766479
628369,1.30147568,103.6649471
679784,1.370727556,103.7693636
278550,1.310905813,103.801093
679715,1.371056956,103.7694629
289963,1.335806239,103.8158146
289314,1.333177182,103.8068851
668120,1.376280014,103.7589993
269110,1.32413623,103.805661
637363,1.273642974,103.620438
698939,1.389826111,103.7278645
129288,1.320619633,103.7579551
639488,1.320693817,103.6584277
668277,1.376705773,103.7580053
596974,1.338652936,103.7662343
277549,1.329261655,103.7916896
629817,1.33250487,103.7075666
128725,1.308149949,103.7634259
597735,1.342835006,103.7734624
278781,1.315036758,103.7808014
128150,1.308549225,103.7631207
637407,1.316788088,103.6289411
637406,1.316825797,103.6288399
119107,1.280269205,103.7874629
638233,1.337990773,103.6898764
127479,1.315855805,103.7537423
127266,1.314414898,103.7575639
658474,1.370844949,103.7514532
671488,1.389860271,103.7712628
611155,1.328150374,103.7223048
648809,1.352598819,103.7006088
126771,1.298761224,103.7647337
139966,1.297662823,103.7867702
589836,1.337577384,103.787249
118863,1.281709303,103.7841768
729239,1.414728478,103.7477811
279955,1.33207747,103.7861924
289573,1.335553754,103.7988944
149865,1.290282817,103.8054383
278457,1.308611966,103.7991955
275938,1.325998605,103.7917117
269372,1.322235249,103.800375
269154,1.32374167,103.8017368
669432,1.353085283,103.7594583
679051,1.364875522,103.7705208
627783,1.308111936,103.6737857
268799,1.327107735,103.7949853
729680,1.398502417,103.7545244
279344,1.321854894,103.7864687
267952,1.314888998,103.8034153
628141,1.306011249,103.6840478
267635,1.325605111,103.7973545
277611,1.329279203,103.7931418
688206,1.376737407,103.750455
628586,1.323190342,103.698619
678546,1.3596019,103.7683179
269155,1.323621677,103.8017425
599287,1.333215161,103.7673845
637540,1.318311867,103.6326687
267370,1.324952482,103.7948861
628599,1.325762334,103.7001255
679393,1.372237225,103.7713331
636929,1.30275004,103.6237483
600025,1.323079294,103.7377911
677856,1.372377561,103.772078
275880,1.327197488,103.7902956
648259,1.351804975,103.6976045
650104,1.348995003,103.7472582
677830,1.371867846,103.7734281
127784,1.313018748,103.7596427
277457,1.32119999,103.7895166
598826,1.340150069,103.7650349
599089,1.337182833,103.7680579
677725,1.386762235,103.7725234
638757,1.319351247,103.649938
637119,1.27872137,103.6338708
636967,1.291769116,103.6344615
589195,1.342550432,103.7859136
638336,1.335973166,103.6917426
637907,1.337238314,103.6909733
739884,1.415443936,103.758985
679050,1.364370996,103.7706601
279159,1.312923331,103.7837656
117535,1.271600735,103.7992204
126756,1.31968768,103.7526994
619115,1.311976252,103.7201517
599043,1.336384686,103.7693313
120456,1.311928068,103.7669853
120434,1.314568897,103.7616126
269747,1.329526044,103.8002485
658849,1.339278036,103.7617996
279655,1.328424694,103.7905062
627585,1.271430068,103.6619711
148955,1.293047665,103.8062482
588690,1.335473919,103.7868524
640842,1.344478546,103.6934788
640833,1.343744024,103.6943573
268784,1.328103191,103.7958286
648381,1.352464459,103.6991844
648673,1.352194432,103.698597
638368,1.328886001,103.67713
638931,1.319250151,103.6403608
599147,1.334598579,103.7666331
669021,1.360986298,103.7598509
279679,1.330027303,103.7898698
738002,1.417705452,103.7572795
269924,1.319077386,103.79275
267304,1.325531558,103.7958611
277477,1.320760952,103.7887631
277475,1.320598784,103.7887043
279209,1.312247551,103.7843932
678901,1.371852955,103.7652829
688438,1.390349139,103.7502648
637694,1.291547521,103.6238719
287605,1.33208143,103.8092095
117343,1.27926975,103.7849473
688274,1.390809209,103.7523615
599072,1.334258112,103.7681616
275907,1.327014515,103.7908917
139954,1.29814218,103.7865633
289304,1.335068317,103.8053496
650193,1.346008943,103.7444236
127838,1.314300605,103.7562106
677707,1.371233993,103.7733556
288703,1.334247781,103.8020458
596513,1.337112601,103.7724177
286714,1.328868254,103.805295
268478,1.317427626,103.7938662
287577,1.330755519,103.809809
588812,1.336944656,103.7866065
266290,1.320914685,103.79151
587851,1.345942704,103.7758539
678915,1.37200261,103.7657353
739796,1.41702736,103.759683
598096,1.336802045,103.7647947
739522,1.432017303,103.7598669
619415,1.320787909,103.7297513
628718,1.332717218,103.7012427
279102,1.312026096,103.7837201
276273,1.313180362,103.7800295
286780,1.328997448,103.8062167
287398,1.32823668,103.8083636
275934,1.326477015,103.7910334
275964,1.326477015,103.7910334
628049,1.306172209,103.6995937
654291,1.343453413,103.7547883
649112,1.346669197,103.7022842
596541,1.338061589,103.7712295
267687,1.325943638,103.7941307
267968,1.320133752,103.8049566
598199,1.33486689,103.7715647
689455,1.377352384,103.746945
628836,1.330204555,103.69198
596249,1.335653839,103.7707205
279145,1.31169802,103.7844448
596230,1.359093751,103.7657394
610368,1.337470646,103.7197861
610367,1.337697823,103.7191457
276164,1.326246834,103.7837163
126795,1.298775251,103.7643555
287917,1.333987954,103.8003303
278388,1.316174205,103.7875114
127662,1.317987308,103.7550499
637166,1.316801972,103.6338129
279687,1.326299358,103.7916086
277534,1.318891937,103.7857501
598390,1.345123531,103.7675117
598024,1.337683141,103.7691165
267088,1.32488536,103.7978186
266867,1.318716144,103.7894338
270008,1.310572276,103.7876431
289060,1.335942616,103.8067445
277871,1.328858905,103.7926624
670408,1.381805828,103.7688629
648852,1.35074737,103.700386
278516,1.309536602,103.7970927
127313,1.293679605,103.7666129
673635,1.386501871,103.7584339
286776,1.328882221,103.8063967
609183,1.307029687,103.7395063
718788,1.416036505,103.7194972
678799,1.360503522,103.7681459
587993,1.339340773,103.7825398
642712,1.342894179,103.6968926
288036,1.347768444,103.790433
268291,1.316158601,103.7933858
628977,1.325212507,103.6736642
287522,1.326869943,103.8096832
267807,1.323971625,103.7930476
637956,1.337214372,103.6918734
718814,1.419664709,103.7205412
729142,1.416019781,103.7477504
619365,1.321078009,103.7135165
289330,1.3335431,103.8060343
596201,1.345019215,103.7727766
596202,1.345062618,103.7728002
596203,1.345106767,103.7728254
128978,1.323496088,103.7553594
118759,1.29220563,103.7688916
119953,1.27878039,103.8026244
699011,1.383948385,103.7261114
638289,1.337647482,103.6919113
637968,1.337030157,103.6915225
718919,1.419262164,103.6966515
636949,1.271033129,103.6333137
266242,1.321124028,103.7926079
637980,1.336878185,103.6924376
638155,1.339098232,103.6906861
609152,1.302227359,103.7317494
269491,1.32201152,103.8043561
127404,1.312282715,103.7578515
126810,1.296814034,103.7675363
738017,1.417776185,103.758203
658820,1.338007386,103.7612937
629982,1.317299221,103.6908297
638006,1.339012949,103.6899062
638180,1.338784624,103.6906755
267535,1.326886351,103.7961263
658283,1.368829382,103.7511324
279864,1.332411244,103.7920615
278027,1.308630185,103.7988579
247671,1.29538736,103.8149233
609603,1.339216444,103.7414219
279502,1.323470066,103.7873325
648157,1.345474491,103.7246234
268632,1.321161763,103.7934285
279548,1.322569016,103.7857428
140184,1.295609547,103.8044729
140050,1.293845338,103.8087279
141061,1.29399775,103.8109792
140049,1.294021643,103.8082128
129228,1.322837497,103.7559387
287096,1.337928154,103.8051894
121462,1.311500639,103.7656375
601057,1.322534917,103.7372273
650342,1.362583231,103.7485749
589659,1.333615608,103.7873336
596432,1.344935622,103.7703451
269575,1.322911836,103.8057871
279737,1.325512869,103.7827355
278033,1.309015351,103.7988317
601324,1.34844973,103.7296098
267306,1.325327663,103.7958587
628569,1.326899351,103.7033426
289443,1.335820738,103.806174
629048,1.324712273,103.6731515
648779,1.351739601,103.7016046
597031,1.342716782,103.774056
279287,1.321970185,103.7860542
637695,1.291598153,103.6237372
596436,1.345117266,103.7704685
738011,1.417406139,103.7579282
648480,1.351118335,103.698855
628160,1.32712693,103.6911708
598197,1.334919228,103.7714515
629572,1.313054636,103.6646285
289969,1.33673821,103.8148506
680574,1.394414902,103.7451427
637983,1.337059079,103.6925429
597927,1.34270888,103.7738659
289200,1.330905566,103.8068176
668897,1.35940511,103.759965
128570,1.305707441,103.7668642
120458,1.311569936,103.7668671
120433,1.314016223,103.7618274
648758,1.351307059,103.7004538
598926,1.335680319,103.7660452
138998,1.287248408,103.7981063
637674,1.291803029,103.6241192
279421,1.324890312,103.7861233
678072,1.359860916,103.7675776
648714,1.351891554,103.7006296
638502,1.310033155,103.6496772
653439,1.357628613,103.7388575
637739,1.301082613,103.6284514
609041,1.306589986,103.7370474
266744,1.321997596,103.8108844
587992,1.340493898,103.7843586
628103,1.324814363,103.68331
268109,1.319829972,103.8081222
587761,1.346439978,103.7773817
637997,1.339412621,103.6904137
597402,1.326842706,103.7681011
140041,1.298640481,103.8019397
288464,1.326037022,103.8105566
128645,1.308660713,103.7618056
688429,1.390660264,103.7504892
279709,1.332099284,103.791429
276363,1.310329815,103.7988083
597789,1.344328391,103.7729579
598097,1.336794849,103.7647303
589641,1.33316201,103.787363
269735,1.325888677,103.8007472
637950,1.337567438,103.6916009
598195,1.334904598,103.7713207
596168,1.355293419,103.7649174
600038,1.321138966,103.7427876
729501,1.410510211,103.7425776
658760,1.339829525,103.7603343
279813,1.311756464,103.7910764
288413,1.327835655,103.8122345
637789,1.297557585,103.6261284
728787,1.406648786,103.7530253
629424,1.313647055,103.6629071
648146,1.3520946,103.6963648
688200,1.373870692,103.739643
119335,1.280093182,103.7900451
598859,1.341105383,103.765857
729343,1.410330583,103.753267
288132,1.341596919,103.790541
267701,1.325705479,103.7936014
279591,1.32436633,103.7866048
600243,1.342064065,103.7433067
600343,1.345883391,103.7310836
598912,1.335403581,103.766543
637367,1.288983128,103.6275161
597415,1.328322431,103.7686236
142200,1.289188612,103.8008995
128972,1.321763746,103.7549722
287258,1.328061833,103.8075626
648567,1.353650008,103.6980925
127875,1.313065812,103.7560441
588099,1.339296168,103.7818641
636947,1.271642258,103.6335123
287239,1.327444109,103.8083722
670460,1.387251466,103.7720835
670459,1.387611612,103.7717174
670461,1.386974345,103.7712801
648554,1.353479888,103.6987743
588192,1.352726739,103.768853
652438,1.357889786,103.7404812
129102,1.321997074,103.7586164
638009,1.338861733,103.6897141
637926,1.336604977,103.6909433
739430,1.43582129,103.7471756
268213,1.318527045,103.8026271
269584,1.322943708,103.8066079
269530,1.322830281,103.8014166
628080,1.329513526,103.6987949
118746,1.292327936,103.7698836
658514,1.372187962,103.7520973
276188,1.312132627,103.7826552
287864,1.333212529,103.8007044
628835,1.331091473,103.6946655
597276,1.324670262,103.7666591
639340,1.32145013,103.6533328
678497,1.368175096,103.7696203
650191,1.345517164,103.7453484
279439,1.325044897,103.7871159
276692,1.317735832,103.7785544
149731,1.297520245,103.8033322
659553,1.339996325,103.7556779
269287,1.321578236,103.7960812
277518,1.320507814,103.7862447
739689,1.414845927,103.7580092
120303,1.321329477,103.7648159
267925,1.317216608,103.7968316
639600,1.33270298,103.6360673
639599,1.332504042,103.6362735
640274,1.352542307,103.7038059
268190,1.317372145,103.8038579
599482,1.330060654,103.7770335
609782,1.344457569,103.7326653
639271,1.333198724,103.6459283
277301,1.318386294,103.7828586
642262,1.34471719,103.70766
139791,1.306301947,103.781545
648688,1.35215571,103.6992635
119429,1.273777304,103.7946862
118674,1.288758683,103.7763847
688302,1.390989621,103.7515544
672625,1.386127692,103.7602833
670653,1.386925907,103.7639462
588095,1.339634974,103.7815983
140064,1.299309998,103.7972346
287953,1.334271957,103.8012776
679696,1.370023908,103.7645056
650234,1.349141898,103.7554263
287726,1.327183893,103.8091075
688213,1.376502148,103.7497089
127192,1.294582786,103.7665832
287294,1.329496161,103.808434
688212,1.376398014,103.7499411
680130,1.381290912,103.7502966
128274,1.310458361,103.7547446
669498,1.35531396,103.7600791
598800,1.339925174,103.7657905
127468,1.316357522,103.7530545
266759,1.319871141,103.8083732
679675,1.373464878,103.7675095
596263,1.335348183,103.7707704
728642,1.435574792,103.7448741
637480,1.300641976,103.6248235
599235,1.335105954,103.7692235
279570,1.323268165,103.7874038
598833,1.340760071,103.7661173
598499,1.345100036,103.7661411
288710,1.332502429,103.8014543
128095,1.31368487,103.7573047
729650,1.403397514,103.7554098
637084,1.273419964,103.6336295
120430,1.313292771,103.762553
266859,1.318380809,103.7889715
266507,1.321359178,103.8036676
688310,1.391036824,103.7513439
638228,1.33824345,103.6896821
668181,1.376366814,103.7572237
628584,1.324181212,103.6996004
127196,1.294430412,103.766242
596697,1.340405779,103.7696325
597876,1.343132847,103.7712686
129344,1.31853316,103.7587397
637731,1.301051735,103.6274126
596144,1.337018511,103.7684919
286882,1.337425979,103.8049492
286622,1.33806629,103.8056239
640179,1.347033955,103.7089855
637768,1.28978608,103.6340035
596438,1.345611625,103.7721603
267699,1.326261809,103.7934114
648611,1.354292465,103.6979458
127892,1.312297533,103.7561462
638266,1.337727198,103.6908513
637456,1.343131299,103.6746987
149454,1.294834485,103.8075653
279153,1.313249551,103.7836072
618298,1.301929839,103.7128283
640638,1.341673319,103.6972445
279059,1.313259993,103.7831835
118003,1.280364083,103.7911474
118914,1.292080924,103.7708756
669273,1.353018209,103.7570419
279773,1.323698127,103.784779
636825,1.31813626,103.6313816
129094,1.321505128,103.7586081
669740,1.360615962,103.7618573
637475,1.300140537,103.625542
288088,1.334842734,103.7908893
268278,1.315545306,103.7938477
287546,1.328192696,103.8094531
640510,1.34852829,103.7197812
637499,1.313767433,103.6276569
637498,1.313856483,103.6276896
637497,1.313958523,103.6277265
599704,1.344882348,103.7712006
692127,1.358395502,103.7345295
143061,1.29375108,103.8119567
279084,1.31280649,103.7825915
691241,1.360406707,103.7295692
669932,1.357962773,103.7584305
671529,1.38547806,103.7646455
276145,1.326384261,103.7844655
289608,1.32462273,103.8108918
128152,1.30864997,103.7631567
279315,1.322597599,103.7870849
650370,1.359957417,103.7493073
650303,1.356751517,103.748194
128404,1.31338844,103.7534229
636744,1.26474201,103.6158777
597109,1.325038138,103.7659742
679652,1.372512136,103.7689269
267553,1.327202615,103.7945823
119666,1.280861972,103.8009075
119576,1.280499797,103.7990004
267528,1.326463524,103.7962986
119359,1.27917762,103.7896192
127255,1.313753298,103.7579693
739822,1.415352942,103.7576324
139011,1.286603363,103.7986743
688401,1.390478145,103.7512958
728651,1.410493604,103.7580646
637162,1.316525708,103.6345885
609880,1.336230171,103.7451984
117536,1.269424515,103.7992156
127438,1.295935929,103.7665594
278184,1.310061221,103.7980916
640838,1.343849017,103.6935081
640837,1.343077335,103.692906
276644,1.319285439,103.7890532
598018,1.337827347,103.7695123
677929,1.3962827,103.7534965
638900,1.320167919,103.6399408
627577,1.32137447,103.7013287
637080,1.273902475,103.6385964
287092,1.337837134,103.8050723
128143,1.308203518,103.7628395
121344,1.317924835,103.7696044
652435,1.358822723,103.7404048
618429,1.340303975,103.7184364
287089,1.337956497,103.8048596
286955,1.336183828,103.8054989
648610,1.353514522,103.6976582
269471,1.321924796,103.8050549
269274,1.320475028,103.7947783
636908,1.271567385,103.6384453
599041,1.336373734,103.7691776
681160,1.380496397,103.75708
680152,1.378817905,103.7580238
268577,1.323966269,103.793381
276428,1.325446831,103.7923061
689815,1.382378408,103.7392035
598458,1.344997312,103.7651474
640719,1.34453677,103.6969862
278149,1.309153125,103.7990834
728782,1.406363229,103.7480131
127975,1.31589254,103.7571485
596735,1.339387029,103.7650728
128280,1.310266485,103.7544824
278605,1.316331484,103.7895463
269560,1.322244025,103.8054625
289886,1.32549318,103.8128766
648807,1.352566657,103.7006552
287484,1.32904683,103.8094156
598648,1.344010749,103.770231
599563,1.322904598,103.7730287
608839,1.333604849,103.7484246
677998,1.398123105,103.7542082
596729,1.339456664,103.7655024
117715,1.283626728,103.7850018
672259,1.377762325,103.7735167
117882,1.279318158,103.7865285
637133,1.280865806,103.6234429
637061,1.287932311,103.621877
149162,1.290669223,103.8057659
276210,1.312495478,103.7818091
287994,1.338796735,103.7932561
610154,1.327124396,103.7217817
266111,1.32157623,103.8028671
268430,1.321356279,103.79069
688290,1.390911993,103.7519055
698909,1.378386602,103.7192255
118405,1.293163717,103.7784074
289276,1.333843936,103.8052994
679058,1.36226202,103.7698994
637271,1.317822309,103.6288759
688208,1.376460089,103.7510673
636805,1.270235311,103.6276366
636796,1.270168639,103.628121
678071,1.359802855,103.7675794
597896,1.344005107,103.7710632
278252,1.310458573,103.7976582
277385,1.318840245,103.7880264
268431,1.321843146,103.7914614
288967,1.333172361,103.8079873
142084,1.303618941,103.7997755
659083,1.358730205,103.751913
278002,1.310966786,103.7974195
669181,1.353743564,103.7596118
597129,1.326441839,103.7650192
269934,1.320873028,103.7932122
627688,1.334130313,103.7035132
598507,1.345533595,103.7657491
628500,1.309881951,103.6809148
679375,1.371750149,103.7704478
599556,1.323058652,103.7734168
266797,1.316872058,103.7891934
267032,1.314249206,103.7932904
668704,1.358911135,103.7594593
738012,1.417744754,103.7577244
738016,1.417439399,103.7580783
269435,1.322028638,103.8093
119022,1.287275338,103.7927604
119024,1.287354739,103.7926926
627859,1.25417619,103.7028454
278040,1.309179671,103.7985766
598722,1.354161587,103.7677903
129120,1.320300518,103.7607248
598120,1.340842428,103.773638
589107,1.338002878,103.7855296
637974,1.337381261,103.691248
128944,1.322320674,103.757133
588094,1.338936044,103.7817567
588539,1.341031913,103.7827027
688420,1.390230946,103.750791
629069,1.327774768,103.6700897
648289,1.351498513,103.6976503
149310,1.295393685,103.8129762
138694,1.29651896,103.7941943
658872,1.338984487,103.7613822
118083,1.278041945,103.7903115
288989,1.332761213,103.8088315
669510,1.355015135,103.7607767
277802,1.329878707,103.7946998
677866,1.371421322,103.7725822
680220,1.381933011,103.745581
689994,1.37300432465504,103.734550497407
683688,1.403187013,103.7509933
277408,1.319463118,103.7874148
129133,1.3209307,103.7593696
699007,1.394835189,103.7297184
637087,1.273433744,103.6312517
640723,1.344426968,103.698194
589645,1.332748018,103.7866597
638277,1.337975491,103.692232
589473,1.336739351,103.7828207
628406,1.303836212,103.6595574
629985,1.321660858,103.6892073
668309,1.376947807,103.7591864
119360,1.278985658,103.7898719
689671,1.387973258,103.7446185
688713,1.390035947,103.7528415
668342,1.375545987,103.7588271
268466,1.321427952,103.7918128
268467,1.321430952,103.7918834
278625,1.317668069,103.7863608
627555,1.312728742,103.6997949
670274,1.377156192,103.774823
287000,1.33672666,103.8053628
668972,1.359007034,103.7610216
670486,1.389240608,103.7716208
670488,1.389526709,103.771409
126883,1.307132182,103.7633814
638128,1.311166572,103.6289052
609216,1.310486232,103.7298422
597568,1.34617433,103.7648068
269436,1.321985946,103.809261
127518,1.315431496,103.7552452
598046,1.336304633,103.7676267
276452,1.32626992,103.7926454
658411,1.370329415,103.7528547
278466,1.30881678,103.7981625
267095,1.325806208,103.7979703
127379,1.3088486,103.7612382
118053,1.278773697,103.7915875
276400,1.310183165,103.79685
129453,1.318703435,103.7579336
596207,1.345294751,103.772739
269899,1.319397527,103.8001294
288978,1.332714036,103.8083071
648422,1.353091446,103.6989432
618399,1.339949402,103.7176651
658839,1.338585895,103.7620065
683805,1.372687362,103.7436182
266326,1.323557956,103.7995093
679309,1.370790531,103.7708548
668711,1.358891937,103.7585864
128591,1.30608943,103.7665296
267078,1.32599038,103.7978861
278598,1.314782889,103.790824
287541,1.330092633,103.8098443
119751,1.278457334,103.7893474
639216,1.324733059,103.6460151
269375,1.322550869,103.8003353
269105,1.324203099,103.8061775
266484,1.317429457,103.8041337
276342,1.310793546,103.7994609
637992,1.33960954,103.6906643
277499,1.31832111,103.7864707
596430,1.345182196,103.7706539
597964,1.343395294,103.7731244
589180,1.343237518,103.785816
619528,1.329989635,103.7069062
288417,1.328307058,103.8119326
288570,1.33100106,103.8116983
668985,1.359632644,103.7609024
266087,1.321179098,103.802072
276717,1.331428927,103.7917398
139835,1.306774722,103.7761369
129110,1.320721488,103.7598357
287669,1.32868568,103.8079308
619944,1.332332299,103.7102846
276176,1.326703096,103.782815
718857,1.433535508,103.7193668
627716,1.266189938,103.7248817
738018,1.417723576,103.7583371
669136,1.360006077,103.7626045
688615,1.391634949,103.7522521
680469,1.377794772,103.737379
117506,1.291448827,103.7685852
669370,1.35469261,103.7601471
670471,1.388291646,103.7728948
119194,1.270659963,103.8005451
688475,1.392172534,103.7498623
268693,1.313223992,103.795244
267906,1.317638953,103.7956885
268980,1.324586025,103.80831
669372,1.354692489,103.7600833
127554,1.313580896,103.7583857
596702,1.33977543,103.7692558
279280,1.322286105,103.7855548
637444,1.333069701,103.6347441
127889,1.312173497,103.7566303
268706,1.31353664,103.7957771
278165,1.309928797,103.7985959
627785,1.308663914,103.6738819
288217,1.336375665,103.7911104
719025,1.416502718,103.7109213
728794,1.406577692,103.7495797
286918,1.33771013,103.8054568
128558,1.305566517,103.7661653
267373,1.324634274,103.7947414
127840,1.314252635,103.7562411
268631,1.320621638,103.7942302
677731,1.372001614,103.7690409
677734,1.371812,103.7690551
679806,1.371723279,103.7689001
648531,1.35353102,103.6992905
608781,1.315970329,103.7343027
608780,1.316537959,103.7340161
266372,1.318619834,103.8063001
619565,1.317172164,103.7268751
628884,1.334207327,103.6919497
739700,1.415608817,103.7588058
589857,1.341543504,103.787107
268732,1.313616131,103.7939804
670644,1.388243318,103.7628974
128061,1.298232541,103.7649933
677801,1.372754827,103.7737038
596881,1.340930076,103.770146
638234,1.337934558,103.6899198
637085,1.270878164,103.6350377
618827,1.331095886,103.708952
599003,1.335869847,103.7686964
599005,1.335863459,103.7687609
267312,1.32554916,103.7953765
680536,1.391818474,103.7440503
619945,1.3342216,103.7115717
127330,1.294358647,103.7664752
678369,1.358504617,103.7688271
267383,1.324963475,103.7940358
267405,1.324985947,103.7939875
638110,1.310330304,103.6311281
138622,1.301205837,103.7929769
638226,1.338346782,103.6896027
600117,1.33788666,103.7350676
268515,1.322233548,103.7955046
287477,1.329080608,103.8102706
279150,1.313993562,103.7836491
118049,1.278940682,103.791537
637678,1.291701683,103.6243885
287911,1.333776833,103.799942
679379,1.372081617,103.7696811
650249,1.350616557,103.7565642
597234,1.329261965,103.7687626
269321,1.321588254,103.7969496
596248,1.336033819,103.7707442
266303,1.322565086,103.8107206
638332,1.335766935,103.6915855
638312,1.339347613,103.6915015
596290,1.339046548,103.7715878
287026,1.33537553,103.8050223
638975,1.317092824,103.6454587
279055,1.313199914,103.7830611
286655,1.327905894,103.8119861
608784,1.319203959,103.7456374
269315,1.320803522,103.796768
628567,1.312715254,103.6942752
279020,1.314462539,103.7844393
638442,1.328273526,103.6352748
628923,1.333460892,103.6939762
680144,1.380827687,103.7524766
117479,1.288410701,103.7769867
276882,1.313699741,103.7855793
118084,1.278021757,103.7903783
289244,1.331851519,103.8059116
629603,1.319716598,103.6709877
277548,1.329742099,103.7920836
648885,1.351077997,103.7015264
277855,1.329823301,103.7933113
289237,1.331832465,103.8064925
637565,1.299215675,103.6269579
668997,1.359920318,103.7603085
599522,1.324012301,103.7742803
266818,1.319938626,103.7904928
587842,1.349332434,103.7741895
587843,1.349174958,103.7740363
619343,1.307942323,103.7220899
269640,1.313775058,103.7999401
127917,1.316559527,103.7563088
117721,1.283514383,103.7982258
128346,1.31172239,103.7537277
286774,1.328765898,103.8061358
117399,1.281384157,103.7847392
619096,1.317547495,103.7210917
599551,1.322582175,103.773599
131019,1.307353802,103.7845484
276457,1.326171524,103.7929288
600261,1.344495689,103.7404011
117307,1.281156031,103.7904154
117317,1.281140574,103.7900639
627682,1.333662013,103.7035132
286659,1.328218048,103.8056385
677687,1.370502245,103.7735292
677681,1.370880355,103.7733175
650467,1.357130124,103.743465
288010,1.347011979,103.7899926
276718,1.331689158,103.7920701
679592,1.371662799,103.7661995
688238,1.376972904,103.7512724
279043,1.315262113,103.783297
639181,1.325473851,103.6477529
648822,1.350764147,103.6995389
589321,1.346802272,103.7763225
118599,1.280310011,103.7847213
658257,1.368384444,103.7519448
649960,1.343959836,103.7077882
599849,1.335410645,103.7731768
688272,1.39079732,103.7524141
597120,1.326158513,103.7653907
119552,1.280016371,103.7904039
268356,1.322005755,103.794742
278243,1.310769036,103.7975698
597268,1.32443429,103.7671857
266816,1.320135739,103.7900657
640537,1.350504013,103.7164749
658628,1.371213386,103.7520066
619412,1.322898286,103.7305307
128749,1.308380878,103.7641612
289707,1.33387313,103.8040532
637442,1.33144842,103.6348294
637443,1.331224094,103.6350258
679560,1.370893944,103.7657226
129339,1.318220242,103.758496
129066,1.320994519,103.7557442
120427,1.311970645,103.763803
120429,1.312912189,103.762861
689426,1.377161111,103.7583102
141079,1.294590832,103.8103266
267702,1.325770891,103.7935082
599061,1.335261848,103.7678823
279781,1.332199622,103.790915
269836,1.319152625,103.7966415
669091,1.360520825,103.7592654
287600,1.332892949,103.8106829
266987,1.322408458,103.8086386
139583,1.307608844,103.7753467
138811,1.29383809,103.7982431
266626,1.321725912,103.8117991
689873,1.383759646,103.7485808
277856,1.329852987,103.7932553
278901,1.313517337,103.7791729
289256,1.332340735,103.8054794
127967,1.31630458,103.7568005
729042,1.419372223,103.7460506
129298,1.31974912,103.7588378
289336,1.334520916,103.8059888
599830,1.334191901,103.7716243
588271,1.3363496,103.7864848
267048,1.315678185,103.7925232
589333,1.351904645,103.7770984
141055,1.297052651,103.7970781
279027,1.313696647,103.7848287
277512,1.320113785,103.7862916
681414,1.381965983,103.7420205
596281,1.335261389,103.7709473
597336,1.329598153,103.7673142
117705,1.284839992,103.7807409
680624,1.3977814,103.746974
599352,1.333118934,103.7681206
599689,1.343765903,103.7705516
599851,1.335596003,103.7733831
677751,1.37227247,103.7727683
278866,1.313444721,103.7824811
636965,1.278243191,103.6324298
637510,1.313466589,103.6271832
678884,1.372057588,103.7647353
628142,1.306370012,103.6840908
688463,1.391448782,103.7498329
677742,1.384088309,103.7601746
141047,1.300792761,103.7980771
129605,1.302645569,103.7648321
599565,1.322963118,103.7729129
129018,1.320856139,103.7553497
669047,1.360985332,103.7590463
269176,1.323486521,103.800712
288470,1.325768562,103.8105426
608502,1.336274711,103.750509
269833,1.319071892,103.7981728
648761,1.351306358,103.7007894
629903,1.317354466,103.6797011
268195,1.317636474,103.8036233
680155,1.378936937,103.7571651
266227,1.315584844,103.8041583
629475,1.316308448,103.6709149
119976,1.277499041,103.8002158
598392,1.345073595,103.7670556
269877,1.318079086,103.7999205
278798,1.317496653,103.7834832
649926,1.342420249,103.7119461
129136,1.320871976,103.7589179
129135,1.320781931,103.7588359
639413,1.323716209,103.6549588
289077,1.328141093,103.80553
289076,1.328113307,103.8055755
289579,1.335103477,103.7999816
268322,1.31678225,103.7935753
669459,1.354977589,103.7589326
277479,1.320874517,103.7888208
268737,1.328956077,103.8009462
599131,1.334366901,103.7670811
689103,1.398626851,103.7514422
688848,1.383334226,103.7551033
121208,1.321923429,103.7623848
279208,1.312292857,103.7844347
678213,1.378208973,103.7622636
149165,1.290593674,103.8063413
279267,1.321756924,103.7850605
279423,1.324938951,103.7862009
668183,1.376329833,103.7570926
637196,1.315995899,103.6344924
629158,1.321483628,103.7099345
729152,1.416646161,103.7448234
629947,1.31417799,103.6804291
677973,1.397613085,103.7540835
679713,1.370960466,103.7693001
597304,1.326333944,103.767098
127298,1.293259042,103.7675082
637981,1.337643328,103.6924276
638320,1.339554585,103.6913413
598122,1.341207678,103.7731998
589116,1.338679289,103.7853195
588726,1.335687004,103.7878317
288218,1.336771585,103.7912634
677672,1.37842919,103.7634271
671549,1.389694033,103.7683858
680679,1.402620291,103.7447155
279706,1.332319558,103.7917801
269346,1.322138515,103.7983514
276821,1.317710682,103.7809214
128656,1.309238237,103.7617746
629294,1.318148607,103.6672458
589137,1.339706874,103.7847589
637341,1.319841685,103.6371153
597149,1.327982948,103.7663687
678366,1.357981121,103.7689763
658802,1.34013989,103.7615427
596366,1.344540459,103.7729453
127570,1.313239195,103.7581241
117637,1.279074999,103.7892573
659525,1.34191413,103.752593
681297,1.376937221,103.742296
288415,1.328096148,103.8119883
279058,1.314265359,103.782909
278362,1.316800751,103.7863807
648692,1.351765691,103.6992082
269012,1.322370069,103.8068154
638275,1.338088436,103.6919943
637928,1.336548695,103.6909866
637913,1.33708989,103.6910894
679130,1.367186261,103.7686688
679600,1.371704977,103.7669493
597979,1.343893667,103.7724302
658732,1.339053936,103.7608886
267441,1.323829118,103.7976221
276139,1.326257734,103.784775
130019,1.307835871,103.7836359
277858,1.329900021,103.7930857
279862,1.332327316,103.792288
650112,1.348173534,103.7450252
668858,1.358323876,103.7608657
600044,1.320753918,103.7416002
276596,1.320561089,103.7893825
286671,1.328569947,103.8051071
677901,1.379727092,103.760191
269914,1.317461071,103.798791
688255,1.398188015,103.7409419
266094,1.321617779,103.8021269
688613,1.391890245,103.7501194
637749,1.301562011,103.6271506
129272,1.319385246,103.7574649
277388,1.31839369,103.7872196
637776,1.295358532,103.6331452
659125,1.364853736,103.7475275
277961,1.317446228,103.7864448
669270,1.353007096,103.7573411
718915,1.42782469,103.7054914
688505,1.39245704,103.750843
638858,1.323342147,103.6369648
618360,1.339068262,103.7169527
689676,1.38584605,103.7424242
669614,1.359820078,103.7649802
268426,1.321306973,103.7909121
641635,1.342413993,103.6987772
599342,1.332952461,103.768288
117282,1.286006259,103.7917211
618292,1.314283056,103.7239129
277110,1.317203696,103.7811651
288693,1.332282025,103.802069
600030,1.320822826,103.7390755
609927,1.327024824,103.7483555
627879,1.271799514,103.7268974
275925,1.326477015,103.7910334
637800,1.294917521,103.6243499
599885,1.336256314,103.772145
668878,1.358714791,103.7603449
638929,1.31780374,103.6401118
688611,1.391540515,103.7501118
589467,1.335683044,103.7855903
268445,1.322390996,103.7915408
596788,1.338234752,103.7646674
267548,1.326309722,103.7950615
678361,1.358868679,103.7684571
127605,1.313629716,103.7583455
718889,1.430840743,103.7191414
680104,1.377081621,103.7528704
718879,1.447074471,103.7172652
648406,1.352767376,103.6994197
588810,1.33787361,103.7867889
609923,1.326975375,103.7463255
287654,1.327981647,103.8067533
148795,1.292923425,103.8134189
618593,1.326957793,103.7247493
637420,1.310271927,103.6261946
289340,1.335014171,103.8061893
684296,1.376623081,103.7430682
680248,1.379004596,103.745926
268435,1.322049565,103.7914908
668278,1.376574109,103.7583985
688598,1.39179508,103.7505732
679565,1.371371348,103.7652569
268750,1.32764417,103.800507
641855,1.347151672,103.6957374
127320,1.294069734,103.7663784
737953,1.416042474,103.7551297
679883,1.372466125,103.7693204
729569,1.411280729,103.7453151
650624,1.351341461,103.7495086
149152,1.291166108,103.8065167
268507,1.322513736,103.7957543
269812,1.321357029,103.7984586
627556,1.312791665,103.6998861
276674,1.324362201,103.7929143
275774,1.324064448,103.7927584
599018,1.336793803,103.7697897
597572,1.346206041,103.7649117
126995,1.314548163,103.7554713
672443,1.381017228,103.7695952
649038,1.338722773,103.6873103
599299,1.333983624,103.769603
596191,1.333975923,103.7695108
629385,1.315978293,103.6617477
117430,1.291542553,103.7725493
287664,1.328257114,103.806974
126752,1.319611649,103.7543309
729473,1.414064477,103.7429496
688362,1.389860624,103.7524254
637830,1.293376808,103.6242822
128650,1.30886235,103.7616236
658679,1.370702093,103.7531376
599334,1.333193044,103.7682992
670507,1.386555669,103.7679997
278310,1.314311279,103.779358
287285,1.32929888,103.8080842
138815,1.293667231,103.7976736
608617,1.313881806,103.7292394
128947,1.322241027,103.7555811
738014,1.417764156,103.7578919
637412,1.316341497,103.6287814
658291,1.368595039,103.7517041
129538,1.318629423,103.7592891
640175,1.346689167,103.7094853
640174,1.346249681,103.709387
669077,1.359296172,103.7576337
289128,1.333302566,103.8056286
268298,1.317365185,103.7944892
599286,1.334150946,103.7690522
267221,1.324203746,103.7967495
267224,1.324262666,103.7967351
267227,1.32432229,103.7967239
288634,1.332855025,103.8045969
268364,1.321605867,103.7935573
679400,1.371119522,103.7720021
277413,1.319951945,103.7887692
648715,1.351884094,103.6999886
119712,1.279864427,103.7878574
278741,1.309094587,103.802173
118968,1.2922841,103.7719889
680460,1.377822649,103.7350124
680308,1.385577294,103.7427785
596949,1.33818209,103.7656347
277058,1.316930568,103.7850395
608577,1.335696132,103.7522941
117886,1.279246347,103.7866118
289017,1.334935641,103.8076568
276352,1.311106235,103.7989818
269511,1.323196191,103.8038426
127644,1.316940751,103.7545185
597142,1.327327119,103.7660309
278472,1.30894476,103.7980247
599698,1.344592827,103.7708286
678419,1.359424818,103.7685336
728630,1.410619856,103.7469017
117752,1.277285588,103.7931222
589852,1.33806954,103.7881403
678360,1.357955771,103.7687721
669676,1.378187895,103.7592029
119292,1.277276861,103.7913181
127906,1.315281809,103.7570895
127306,1.294292425,103.7679229
640656,1.335939742,103.7003162
597757,1.342907012,103.7726662
588608,1.337127569,103.7891813
589550,1.339169806,103.7838324
267388,1.325347133,103.7940212
618323,1.339121753,103.7180841
648630,1.35383911,103.6975029
288089,1.334912681,103.7910246
128261,1.310493893,103.7552521
267502,1.324267783,103.7942916
627837,1.268781038,103.707316
627848,1.333354642,103.6945198
589042,1.337134561,103.7847796
589454,1.335099781,103.7872323
127508,1.316465787,103.754113
589398,1.348793361,103.7882331
638279,1.337872654,103.6923117
268065,1.322531513,103.8101297
279589,1.324338179,103.7864737
288454,1.32777307,103.8103273
588152,1.347462216,103.7700659
688764,1.390153885,103.7501703
597044,1.343656239,103.7741939
729491,1.412137503,103.7431653
118526,1.281796339,103.7945336
596917,1.337680977,103.7647186
287488,1.328774793,103.8101521
652433,1.361546088,103.7420646
737954,1.416540969,103.7554505
629381,1.315616015,103.6617185
588535,1.340844072,103.7827155
638315,1.339653489,103.691812
669936,1.357965156,103.7582497
648453,1.351439309,103.6982921
739671,1.417832297,103.7587377
128585,1.305997691,103.7676703
637669,1.292327601,103.6240862
266146,1.322672833,103.8037593
279799,1.313140997,103.789989
658603,1.370890693,103.7527293
669568,1.359979068,103.7644426
739920,1.416707367,103.7600866
119723,1.27997133,103.7874881
128221,1.310310888,103.7556848
668387,1.375531256,103.7581841
629008,1.328683507,103.6700415
117668,1.289850302,103.7765574
127594,1.31334235,103.7589138
629584,1.314516006,103.6630494
658410,1.37032682,103.7527984
669836,1.35860148,103.7580005
598030,1.337198072,103.7693284
117780,1.284527662,103.7937446
266101,1.321420811,103.8025541
679398,1.371901698,103.7715592
629975,1.320392532,103.6922095
139535,1.29012312797838,103.794968130231
638832,1.328381095,103.6402399
729348,1.416630298,103.7506437
587902,1.343942938,103.7880447
587903,1.343942938,103.7880447
668975,1.359430468,103.7611845
596728,1.3394683,103.7655735
279270,1.322158904,103.7850492
276249,1.313297995,103.7808025
648756,1.351310041,103.700346
276125,1.325848115,103.7851384
629789,1.331178784,103.7033276
678365,1.358303685,103.7688774
668987,1.359665352,103.7608473
267372,1.32496889,103.7948261
269652,1.316600364,103.7999507
119075,1.299303741,103.7756932
266992,1.324130221,103.8091869
127307,1.294355439,103.7681576
267653,1.325139196,103.7961005
636800,1.269733575,103.628076
652377,1.359636109,103.7503772
267983,1.320044495,103.8056354
599889,1.336382745,103.7723402
648700,1.351639919,103.6988733
670479,1.389651984,103.7727109
588856,1.3410681,103.781423
119073,1.294420263,103.7836867
639337,1.319180316,103.654027
129223,1.322623224,103.7561729
127723,1.317939467,103.7532747
276317,1.315117375,103.7884585
288040,1.347852317,103.7905223
628625,1.325038263,103.6940815
597859,1.342754768,103.7721532
669730,1.360637873,103.7624746
599314,1.333489159,103.7671157
600307,1.346521518,103.7348431
129473,1.319380625,103.7570927
276454,1.326229984,103.7927591
587860,1.345356556,103.7759186
718873,1.443706535,103.7234725
597310,1.326760296,103.7673439
596196,1.34004659,103.7701215
269886,1.31850238,103.8007055
688661,1.392612924,103.752456
126892,1.312257553,103.7537696
678183,1.375394617,103.7628464
637088,1.272718905,103.6317477
129196,1.323839642,103.7562233
618402,1.340049109,103.7177276
639414,1.322634894,103.6544282
629498,1.316289308,103.6656032
269893,1.319152581,103.8004151
642760,1.349118423,103.7001661
682792,1.395513649,103.7491239
628008,1.326144101,103.6902004
637767,1.31241538,103.6308495
644183,1.349092894,103.7090415
729506,1.414806385,103.7439013
639090,1.326801888,103.6386578
659247,1.354846321,103.7527708
279602,1.324416819,103.7870817
119420,1.274334319,103.794856
628396,1.302237372,103.6599762
589510,1.336904672,103.785614
637714,1.292552696,103.6234957
597212,1.327315475,103.7694815
678123,1.372506895,103.7633442
688327,1.390786221,103.7508844
609558,1.342919816,103.7408611
678595,1.367856037,103.7690764
689393,1.377812637,103.7580175
267238,1.32475224,103.7966331
287909,1.333690701,103.7998333
670422,1.385013263,103.7696785
739923,1.414233285,103.7583454
670610,1.38340068,103.7612369
719531,1.442159171,103.7129409
129756,1.293210508,103.7689845
117401,1.282496476,103.78001
268674,1.33038917,103.7969012
588815,1.337221309,103.7866217
658832,1.338151856,103.7617383
288640,1.335437097,103.8042983
597791,1.344346749,103.7728385
639448,1.321611939,103.651816
596599,1.337149598,103.7652309
629076,1.327958061,103.6727216
122208,1.322621379,103.7624494
266638,1.321599132,103.8117057
126821,1.293176999,103.7677297
126822,1.293412685,103.7679301
719764,1.444190612,103.7197118
638030,1.302884452,103.6284509
598065,1.336231616,103.7672613
629378,1.314771202,103.6621358
680611,1.399742048,103.7438618
268414,1.32212966,103.7924643
277376,1.31837608,103.7876777
599014,1.336821942,103.769573
670546,1.389096871,103.7692107
277805,1.329604173,103.7944362
608506,1.326411717,103.7532202
699897,1.400668775,103.7281311
269179,1.323994694,103.80018
669622,1.356882572,103.7589292
127399,1.312412727,103.7583661
127823,1.314263166,103.7555469
678867,1.371491953,103.7641938
737959,1.415836628,103.755161
739835,1.415869231,103.7570695
638452,1.319488237,103.6514889
288131,1.341646991,103.7909142
648693,1.352071536,103.6983103
128441,1.310887578,103.7541557
127243,1.31363692,103.7576499
637697,1.290732862,103.6246776
598990,1.33583696,103.7682772
640541,1.351042998,103.715983
268552,1.324190424,103.7941549
596416,1.344898875,103.7709355
597925,1.342502331,103.7739148
277263,1.318493983,103.7819305
596781,1.338639925,103.7646564
597871,1.343381822,103.7716578
588544,1.340992365,103.7830753
288424,1.32817986,103.8113835
117700,1.283383059,103.7853851
266436,1.319901236,103.8060395
668982,1.359208674,103.7607424
596120,1.336691426,103.7668112
279198,1.312815568,103.7848299
129292,1.3202839,103.7583879
597214,1.327939871,103.7693133
648578,1.351729441,103.6993736
268720,1.314203596,103.7955465
288996,1.333199271,103.8085938
638408,1.331352483,103.6328323
597300,1.325961611,103.766874
639502,1.328154032,103.6535012
628853,1.330183515,103.6902502
139212,1.304621933,103.7879054
648426,1.353234122,103.6987379
729916,1.406840308,103.7591858
600249,1.342562423,103.7392597
670406,1.381850258,103.7675731
658665,1.37028842,103.7520802
669450,1.354356629,103.7590566
596782,1.338203605,103.7644974
286970,1.335809869,103.8053278
129490,1.319674356,103.7565596
648874,1.350714197,103.7011974
119294,1.277308135,103.7912084
288493,1.327136188,103.810328
276420,1.325298929,103.7924988
618427,1.340276514,103.7183933
269909,1.317897194,103.8005028
589833,1.337025793,103.7876124
618301,1.322484009,103.7117422
679289,1.368135001,103.7692251
678615,1.367380913,103.769443
679248,1.368924221,103.7681783
599682,1.343289143,103.7706184
658336,1.369000958,103.7529507
648514,1.352824222,103.6997222
110025,1.285715075,103.7754599
276863,1.314380102,103.7847438
596363,1.344848502,103.7733649
277842,1.329425642,103.7942889
599372,1.332921742,103.7675037
629243,1.317220038,103.6658422
266341,1.323412061,103.8004506
682808,1.375592498,103.7460213
598382,1.344705557,103.7679037
728674,1.434285296,103.7455611
728673,1.434383085,103.7454963
658723,1.339595541,103.7614607
276817,1.317571886,103.7810916
648820,1.35076455,103.6994843
278682,1.330353576,103.7899823
118030,1.27877127,103.79084
288986,1.332848912,103.8085656
694134,1.3550631319771,103.729923504981
738015,1.417768189,103.7580292
738008,1.417709352,103.7575369
688263,1.384159729,103.7371484
648836,1.350757204,103.6999188
688410,1.390161476,103.7510927
600354,1.344533586,103.7318883
129465,1.319204226,103.7572489
669615,1.359299673,103.7650546
689402,1.37759744,103.7584162
599155,1.33423066,103.7666334
287132,1.329815674,103.8090444
589397,1.347831744,103.7886184
629358,1.30321452,103.6668575
268711,1.314476937,103.7948767
597501,1.328995223,103.7680718
599243,1.335129461,103.7696418
669477,1.354950109,103.7593884
266248,1.321257182,103.7929028
118222,1.290761492,103.784855
628503,1.307207685,103.6699672
588293,1.338620245,103.7856508
597158,1.329597576,103.7666863
127933,1.315699985,103.7569587
658510,1.371998497,103.751992
119413,1.274486032,103.7951855
118675,1.2888112,103.7764066
658670,1.370670789,103.752471
629783,1.329940167,103.7033404
128364,1.312779689,103.7540762
669088,1.359844435,103.7575491
589363,1.347327904,103.7884768
288798,1.332924144,103.8012072
688690,1.391342864,103.7526588
739666,1.417262411,103.7599389
648778,1.351681432,103.7015979
678879,1.371608829,103.7645387
278104,1.31155433,103.7976317
139953,1.297474512,103.7862371
289922,1.330148693,103.8126822
289927,1.330347368,103.8140536
597741,1.342832657,103.773262
119802,1.280538389,103.7979691
627857,1.285561663,103.7214914
276601,1.320733065,103.7905399
266807,1.318957693,103.7903824
587855,1.345869089,103.7759937
277123,1.31759013,103.7806764
608536,1.31776887,103.7319413
608537,1.318009806,103.7319489
670416,1.383196867,103.7684541
629907,1.325617678,103.6784097
278294,1.314274129,103.7799564
127269,1.314562593,103.757462
638881,1.263663472,103.6151819
587875,1.343942938,103.7880447
598163,1.336090227,103.7651997
589377,1.348197271,103.7884135
286953,1.336151632,103.8052855
287391,1.328702485,103.8084538
597081,1.324081988,103.7673901
119302,1.278283938,103.7914754
608619,1.31358349,103.7314061
648870,1.350717434,103.7010548
268411,1.321414226,103.791368
149051,1.29515,103.801296
588234,1.335662621,103.7860725
128961,1.32202298,103.7562005
270018,1.310150547,103.7870824
270004,1.313193696,103.7881922
598550,1.343946308,103.765758
119155,1.280083739,103.7886461
719608,1.439268232,103.7093861
642640,1.340021691,103.6959388
639338,1.320677058,103.6544302
129299,1.31962439,103.7589428
642647,1.339771445,103.6971391
279044,1.314225529,103.783495
118559,1.277514778,103.7893316
117627,1.281574086,103.7843465
269890,1.319038485,103.8008346
688630,1.391750385,103.7517438
718928,1.433100002,103.7145019
629930,1.311493612,103.6793094
278274,1.310460491,103.7967781
688672,1.392003209,103.7521975
639580,1.321696986,103.6468704
287530,1.328110854,103.8088386
128543,1.305381672,103.7656555
279080,1.312912587,103.7828117
649818,1.349332521,103.7144562
679244,1.3686706,103.7681651
669504,1.355349925,103.7603898
678703,1.367905136,103.7701526
599055,1.336353779,103.7678273
597837,1.342636446,103.7729172
119821,1.28257857,103.800863
738692,1.43191498,103.7621726
658803,1.340091124,103.7615563
618690,1.33344244,103.716634
629787,1.330767938,103.703337
266925,1.322903784,103.8080864
618353,1.338648457,103.7173394
277427,1.320364841,103.7890252
117845,1.27776717,103.7897359
267350,1.32451136,103.7958853
669084,1.35998375,103.7571082
648469,1.351422991,103.6988301
688623,1.392057844,103.7519272
288682,1.330323201,103.8008032
596620,1.337430391,103.7660529
279019,1.314569018,103.7842783
668777,1.359381157,103.7615925
599863,1.335294553,103.7736219
266968,1.323954029,103.8090677
597801,1.344101058,103.7724193
277054,1.316436282,103.784659
619927,1.334289837,103.7149564
597491,1.327996685,103.7679734
639493,1.320688389,103.6597047
629521,1.309659597,103.6672073
668690,1.358631525,103.7599222
596842,1.338666529,103.7656373
609123,1.323563033,103.735499
128708,1.307445364,103.7632269
650215,1.34677497,103.7533359
618491,1.301477459,103.7178122
668675,1.35825416,103.7605029
639592,1.327430366,103.6411882
618679,1.331265206,103.7160295
268480,1.317330395,103.7940728
588405,1.338929021,103.7808764
658744,1.339259899,103.7605489
127855,1.313796992,103.7558648
637610,1.309206082,103.6338153
267851,1.3156444,103.7982793
648860,1.350725587,103.700781
648316,1.342458756,103.7176934
596519,1.336798158,103.7720016
129817,1.329787264,103.7614403
719022,1.431483787,103.7239474
739876,1.415123585,103.7587149
277947,1.316755723,103.7871352
689621,1.393279083,103.7510344
278036,1.309076207,103.7987303
266088,1.321542212,103.8019501
129274,1.319469684,103.7573823
610152,1.327076707,103.7207086
271049,1.31108897751095,103.789838490458
637777,1.293615545,103.6324112
286914,1.33789311,103.8057844
286913,1.33788613,103.8057393
289218,1.331542926,103.8067698
128089,1.31383548,103.7571893
266587,1.328077319,103.7985072
599664,1.344276431,103.7709598
118598,1.280146953,103.78553
677959,1.397082532,103.7536092
679232,1.368864982,103.7687718
269394,1.322643135,103.7984407
729466,1.416855831,103.7430993
267193,1.323039095,103.7965796
278492,1.309511648,103.79752
669690,1.377735431,103.759569
127296,1.292643347,103.7673939
628596,1.326113087,103.7010664
127642,1.316811086,103.7546466
139219,1.304876728,103.787391
637758,1.313186077,103.6310603
679660,1.372609903,103.76754
279334,1.320311319,103.7871768
278664,1.330346902,103.786553
277232,1.318595452,103.7816231
728640,1.433497259,103.7461509
149153,1.291623592,103.8073012
677960,1.397100026,103.7535302
266305,1.322652386,103.8108808
127857,1.313886258,103.755885
279839,1.331065956,103.7910122
637725,1.320501341,103.6301802
267028,1.314984303,103.7938702
639107,1.325231755,103.6430655
638983,1.320550302,103.6425905
266257,1.321041568,103.7928774
288061,1.34764821,103.7908018
619741,1.31030213,103.7242886
268736,1.329399902,103.8007306
679558,1.37100534,103.7656503
688757,1.390059238,103.7505912
268199,1.317407573,103.8032325
737868,1.431731426,103.7552755
640221,1.346373764,103.7124728
598068,1.336885947,103.7671377
737997,1.41733162,103.7574394
279697,1.331866013,103.7921325
600062,1.321499034,103.7389822
608582,1.336155933,103.7542778
130002,1.303103439,103.782905
279736,1.325232823,103.7842457
648530,1.353090546,103.6993372
618400,1.339679163,103.7179256
639115,1.324436358,103.6433317
117776,1.285105969,103.7950044
286950,1.336785417,103.8057487
266090,1.321566335,103.8019984
637902,1.291719922,103.6190737
638251,1.338466472,103.6916412
288567,1.330425981,103.8110269
286663,1.328333258,103.8054644
286664,1.328364391,103.8054213
129177,1.322745622,103.7572173
619262,1.326801187,103.7118145
688330,1.391168803,103.7507821
678911,1.371950065,103.7655706
637971,1.337222846,103.6913719
587994,1.340844792,103.7840591
149295,1.300222716,103.8022073
638231,1.33809374,103.6897972
640212,1.349127041,103.713021
289248,1.331990756,103.805813
658738,1.338984533,103.7606466
640542,1.351600429,103.7156194
640539,1.350875715,103.7163533
628506,1.310851145,103.6574458
668796,1.360057136,103.7614256
628857,1.331170843,103.691402
269446,1.322095716,103.8084971
637169,1.316750276,103.6334688
275948,1.32601843,103.7915363
639297,1.32714524,103.6493519
671548,1.389038849,103.768351
605287,1.337557268,103.7440994
669258,1.353345148,103.7576211
669367,1.354353871,103.7600409
637970,1.337175987,103.6914086
637903,1.337340979,103.6908929
638241,1.337534626,103.6902279
638235,1.337887194,103.6899563
728697,1.40800275,103.7574756
588721,1.336023542,103.7881309
127183,1.294928363,103.7664134
276848,1.315036739,103.7838282
591301,1.319364975,103.7740404
128375,1.31219479,103.7536843
286673,1.328628749,103.8050178
598136,1.341573047,103.7726193
598088,1.336901235,103.7653422
599111,1.333841771,103.7679738
680105,1.37765002,103.7529943
679140,1.366849547,103.7692336
658439,1.369527757,103.7520789
679185,1.366853489,103.7682048
278965,1.311861011,103.7964589
117476,1.288543554,103.7770371
619336,1.308738545,103.7223559
269682,1.315788075,103.8006313
658457,1.369544401,103.7526022
658459,1.36954642,103.7526532
658016,1.368656234,103.7530996
277527,1.320942891,103.7854265
688355,1.390965833,103.7501137
649925,1.342516992,103.7117341
289934,1.332337146,103.8116055
129205,1.322887801,103.7578234
637068,1.310187357,103.6486819
637181,1.315946995,103.6337839
119260,1.294965514,103.7712216
739545,1.434727576,103.7574361
596427,1.345282685,103.7708222
668778,1.359717136,103.7619018
278627,1.318421716,103.7858914
268601,1.321629257,103.794701
641206,1.345319333,103.7155166
677817,1.372321446,103.7739666
287849,1.331664725,103.7996967
655290,1.343516441,103.7576965
279395,1.323910506,103.7875055
139396,1.302043218,103.7879098
139405,1.301762175,103.7890074
678495,1.368086954,103.7694932
728668,1.434872039,103.7451721
728667,1.434969834,103.7451072
640468,1.348526482,103.7204862
640460,1.349919318,103.7206923
668870,1.358576267,103.7605375
127421,1.311908912,103.7571127
129540,1.318670442,103.7593372
127724,1.317845612,103.7531269
288858,1.330793676,103.8004443
139587,1.307824852,103.7748475
680296,1.37738338,103.7407814
128433,1.312139739,103.7505899
588149,1.347667754,103.7702451
658357,1.370066432,103.7516768
588488,1.341012968,103.7817099
688553,1.39117956,103.7517047
597026,1.342501855,103.7741045
698912,1.386054756,103.7231993
619975,1.329546355,103.7192506
669895,1.357908457,103.7600264
678416,1.35906652,103.7684622
588491,1.341333273,103.7824508
682489,1.375736366,103.7395846
589044,1.337239401,103.7848132
289369,1.336114423,103.8065588
289424,1.334428247,103.8071819
266385,1.319534509,103.8070112
267162,1.32317676,103.7982222
689340,1.391735132,103.7426251
289814,1.334071699,103.7902259
267385,1.324895226,103.7934927
267156,1.32366276,103.7985184
638710,1.317276574,103.6464277
640455,1.351065505,103.7185278
597900,1.344081064,103.7714219
269566,1.322527318,103.805636
669463,1.355349549,103.7585919
638008,1.338898225,103.6897607
637932,1.336445713,103.6910658
267175,1.323549139,103.7976723
619361,1.320712806,103.7119101
729247,1.41208762,103.7467842
636946,1.271460564,103.6326157
729476,1.411752842,103.7429835
269306,1.320947218,103.7964195
638586,1.334183768,103.6376092
627976,1.325813218,103.7068628
267427,1.324293635,103.797963
614339,1.338757037,103.722157
610333,1.339279332,103.7234416
610339,1.337847586,103.7211754
637389,1.332736516,103.6690881
288530,1.327274191,103.8108368
117424,1.276213522,103.7913503
659480,1.342143305,103.7543794
269687,1.31717817,103.8007825
689341,1.391735132,103.7426251
638169,1.338763625,103.6910747
637905,1.337294612,103.6909294
126878,1.307309764,103.763911
618355,1.338622065,103.7172949
288491,1.327083353,103.8104369
269317,1.321433451,103.7965515
598763,1.340556049,103.7668181
117654,1.280084152,103.7896661
678889,1.371716661,103.7648818
278890,1.313970722,103.7798018
127575,1.31420646,103.7580145
648358,1.351414269,103.6958568
679301,1.368908702,103.7707999
127496,1.315828484,103.7542665
288933,1.33012829,103.8075679
117606,1.283069904,103.7739439
139394,1.302322548,103.7874078
596801,1.338392634,103.7651532
680252,1.378035394,103.7450207
678918,1.372413614,103.7657843
739837,1.415960587,103.7569567
288039,1.348671668,103.7914279
286748,1.329231976,103.8051654
128809,1.318631336,103.7611372
640508,1.348727181,103.7187154
670548,1.389006997,103.7677955
286677,1.328748925,103.8048394
286658,1.328645459,103.8047723
138678,1.303715531,103.7838586
699008,1.38226348,103.7264364
128160,1.308720407,103.7633661
128523,1.305106481,103.7647815
127711,1.316773667,103.7549721
126853,1.308072675,103.7650266
669188,1.35409458,103.7599304
598938,1.335380475,103.7656666
118155,1.281175761,103.7867331
641750,1.347459285,103.6985462
641762,1.349038917,103.6979191
679053,1.364190318,103.7701251
688406,1.390137947,103.7511979
650354,1.361387487,103.7497292
629044,1.324753406,103.6742924
729469,1.416200509,103.7433443
278490,1.309466309,103.7975609
650445,1.350822632,103.7382683
638012,1.338827174,103.6895054
599167,1.333577039,103.7667526
597760,1.343263892,103.7726288
588633,1.348508334,103.786458
688257,1.40110742,103.7411953
127023,1.317499301,103.756437
628407,1.306999561,103.6579383
121503,1.311584337,103.759907
738019,1.417682567,103.7583757
600045,1.320051467,103.7411299
648287,1.351501641,103.6975443
648290,1.351496973,103.6977021
588952,1.340290065,103.7801683
680408,1.379913836,103.740467
597518,1.324489959,103.7653809
128949,1.322186904,103.7554351
608970,1.304374419,103.7395997
628747,1.332496325,103.6937944
729507,1.408160047,103.7428606
127523,1.316003786,103.7549393
681487,1.375877509,103.7391138
619397,1.323441747,103.7285561
637996,1.339448838,103.6904599
629933,1.316182438,103.6794045
597132,1.326758614,103.7655109
597411,1.327761131,103.7681383
658381,1.370102659,103.7523696
658282,1.368780625,103.7511536
267034,1.313765502,103.7931885
269004,1.323075602,103.8073348
599505,1.324041915,103.773052
118086,1.277944228,103.7905549
689097,1.398019414,103.7506503
288974,1.332454622,103.8082571
628099,1.324001679,103.6845572
629237,1.318801936,103.6656585
629461,1.318252024,103.6734786
658644,1.370621414,103.7514142
286695,1.328763701,103.8052266
658375,1.370095845,103.7522055
129548,1.318413147,103.7595828
604240,1.341136506,103.7421272
619596,1.321586429,103.7108889
679577,1.371491167,103.7656329
628011,1.326544918,103.6902007
608590,1.335988283,103.7514697
689576,1.395387334,103.7506009
289061,1.335098309,103.8079674
127226,1.314857426,103.7570039
126754,1.320614301,103.7532909
669481,1.354950348,103.7595129
598455,1.345167,103.7653376
618459,1.340757236,103.7187958
127845,1.313483846,103.7560509
637733,1.300957586,103.6276653
718893,1.428989074,103.7163159
627780,1.308143451,103.674041
679583,1.371562249,103.7658844
729368,1.423346306,103.7502354
650127,1.351856129,103.7460768
598295,1.335188509,103.7790763
128746,1.30802302,103.7643155
131028,1.304915957,103.7821881
631992,1.335842074,103.6930393
669007,1.36023037,103.7598441
628971,1.325519955,103.675297
268139,1.318127737,103.8064889
266930,1.323246965,103.8077647
279026,1.313794848,103.7847362
668327,1.376074588,103.7597606
138635,1.298142784,103.7891486
679296,1.368672362,103.7694683
119383,1.27831264,103.7896754
599166,1.334288715,103.7676382
668696,1.35873129,103.7597729
640177,1.347810634,103.7095285
128425,1.313057648,103.7520658
601204,1.337172141,103.7424613
636906,1.270677115,103.6361448
141007,1.306791847,103.7948992
286876,1.337473544,103.8052436
286877,1.337465394,103.8051915
286878,1.337458271,103.8051459
597922,1.342228923,103.7739506
276278,1.31318718,103.7798312
629027,1.328025199,103.6693926
128623,1.309160533,103.7622946
267664,1.324898137,103.7954524
680420,1.381471275,103.7413759
638046,1.307574003,103.6298668
127658,1.318411126,103.7551386
669239,1.353821266,103.7579227
289194,1.330770814,103.806942
637708,1.291554346,103.6231306
648448,1.352967508,103.6975218
629080,1.328262988,103.6736212
119553,1.280038958,103.7903526
637509,1.31436719,103.6278309
279493,1.323406271,103.7868017
286729,1.328631428,103.8061115
599792,1.334308567,103.7706163
598760,1.340182056,103.7668271
619417,1.324059535,103.7315252
619403,1.324085619,103.7306577
679867,1.371992707,103.7686963
267407,1.325093279,103.7938629
267696,1.325643615,103.7938883
628374,1.301326005,103.6639747
680112,1.377485451,103.7519213
609647,1.336503948,103.7361037
639378,1.326879572,103.6537776
658712,1.342339214,103.7600326
289565,1.336262379,103.7996292
680131,1.381493449,103.7509559
266734,1.322877615,103.8116477
588339,1.341142684,103.7853714
288260,1.335120012,103.8033949
126841,1.294633672,103.7686785
628904,1.332626173,103.6930104
276177,1.311730023,103.7835466
637324,1.340628626,103.6378397
278500,1.30973206,103.7973428
278996,1.311834281,103.7954476
628005,1.325813242,103.6902012
689100,1.396726035,103.751818
627819,1.290536772,103.695382
728857,1.428835143,103.7497666
638357,1.332350268,103.6873903
739710,1.416046478,103.758446
596357,1.344738088,103.7736813
118712,1.291237667,103.7726444
688207,1.376600584,103.7507593
650250,1.351055493,103.7570803
609135,1.31371654,103.7324319
669078,1.360366099,103.7570382
669435,1.353482419,103.7588919
128323,1.308910417,103.7565712
138681,1.305621915,103.7838217
597965,1.34339958,103.7730619
588962,1.340725878,103.7806131
588550,1.34175237,103.7826495
648732,1.351332548,103.6995739
618463,1.340764091,103.7190102
127522,1.315943279,103.7550944
119844,1.275094135,103.7967757
688466,1.391607693,103.7498345
119430,1.273847592,103.794612
266345,1.323348135,103.8001671
269008,1.322686732,103.8070716
278203,1.311430441,103.7988813
276897,1.315737213,103.7799483
278297,1.314253348,103.7798862
589868,1.343473039,103.7879774
629100,1.327119797,103.6756538
618779,1.332939591,103.713691
139648,1.301004419,103.7854556
126758,1.314640767,103.7555006
588016,1.338163669,103.7835288
718798,1.417557294,103.7072988
648293,1.351492515,103.697919
637895,1.308089956,103.6315477
728790,1.405475945,103.75292
127926,1.316039601,103.7566171
679870,1.37163202,103.7687246
658736,1.339013655,103.760743
627886,1.261039873,103.7037006
597848,1.342332729,103.7725472
728864,1.430863633,103.7502041
596953,1.338231912,103.7658706
277547,1.329415535,103.7914615
728862,1.43027729,103.7499756
117524,1.286216157,103.7797704
680683,1.404306852,103.7458543
739801,1.416965117,103.7582496
286879,1.337450121,103.8050938
629120,1.306492053,103.6962358
127740,1.312942802,103.757973
278305,1.314913434,103.779407
650461,1.354613202,103.7397217
636948,1.271356233,103.6333538
640211,1.348241225,103.7140979
289195,1.331291454,103.807222
651241,1.350771769,103.7552296
268250,1.322685774,103.796866
599046,1.336448105,103.7697377
128236,1.307792564,103.7567998
266664,1.328510566,103.7988811
588401,1.338576114,103.7811357
275947,1.32601843,103.7915363
599837,1.335172561,103.7728596
599222,1.335032862,103.7686046
648303,1.352216295,103.6978828
648207,1.352495739,103.6978375
138680,1.304416722,103.7842786
269828,1.320215436,103.7996188
668950,1.358635433,103.7615475
638004,1.339093142,103.6900081
681151,1.378103931,103.7567176
119646,1.291908524,103.7728687
679645,1.371038311,103.7680459
277201,1.315334615,103.7795794
288861,1.331162743,103.8005183
127782,1.312992214,103.7595848
267970,1.320292687,103.8048162
269205,1.324354773,103.8029516
677867,1.371271549,103.7726683
728775,1.407417026,103.7519376
659520,1.340284097,103.7570985
589627,1.334469655,103.785591
669953,1.357525958,103.7583301
688583,1.391362333,103.7508844
277184,1.315482787,103.7802105
269965,1.323100212,103.7941429
588151,1.347544423,103.7701409
266313,1.3240326,103.8015569
597963,1.343404614,103.7731844
637584,1.31459846,103.6284565
669040,1.359373411,103.759067
267830,1.313320619,103.7965635
269129,1.324358177,103.802951
276908,1.315689734,103.7784038
129281,1.320190912,103.757232
588771,1.334952166,103.7883763
637795,1.295132129,103.6251537
648703,1.351645748,103.698676
278266,1.310366336,103.7971853
126903,1.312848707,103.7558861
597404,1.327052327,103.768207
268803,1.329076067,103.7956164
268289,1.316040361,103.7935921
637637,1.299341201,103.6276716
639172,1.324486084,103.6496108
629759,1.326097808,103.6866623
279295,1.322097564,103.7864822
637446,1.332779929,103.6349373
637441,1.331834412,103.6345769
266493,1.318232309,103.8040633
596105,1.335812219,103.7789415
637008,1.287449624,103.6236791
637009,1.287617653,103.6237406
266264,1.321819811,103.794255
266332,1.323896652,103.7993043
267857,1.314148488,103.8007603
650524,1.357223389,103.7526547
269248,1.317668902,103.7928675
637599,1.294409321,103.6325061
689438,1.377545958,103.757253
128244,1.308227819,103.7566845
598077,1.33660246,103.7659986
670239,1.380149397,103.7711263
688468,1.391716733,103.7498325
729494,1.414172029,103.7441423
677771,1.373419186,103.7713682
269338,1.321499857,103.7977581
597330,1.328381958,103.7673529
129489,1.319513482,103.7565384
649519,1.349703018,103.714751
267013,1.315742028,103.7913745
648520,1.352917437,103.6995875
587997,1.33985941,103.7826351
599280,1.33444358,103.7684321
598155,1.336426037,103.7651385
597405,1.326919764,103.7677605
277604,1.329361155,103.7936232
596292,1.339495276,103.7665845
289410,1.333697286,103.8074858
648326,1.355068327,103.7028486
129523,1.318036119,103.7586412
677745,1.373018688,103.7727601
629026,1.328893869,103.6755212
629711,1.327418758,103.6875225
128277,1.308475976,103.756915
637394,1.297280171,103.6413905
288249,1.334553725,103.8030551
266403,1.320096738,103.8071063
629092,1.32813348,103.6755327
677744,1.385889219,103.7677945
637378,1.299451989,103.640812
638013,1.338701343,103.6895102
637910,1.337061665,103.6905923
639931,1.329614775,103.6550024
629942,1.313210733,103.6803004
677676,1.371180402,103.7731497
279283,1.321960454,103.7858512
269437,1.321948863,103.8092269
648377,1.352350228,103.6993462
267464,1.324430183,103.7947042
126790,1.298258926,103.7650495
279761,1.323761163,103.7834591
688484,1.392060727,103.7505283
628967,1.325734664,103.6759386
276998,1.315786697,103.7851425
619893,1.33659956,103.712702
278177,1.30973437,103.7983504
288951,1.331598973,103.8075408
638236,1.337787801,103.6900333
637906,1.337164641,103.690513
268561,1.324748611,103.7937974
688271,1.390433014,103.752464
652113,1.349709457,103.7452323
267225,1.324261642,103.7963722
728655,1.431855441,103.7503624
596231,1.360056818,103.7658107
638141,1.339213608,103.6912341
127224,1.31482554,103.7569527
597207,1.326431295,103.7691464
677638,1.404414015,103.7567358
678356,1.357967544,103.7686346
609191,1.308009563,103.7354622
276487,1.329030892,103.7948989
596387,1.345161597,103.7722188
658873,1.338659668,103.7614479
119537,1.280094464,103.7911032
598933,1.333902713,103.7664665
286723,1.328415709,103.8060229
286722,1.328386589,103.8060669
737923,1.431688581,103.7547965
739712,1.416105829,103.758385
629095,1.328156195,103.675856
649806,1.341721957,103.7153322
689394,1.377774852,103.7579665
288408,1.326861431,103.8123056
279703,1.331984432,103.7917592
276216,1.312735709,103.7820032
629598,1.319270002,103.6678078
118717,1.291637025,103.7725566
629842,1.320468698,103.6818588
640511,1.347792672,103.7195911
600402,1.320755478,103.7495197
288262,1.334787716,103.8036553
117777,1.284973618,103.7956152
650183,1.346326381,103.7433778
679587,1.371602805,103.7660115
128358,1.308781682,103.755507
637361,1.316234178,103.6360348
728669,1.434774251,103.7452369
128325,1.308748747,103.7563535
679865,1.372209134,103.7686801
609337,1.321030788,103.7461105
127870,1.313720957,103.7562035
618808,1.331360733,103.7105494
598190,1.334868136,103.770994
588301,1.339077852,103.7856073
658818,1.33797826,103.7611973
121431,1.31380878,103.7630172
598229,1.335281759,103.7726131
678073,1.359905659,103.7675803
267039,1.3144677,103.7919573
680438,1.38427313,103.7398647
127902,1.315048579,103.7568854
669444,1.353983338,103.7590908
596777,1.338525855,103.7646746
277186,1.315416333,103.7801273
628437,1.300599219,103.6570551
268174,1.319724488,103.8082284
678062,1.359322999,103.7676378
287738,1.327801753,103.8088304
611337,1.337699664,103.7227903
599058,1.335600057,103.7678483
637920,1.336799091,103.6907936
277241,1.318239114,103.7813032
289242,1.331957515,103.8064076
587873,1.343942938,103.7880447
629566,1.313059435,103.6724739
677820,1.372006487,103.7736882
119339,1.279941537,103.7900715
640262,1.344801397,103.7072991
248922,1.296021602,103.8155641
668873,1.358969328,103.7606588
598545,1.343939879,103.7661442
619328,1.311034006,103.720455
589515,1.336763026,103.7860719
598535,1.343396188,103.7665223
596208,1.345317283,103.7726983
648583,1.351996605,103.6995616
598378,1.344489941,103.7681081
588596,1.335950713,103.7886788
128807,1.318247503,103.7620813
128810,1.318468304,103.7616141
268417,1.321176263,103.791283
600416,1.32102611,103.7483131
269329,1.32231724,103.797694
614337,1.337332246,103.721601
638441,1.331816158,103.636802
637741,1.301175993,103.6281773
619729,1.312607424,103.7236624
120301,1.322176495,103.7649121
269310,1.321058243,103.7965371
718836,1.427634162,103.7034379
650290,1.344095802,103.7572753
640210,1.347645928,103.7129332
289221,1.331576988,103.806721
679570,1.371163444,103.7660586
629031,1.324809193,103.6765119
637051,1.243470179,103.611319
266368,1.318814033,103.8064765
658789,1.340599087,103.7610065
589207,1.342166247,103.7852986
127150,1.30961221,103.7618189
278898,1.31398504,103.7794127
597944,1.344430537,103.7733651
588667,1.335478201,103.7879192
119716,1.279742982,103.7877785
637291,1.287466623,103.6360589
269302,1.320838427,103.7962578
597974,1.343499737,103.7724817
597267,1.324877791,103.7671113
287397,1.328275126,103.8083907
127187,1.294850686,103.7662057
279048,1.31386547,103.7832107
628378,1.300902494,103.6636398
679447,1.369737775,103.7725441
127649,1.318878184,103.753381
276255,1.313296059,103.7806057
119147,1.280776128,103.7878755
598405,1.343896177,103.7680332
286781,1.329013265,103.8061641
670473,1.388237313,103.7721445
277443,1.320857117,103.7892873
668723,1.359498171,103.7584103
658519,1.372452443,103.7522623
128392,1.312909003,103.7534832
117779,1.284192172,103.7942787
739698,1.415431333,103.7586812
597496,1.328726484,103.7676642
677799,1.372804505,103.7736611
728681,1.402508085,103.7647467
680224,1.380781526,103.7446696
638044,1.307817003,103.6296081
677841,1.371620144,103.7736342
597240,1.329446469,103.7678293
129034,1.321014183,103.7572884
658703,1.371818028,103.7529861
688762,1.390126274,103.7502716
637878,1.298045298,103.6311217
677857,1.371962833,103.7726827
598388,1.345059682,103.7675917
679410,1.370570152,103.7721693
689093,1.397748272,103.7515807
718904,1.43948199,103.7309506
286919,1.336520077,103.8058326
119618,1.29159265,103.7753516
279678,1.327533903,103.792161
689425,1.377183395,103.758366
588736,1.335875122,103.7873503
129020,1.32093239,103.7552883
128173,1.308476855,103.7637316
658867,1.338569412,103.7612069
678511,1.368838152,103.7698293
133028,1.305689258,103.782346
130005,1.304060128,103.7826372
120309,1.320919814,103.7663776
120307,1.321415897,103.7671055
588013,1.339368087,103.7823144
287634,1.332345824,103.8094408
119373,1.278666857,103.7895453
638854,1.323119663,103.6381781
638703,1.319876592,103.6485041
139746,1.30262000540156,103.790355693433
267453,1.323717109,103.7971645
679242,1.368595469,103.7682158
279104,1.311982164,103.7838154
149863,1.290006117,103.8056539
268121,1.32061523,103.8068787
288857,1.331204096,103.8003193
119421,1.274448733,103.7944869
268696,1.314734938,103.7940654
596785,1.338756982,103.7646352
128798,1.317434234,103.7604177
275937,1.325998605,103.7917117
699801,1.377911948,103.7125693
699802,1.377911948,103.7125693
596688,1.340554729,103.7700541
142056,1.296696151,103.8042695
276129,1.326009363,103.7853216
629675,1.31427753,103.6675436
678945,1.37345219,103.7650862
588814,1.337136555,103.7865797
597103,1.324695113,103.7659719
119052,1.292824629,103.7694774
279115,1.311617754,103.7846037
118457,1.280293192,103.7936057
658226,1.368430904,103.7528823
739819,1.415423746,103.7582133
588900,1.340677027,103.779656
650329,1.363126337,103.7474185
596556,1.337133627,103.7709905
277144,1.315334112,103.7820862
588589,1.335181069,103.7886257
277789,1.330646145,103.7936112
269539,1.32321721,103.8097276
627853,1.265670921,103.7280334
278251,1.310698144,103.7972608
277761,1.33012747,103.794732
289847,1.334871953,103.8094424
639366,1.325013466,103.6502146
129111,1.321504019,103.7592884
637778,1.298658064,103.6280881
629462,1.316926316,103.6736361
596272,1.335486258,103.7703164
598051,1.335578549,103.7672903
288254,1.335950695,103.8032118
651395,1.364489743,103.7519871
286887,1.337648836,103.8050662
286886,1.337641526,103.8050138
588043,1.338165267,103.7833106
638081,1.310637411,103.6289656
127441,1.29609363,103.7667054
267341,1.324753938,103.7970318
128099,1.313585099,103.7573736
587867,1.345095582,103.7760456
268712,1.313980319,103.7968474
589845,1.339466217,103.7874807
609777,1.342666416,103.7345468
670430,1.386640617,103.7705345
678039,1.394391405,103.7563692
629859,1.315962681,103.6920497
679857,1.371754872,103.7694761
679850,1.371475616,103.769732
668288,1.377007185,103.7585244
276167,1.326854397,103.783285
589643,1.332359203,103.7869846
629361,1.306844312,103.6671033
127708,1.316730576,103.7552681
627597,1.262053487,103.6688033
636815,1.318092307,103.6305885
698923,1.372350195,103.7106481
638637,1.322439137,103.6558689
669679,1.378001043,103.7584908
648305,1.343003968,103.7190097
279872,1.331342558,103.7929047
688648,1.392684991,103.7520964
267117,1.326525762,103.7941428
117713,1.283544119,103.7851458
698905,1.378392645,103.717731
698908,1.378056426,103.7192329
639180,1.325546685,103.6481404
629342,1.302079859,103.6659635
287558,1.329634727,103.8101614
128064,1.315031222,103.7558762
636859,1.324436358,103.6433317
266181,1.321833367,103.8025039
598400,1.345982821,103.7662204
637953,1.337422437,103.6917255
629068,1.327773957,103.6687417
679849,1.371391923,103.7697265
636788,1.269912064,103.6284765
128470,1.304033022,103.757085
738061,1.417199292,103.7578586
267616,1.3260125,103.7999362
288518,1.324459246,103.8128173
278386,1.316100836,103.787579
639451,1.324099139,103.6542548
266875,1.318977575,103.7900034
269476,1.322518995,103.8051117
289007,1.334593065,103.807612
628088,1.33212291,103.6990703
637460,1.347572377,103.6823276
619093,1.318441436,103.7215502
637914,1.33695869,103.6906715
596940,1.337839318,103.7659471
598621,1.342082139,103.7711468
629846,1.318963355,103.6831699
629457,1.316547973,103.674865
639293,1.325378236,103.6494135
679313,1.371600145,103.7713092
729903,1.40712488,103.7576119
599029,1.336672889,103.7706651
599919,1.337355236,103.7736235
680426,1.38053536,103.7392345
127598,1.31344055,103.7589993
598504,1.345626803,103.7662182
587847,1.348477382,103.7741133
669080,1.360235032,103.7570268
618488,1.339459276,103.7185425
277810,1.329983732,103.7944588
269320,1.322087407,103.7973696
668861,1.358722556,103.7609788
719032,1.428494014,103.7245126
266258,1.321060163,103.7929183
609198,1.308632941,103.7303928
122423,1.309440766,103.7701445
669116,1.359296425,103.7573512
599813,1.334751598,103.7720543
618423,1.34019494,103.7182604
128658,1.309313139,103.7618528
279119,1.311554635,103.7847078
669947,1.357541225,103.7586215
276653,1.318129511,103.7877186
638167,1.338867442,103.6909943
638286,1.337452687,103.692061
638149,1.33941881,103.6910747
597893,1.344607496,103.7719393
278643,1.322742022,103.7839152
279834,1.331255363,103.7916379
648741,1.351666166,103.7000711
276128,1.325517421,103.7848266
637078,1.276631182,103.6365954
599135,1.334337103,103.766965
688592,1.391749056,103.7507698
287868,1.33348217,103.8006088
288949,1.331535537,103.8075188
288952,1.331598973,103.8075408
289496,1.331611364,103.8072179
128428,1.312728258,103.7511386
267259,1.32523976,103.7965561
267618,1.32620368,103.7986058
637880,1.297998167,103.6312481
269488,1.322909532,103.8046017
118114,1.279233423,103.7906159
268097,1.321070942,103.8076819
589871,1.33982892,103.7877454
268977,1.324833493,103.8083821
638431,1.334458175,103.6392271
598470,1.343392129,103.7676368
266520,1.320503169,103.8019436
587943,1.344503461,103.7884026
627685,1.333896737,103.703513
268407,1.321071232,103.7915261
277478,1.320821023,103.7887827
639187,1.326332976,103.6473218
120329,1.313067181,103.7673393
120425,1.309626523,103.7711231
267367,1.324482821,103.7950699
268511,1.322654033,103.7958697
671617,1.385591018,103.7624299
618415,1.340011527,103.7183758
589782,1.3435754,103.7876892
669821,1.358189916,103.7586194
681792,1.395274094,103.7495344
678829,1.360787209,103.7678206
267924,1.317211287,103.7965515
680416,1.383340496,103.7420833
637455,1.316961146,103.6340561
637454,1.317022844,103.6339836
598789,1.340291301,103.7660018
279712,1.33245142,103.7914091
677839,1.371673249,103.7737339
286885,1.337633775,103.8049678
679405,1.371518911,103.7722411
618451,1.340047624,103.7188291
641624,1.341139746,103.6984449
618744,1.336484705,103.7221205
597202,1.325751236,103.7688609
268745,1.328374116,103.8003677
668176,1.376612886,103.7575567
277870,1.32892884,103.7926873
278401,1.316544161,103.7867702
729053,1.421045062,103.7492944
129285,1.320518864,103.7576072
669689,1.377811503,103.7600102
139400,1.300951317,103.7888082
269653,1.315822932,103.8011312
279540,1.322369151,103.7848954
679891,1.372190809,103.7690262
288428,1.327855641,103.8111155
278486,1.309374784,103.7976338
277398,1.318642851,103.7871116
278862,1.313903945,103.7825628
628706,1.329843924,103.7015868
629519,1.310670869,103.6676893
117997,1.280301052,103.791312
690324,1.363108196,103.732798
139577,1.307472326,103.7768362
680415,1.382746109,103.7424461
268324,1.316685482,103.7937708
289083,1.32832007,103.8052629
639239,1.329278819,103.650153
682809,1.374761886,103.7449651
641528,1.348633744,103.7169273
641536,1.349506723,103.7159385
139597,1.307828434,103.7739735
637415,1.316454631,103.6284781
637414,1.316416924,103.6285792
637413,1.316379211,103.6286803
599650,1.343570898,103.7708779
287024,1.335266908,103.8050141
117341,1.279606787,103.7850482
588010,1.341686636,103.7834208
588005,1.34138947,103.7834369
276862,1.31449677,103.7846814
651460,1.35426046,103.7393097
288508,1.326485732,103.8101231
628341,1.306258965,103.6641053
598848,1.340779242,103.765344
678043,1.357853087,103.7680494
286875,1.337480667,103.8052891
678063,1.359360474,103.7676315
129455,1.318598056,103.7579518
639492,1.321322369,103.6590155
599032,1.33700568,103.770546
597824,1.34231125,103.7734492
682811,1.373121458,103.7453822
587789,1.346707152,103.777418
728656,1.433313583,103.7512682
129099,1.320393105,103.7601498
648281,1.351617481,103.6973861
638763,1.31844563,103.6509014
120725,1.3035056,103.7637743
120720,1.302464088,103.763751
120721,1.302425249,103.7643539
279994,1.331121699,103.7934379
739541,1.433954784,103.7573038
599034,1.337023053,103.7706086
589370,1.347429207,103.7880722
589399,1.348220641,103.7889978
277872,1.328739903,103.7925457
599816,1.334259389,103.7711444
654460,1.353570382,103.7402148
139588,1.307921277,103.7745985
139593,1.308036703,103.7743595
286778,1.328938674,103.8063061
286777,1.3289094,103.8063506
689433,1.376917459,103.7579003
276637,1.318854851,103.7882078
275762,1.327755365,103.7935546
266586,1.328270378,103.7978926
689675,1.386036249,103.7428942
648670,1.352538694,103.6987164
270014,1.308846755,103.7891468
268177,1.31964645,103.8074552
596299,1.339511788,103.7661055
638117,1.310776929,103.6324776
275775,1.324103815,103.7927111
269536,1.322898356,103.8006356
288525,1.325191424,103.8123535
637709,1.291689841,103.623181
599047,1.336721054,103.7708925
266512,1.321515466,103.8030869
609023,1.306801893,103.7361828
658494,1.372118614,103.7527413
599086,1.335891306,103.7678846
596763,1.338471685,103.7644271
276440,1.325911175,103.7920648
278355,1.315771419,103.7868039
588088,1.339050618,103.7816087
598259,1.33633924,103.7742016
118639,1.286344527,103.7796026
728791,1.407321507,103.7500773
629891,1.302763248,103.6771755
649822,1.342642142,103.7169415
648640,1.353410538,103.6971097
275763,1.327883537,103.7936175
679878,1.372120075,103.7688696
629477,1.316322442,103.6699665
598401,1.344550834,103.7675662
143052,1.302216957,103.7969307
279064,1.313917745,103.7828661
588555,1.341896631,103.7822335
269684,1.315786863,103.8007385
729937,1.406312054,103.7605617
266596,1.327202288,103.7982939
277071,1.316122407,103.7822121
279188,1.312384111,103.7840689
599905,1.336912444,103.7730408
128549,1.305922071,103.7656522
118626,1.281892805,103.7828892
279353,1.322027207,103.7868275
597719,1.344791873,103.7722156
129958,1.306156659,103.7701483
287520,1.326827582,103.8097463
279691,1.33174326,103.7924655
619525,1.335195572,103.7085415
597713,1.344204502,103.7720049
148951,1.297076641,103.8009248
681804,1.373672331,103.7420008
600063,1.321027128,103.7395144
637757,1.313245744,103.6309004
619201,1.329385658,103.7149857
669066,1.359910653,103.7581987
629178,1.32874123,103.6840918
650330,1.363398487,103.7484454
659766,1.346217216,103.7655735
651413,1.363838995,103.7463971
609282,1.300497741,103.7497745
596965,1.339340147,103.7660848
128178,1.308871351,103.7638942
128131,1.308000245,103.7622052
120306,1.321438261,103.7659013
650464,1.357580606,103.7421543
658326,1.368981221,103.7525896
678922,1.372477066,103.7659695
140168,1.289285559,103.8034015
269138,1.323620814,103.8026718
286924,1.337686306,103.8053078
286926,1.337678762,103.8052618
286928,1.3376701,103.8052088
658521,1.372540082,103.7523255
589046,1.337344989,103.7848357
269109,1.324383946,103.8057776
279566,1.323226976,103.7871622
688537,1.391076274,103.7521611
679041,1.365134082,103.7688831
266369,1.319067645,103.8065464
650253,1.350104507,103.7576192
600312,1.346914645,103.7321743
599039,1.337098442,103.7708371
287090,1.337937391,103.8050592
599063,1.334850929,103.7680413
648246,1.351917276,103.6975536
266150,1.322611304,103.8039032
287226,1.326912093,103.8090827
277230,1.318675099,103.7816937
599148,1.334156409,103.7671707
668718,1.359329475,103.7587297
658855,1.338438158,103.7607733
149156,1.290954149,103.8062223
128066,1.31495307,103.755969
287681,1.328852223,103.8082575
268802,1.330817401,103.7956924
598720,1.353451126,103.7675015
127911,1.315380107,103.7573838
119032,1.292328155,103.7690297
597969,1.343445727,103.7727647
117312,1.281043707,103.7906494
278253,1.31070175,103.7972109
286949,1.336777378,103.8056959
120601,1.304774613,103.7652538
588272,1.336418074,103.7864775
279252,1.32157837,103.7842268
279336,1.320739781,103.7870253
279644,1.329027385,103.790107
139455,1.307107132,103.7757855
286702,1.328516291,103.8058297
658864,1.33889706,103.761093
648214,1.352219256,103.6976671
599306,1.333661841,103.7676236
679787,1.370935003,103.7684153
278875,1.313496597,103.7812361
119368,1.278790815,103.7900288
728641,1.434397107,103.7468979
738220,1.434146561,103.767851
671524,1.385405693,103.7662285
286884,1.337624933,103.8049153
648348,1.335256347,103.7020989
627948,1.332728283,103.7050515
118874,1.28224365,103.7847453
597361,1.326225775,103.7684212
279779,1.332481521,103.7909994
279537,1.322329472,103.7846955
286730,1.32866212,103.8060689
640851,1.346591667,103.6924742
119222,1.297451231,103.7748186
680133,1.380744151,103.7512211
120608,1.304341103,103.7665298
739868,1.414852151,103.7583949
628570,1.326279178,103.7039867
119779,1.278769922,103.7892333
278638,1.319422865,103.780824
640403,1.353839218,103.7214797
678504,1.368463796,103.7700536
597556,1.346158024,103.7644074
628510,1.311113877,103.6813829
269567,1.322175727,103.8058939
618386,1.339463656,103.7175742
278436,1.309583652,103.7992458
618312,1.301459026,103.7185923
689871,1.383521327,103.7489972
689875,1.383300451,103.7485884
266441,1.319749296,103.8064189
668216,1.374838502,103.7576809
141037,1.297761014,103.7977498
128421,1.313952734,103.7508326
276204,1.312360131,103.7821172
628709,1.330384845,103.7023232
689048,1.378251246,103.7464176
637948,1.337670728,103.6915221
648256,1.351809702,103.697444
636833,1.321231176,103.6338805
638014,1.338675824,103.689444
287332,1.328703977,103.8086254
128377,1.312131998,103.753599
637383,1.297130924,103.6241211
279797,1.313749875,103.7904348
118596,1.280181198,103.7848247
269642,1.313930892,103.8004824
269250,1.318722265,103.793146
739482,1.432757254,103.7548209
598646,1.343874109,103.7702494
267037,1.314156997,103.7918396
658053,1.369572364,103.7531765
658115,1.341123575,103.7532089
628608,1.325171369,103.6997837
689391,1.37786852,103.7581204
637785,1.309496094,103.6279739
128768,1.308522123,103.7650328
287858,1.332808064,103.8006871
127001,1.316351776,103.755484
269000,1.323396987,103.8075348
287680,1.328723475,103.8072987
677632,1.387194004,103.761084
272048,1.31061779723986,103.79021499858
587990,1.340012011,103.7841052
117423,1.281386378,103.7832998
118618,1.281350127,103.7836422
658321,1.368634683,103.7525622
128718,1.307396454,103.7635812
598733,1.35503999,103.76745
588053,1.338975244,103.7828438
269683,1.316169723,103.8005838
589921,1.341603121,103.7866892
629780,1.328869413,103.7048778
288829,1.331609023,103.7990892
671152,1.375521825,103.7654385
637886,1.29855352,103.6313902
629701,1.325066154,103.6891178
276422,1.325335915,103.792445
277514,1.320226939,103.7866049
279523,1.322115152,103.783863
118283,1.28494407,103.7962678
589378,1.347822273,103.7880341
267660,1.324792871,103.7956598
598403,1.344215102,103.7678747
679884,1.372523453,103.7693159
266598,1.327147998,103.7979923
289345,1.334432366,103.8063319
268725,1.313886369,103.7935895
268726,1.313852584,103.7936385
678609,1.367462174,103.7692704
601286,1.338662946,103.7456695
648347,1.350997799,103.7075937
600256,1.344165273,103.7382634
596295,1.339510764,103.7663508
288506,1.326596354,103.8101537
671213,1.374965387,103.7754358
279861,1.332294147,103.7923751
628279,1.272216568,103.7125295
678803,1.360701424,103.7681459
596215,1.345774615,103.7715732
126777,1.298656689,103.7641136
126770,1.29878978,103.764795
669081,1.36017115,103.7570382
266783,1.322702933,103.8114943
268617,1.321021207,103.7947792
597071,1.323552869,103.7675155
598256,1.337021422,103.7742543
637428,1.316759835,103.6309745
618499,1.334682665,103.7216193
266769,1.318665623,103.8073035
287552,1.329451625,103.8100947
599035,1.336700481,103.7708443
650280,1.347701477,103.7570446
650279,1.348160517,103.7573373
649736,1.356596832,103.6966712
129803,1.291519346,103.7674371
117505,1.2918101,103.7684714
628401,1.294962871,103.6637316
599162,1.334246119,103.767513
598590,1.340552016,103.7732833
638555,1.337082649,103.6390738
619038,1.327220277,103.7110823
678924,1.372398387,103.7660434
598173,1.335929035,103.7662603
596661,1.338043371,103.7689926
138623,1.301603872,103.7932368
267474,1.322893532,103.7963972
718794,1.42728144,103.704852
129411,1.320001346,103.7565937
587906,1.344213673,103.7882792
599021,1.336557939,103.7700792
596833,1.338862385,103.7651566
651296,1.344093582,103.7464092
689387,1.37816403,103.7585455
118036,1.278734656,103.7911472
589196,1.342073922,103.7859404
608835,1.336877666,103.7494171
669391,1.354691255,103.7593473
609607,1.335904576,103.7446364
279148,1.312829081,103.7843757
266655,1.328821024,103.7997258
269606,1.323545561,103.8048694
639094,1.326647366,103.6408579
670438,1.382776617,103.7702967
648394,1.35258257,103.699688
126813,1.292987466,103.7670939
127526,1.316272344,103.7547489
288893,1.327995092,103.8058509
286915,1.337900848,103.8058367
674636,1.387415443,103.7593124
638784,1.317039152,103.6508271
268363,1.32206446,103.7939493
669909,1.35795558,103.7595618
287179,1.330806024,103.8095201
118875,1.282205684,103.7847946
640523,1.346755476,103.7161578
279199,1.312765803,103.7848036
269819,1.319695498,103.7976403
287549,1.32934136,103.8100609
128272,1.310522255,103.7548319
266262,1.321149413,103.7931147
688314,1.391060426,103.7512386
598289,1.333369897,103.7804891
588803,1.336420049,103.7875034
128352,1.308588073,103.7556527
688370,1.389907681,103.7522148
638148,1.338535196,103.6914316
128694,1.307230639,103.7629836
138594,1.306564206,103.7731581
599317,1.335388663,103.7701863
596725,1.339493368,103.7657934
268137,1.318386856,103.8067857
278497,1.308794758,103.79772
588009,1.340534678,103.784128
729227,1.411493536,103.7503795
668684,1.358550859,103.760086
288110,1.337304807,103.7898243
672632,1.384355058,103.7590328
670621,1.386021061,103.7628543
588649,1.343800141,103.7879507
638864,1.322416413,103.636357
650435,1.359343012,103.7403647
609922,1.325100222,103.7482509
596434,1.344595681,103.7704715
739929,1.414438788,103.7584298
648451,1.351440909,103.6982384
599088,1.335745418,103.7679305
668764,1.359467275,103.7622424
596334,1.342598963,103.7746437
276595,1.320833831,103.7901683
266485,1.317495886,103.8041007
128355,1.311957987,103.7540536
669619,1.357149972,103.7591357
128416,1.315096969,103.7496131
289265,1.333197956,103.8054439
608545,1.317549907,103.7316702
119053,1.292876054,103.7695185
269332,1.321144515,103.7974945
597263,1.324650372,103.7674248
638064,1.306614263,103.6290445
627878,1.267455725,103.7046012
640178,1.347312454,103.7088041
637899,1.333854794,103.6713488
658485,1.371268566,103.7514114
688542,1.391435549,103.7521506
598827,1.34074851,103.765941
618818,1.334775402,103.7112558
596439,1.345642629,103.7721048
119791,1.279477323,103.7890982
688387,1.390397132,103.7516601
648408,1.35279715,103.6993767
267972,1.320537262,103.8049647
286688,1.32856007,103.8055399
668211,1.37501036,103.7585524
669693,1.378348281,103.7596133
128716,1.30739292,103.7635269
588609,1.337041082,103.788766
618477,1.339795934,103.7190719
118028,1.279203351,103.7909473
638066,1.30634466,103.6286253
678821,1.360103168,103.7678971
629454,1.316984114,103.6757557
288377,1.324981952,103.8119285
267950,1.315142922,103.8020112
628226,1.25648664,103.7076188
680014,1.37848151,103.7556754
588798,1.336886133,103.7870327
597356,1.325969792,103.7678752
637503,1.313694002,103.6280678
637495,1.313558296,103.6280176
588311,1.339609769,103.7855418
287675,1.328594566,103.8080768
118919,1.291942712,103.771161
637675,1.292166838,103.6244869
127647,1.318033571,103.7535279
286708,1.328691932,103.805562
269855,1.313592986,103.7991904
668606,1.360094621,103.7624164
117437,1.291214856,103.7725208
619098,1.316767766,103.7211492
629882,1.303734293,103.6803005
628595,1.327293243,103.7013118
277106,1.317101429,103.7812914
638188,1.338678668,103.6902365
269719,1.324402789,103.8093143
269721,1.324432696,103.8092703
289549,1.334725943,103.7995038
276298,1.331192479,103.7894685
266533,1.320311661,103.8044734
117961,1.27975628,103.7914016
266120,1.322508836,103.8028338
129115,1.321059289,103.7600043
279156,1.313094963,103.7836833
629193,1.315649262,103.671433
596652,1.338424967,103.7689281
127315,1.293792397,103.766582
138607,1.304794833,103.7724616
127356,1.295312553,103.766588
119108,1.280478212,103.7872151
739785,1.417007793,103.7585262
597368,1.326788478,103.768753
599626,1.342111173,103.7725277
598906,1.335331382,103.7662224
596396,1.345474784,103.7723593
728949,1.423945723,103.7488333
599322,1.33374495,103.7702574
276240,1.312581084,103.7812651
269403,1.322868867,103.7991316
729489,1.404403294,103.7553307
279560,1.32317328,103.7868511
688247,1.378058193,103.7454894
729333,1.409847825,103.7496834
279832,1.331182377,103.7917889
598174,1.335975805,103.766365
629117,1.327161861,103.6782793
654290,1.343891048,103.7576892
656290,1.343377778,103.7571747
678880,1.372017064,103.7646112
688559,1.391214637,103.7515514
289408,1.333575467,103.8075158
652468,1.356869582,103.743161
597736,1.343178945,103.7734099
277168,1.316491449,103.7810701
629796,1.332915605,103.7029353
619969,1.328280516,103.7189906
637618,1.300379843,103.6275787
129158,1.321397398,103.7578466
658669,1.370668392,103.7524198
729485,1.418447146,103.7424784
286976,1.335834555,103.8054852
129930,1.31467839,103.7685534
678085,1.360520388,103.7674946
598450,1.345718693,103.7653198
678802,1.358993724,103.7679283
267532,1.326479923,103.7959974
601020,1.323938107,103.7379724
288445,1.327422297,103.8108901
598285,1.335329182,103.7806727
618591,1.32624827,103.7238195
596329,1.343005943,103.7749012
619476,1.314324919,103.7029797
638774,1.314728257,103.6539003
637784,1.322139925,103.6304855
599656,1.343912149,103.770859
637863,1.299165818,103.6297491
589109,1.337993699,103.7853749
588682,1.33532126,103.787202
118110,1.279435401,103.790719
278471,1.308220002,103.7989561
279696,1.332121517,103.7923356
609269,1.297891056,103.7533116
118055,1.278808776,103.7916649
286978,1.335843549,103.8055408
288644,1.335933136,103.8042166
266770,1.318615036,103.8072511
637595,1.302137476,103.6273149
278399,1.31643669,103.786833
679251,1.36937945,103.7685109
279497,1.323440039,103.7869983
638268,1.337646074,103.69075
650319,1.36139508,103.7465167
267941,1.315918692,103.8022701
267942,1.315852741,103.8022445
118908,1.281643869,103.7855565
637453,1.317052551,103.6339027
639671,1.350954433,103.6866988
648664,1.352649245,103.6985522
287134,1.330180077,103.8093792
287140,1.330224214,103.8092511
598262,1.337413572,103.7741987
286710,1.328752022,103.8054747
677713,1.370857507,103.7735666
658243,1.368403572,103.7523584
689575,1.395253985,103.7513115
276620,1.319825401,103.7889515
127448,1.294548493,103.767655
138888,1.299415752,103.7931287
118190,1.280743933,103.7909206
637587,1.314822696,103.6278488
659956,1.374133608,103.7538992
737955,1.415982902,103.7551393
118636,1.286041662,103.7799248
678633,1.367301726,103.7698623
288616,1.331773535,103.802906
268983,1.324373942,103.8081667
589228,1.340385215,103.7847817
637874,1.29813328,103.6308858
729566,1.409162455,103.7468251
277313,1.317344058,103.7829416
118905,1.281738642,103.785416
127251,1.313538519,103.7581132
677712,1.370905344,103.7735399
127660,1.318189158,103.7549557
648661,1.352443,103.6982397
138682,1.300324261,103.7808778
669068,1.359731175,103.758014
149000,1.291254743,103.8063003
596608,1.337573744,103.7654669
117619,1.28219051,103.7825495
608549,1.333328193,103.7433594
628083,1.330785973,103.6982752
138615,1.307587697,103.7731542
678126,1.372622331,103.7633056
618385,1.33973307,103.7173573
287810,1.333624831,103.8011273
597146,1.327502682,103.7652149
141044,1.297791663,103.8026579
658378,1.369745238,103.7523642
658380,1.369746927,103.7524156
289566,1.335935272,103.7997648
619402,1.324503481,103.7308984
637967,1.336974084,103.6915664
637978,1.336711016,103.6924604
286985,1.3354108,103.8060526
637681,1.292015074,103.624891
277530,1.32173449,103.7858798
599787,1.334639203,103.7710859
688705,1.390506966,103.7527937
679974,1.37815059,103.7744977
118904,1.28180598,103.7853269
680771,1.394267658,103.7493193
140083,1.304678661,103.8004236
140101,1.308051592,103.8008428
140102,1.307824649,103.8006298
140109,1.307249431,103.7989383
279529,1.322791385,103.7849472
638610,1.329112922,103.6414577
278050,1.309382477,103.7983662
637737,1.300769321,103.6281709
598472,1.343502889,103.7675787
266352,1.323228087,103.7997058
680566,1.394616885,103.7457688
120516,1.308167622,103.7604456
627554,1.312668633,103.699708
117611,1.288213515,103.7821393
286857,1.336548277,103.8061814
629576,1.313699616,103.6639491
659804,1.353080683,103.7561458
628389,1.303914037,103.6586418
641176,1.346947981,103.7099544
637364,1.272110012,103.620313
289309,1.335208777,103.8050127
276907,1.316337812,103.7806064
128188,1.308965162,103.7642067
139104,1.306785797,103.7743395
688338,1.391223611,103.750537
269186,1.32414477,103.7998253
637165,1.316773161,103.633893
288459,1.326371651,103.810675
679939,1.38002223,103.7726474
588901,1.340442603,103.7799725
589210,1.341970142,103.7848977
289417,1.333885049,103.807029
119376,1.278551355,103.790011
679690,1.37301346,103.7702489
728684,1.408402846,103.7444424
598324,1.334775991,103.7797247
277487,1.317794649,103.7874868
618487,1.339486641,103.7185855
648657,1.352525551,103.6981219
278865,1.313620076,103.7826109
119099,1.280128157,103.7869095
678087,1.360618672,103.7674821
597153,1.327902204,103.7659589
278012,1.311032254,103.7967547
589186,1.342843238,103.7861481
588591,1.33536599,103.7886241
119916,1.28309986,103.7842924
588672,1.335139431,103.7876514
288035,1.348536255,103.79108
128751,1.308391843,103.7642209
689044,1.37704122,103.7449953
288610,1.332412613,103.8027679
619024,1.328439283,103.7126779
279128,1.311384523,103.7850954
638271,1.338246151,103.6921962
269269,1.319764793,103.7952529
287646,1.328173707,103.8073515
596152,1.344043373,103.7695439
681625,1.398409465,103.7467372
597768,1.343317259,103.7723353
598306,1.333918267,103.7787917
268525,1.322702545,103.7955263
739928,1.414308431,103.7585616
268117,1.32034136,103.8072079
628289,1.266811509,103.7224978
277015,1.316211503,103.785737
277014,1.316131012,103.7857673
681809,1.375209773,103.7450182
628591,1.326949414,103.7020559
637890,1.29827099,103.6321478
648442,1.353235079,103.6977079
628133,1.30264092,103.6890777
678152,1.373567313,103.7630979
597869,1.343307335,103.7716634
608573,1.304290918,103.7295788
638216,1.338598003,103.6899199
597490,1.328445912,103.7677147
629832,1.333973503,103.7040844
276544,1.327211786,103.7932459
276543,1.326859177,103.7925757
648495,1.352957407,103.7001221
627845,1.332868051,103.6948353
636823,1.317834517,103.6312799
589785,1.34402292,103.7871912
277526,1.319781639,103.7873699
629054,1.324577614,103.67159
628733,1.331439617,103.6957768
738040,1.416591798,103.7570825
118382,1.225817922,103.7684213
648522,1.352947112,103.6995445
729360,1.42271655,103.7496811
608599,1.337018791,103.7516214
628821,1.331057361,103.6959981
118713,1.290477113,103.7727673
287450,1.330875993,103.8082598
276162,1.326302894,103.7838383
138832,1.294318181,103.7983098
138830,1.294048214,103.7985451
289705,1.33417361,103.8036413
149150,1.291317148,103.8065829
589118,1.33881101,103.7853482
598469,1.343436077,103.7680549
648284,1.351522345,103.6973723
128155,1.308324731,103.7632042
269131,1.323896937,103.8030015
118941,1.291692733,103.7717188
279393,1.322714136,103.7876696
597499,1.32872615,103.7683746
597156,1.32844017,103.7654737
599523,1.323730989,103.7736298
677746,1.372847043,103.7726831
117512,1.286001771,103.7824026
597106,1.325110387,103.7655441
637213,1.316339571,103.6342343
637214,1.316308579,103.6343183
277417,1.320046325,103.7888353
588784,1.336188575,103.7884469
119098,1.279803177,103.7871192
269189,1.323664803,103.7999851
279490,1.323773609,103.7866813
637735,1.300863462,103.6279181
278655,1.324462059,103.7853472
127822,1.314740818,103.7558972
599154,1.334283126,103.7666234
278553,1.312157359,103.8016222
648270,1.351600051,103.6980283
668296,1.377263829,103.7589625
117663,1.280449778,103.789707
739927,1.414397092,103.7583884
618436,1.340426474,103.7180172
120461,1.311099155,103.7663995
678878,1.371973358,103.7644935
688464,1.391499132,103.7498341
689050,1.378684933,103.7472589
619830,1.332345473,103.7129801
278309,1.314554849,103.7791626
268675,1.330498271,103.7965776
589888,1.342447339,103.7881426
118456,1.28047245,103.7932264
627725,1.311204312,103.6772309
266701,1.319887976,103.8009996
637099,1.274691588,103.6322203
650625,1.351381128,103.7485853
650103,1.348223682,103.7480345
729926,1.405821555,103.7574801
648364,1.350532478,103.6969093
600401,1.320354843,103.7503004
277391,1.319099913,103.7881707
650226,1.348733378,103.7531743
288598,1.335046399,103.8023579
269818,1.321901025,103.7995345
628965,1.32537818,103.6764756
590016,1.339408681,103.7726057
639584,1.332801969,103.6373516
648283,1.351619299,103.69728
289555,1.335283805,103.8007721
641712,1.342589161,103.6969312
640493,1.34896996,103.7249384
267406,1.325051338,103.7939088
288450,1.327715642,103.8104295
739639,1.415448464,103.7595649
268088,1.320874024,103.8090822
599535,1.323651896,103.7738066
139404,1.301814967,103.7883126
267634,1.326038043,103.7971433
267426,1.323959377,103.7983727
618295,1.303193028,103.717758
679568,1.371107433,103.7660909
681559,1.39616931,103.7442761
118494,1.271028377,103.7971685
268473,1.321196582,103.7917581
678610,1.367435239,103.7693276
128046,1.296844189,103.7650955
267617,1.326752799,103.7984987
268465,1.321421465,103.7917427
266802,1.317572519,103.7885329
600047,1.320126278,103.7398885
275982,1.330140071,103.7874789
638002,1.339173335,103.6901101
638011,1.338781538,103.6896121
279946,1.330925027,103.7858043
600415,1.320765433,103.7482586
598511,1.345039389,103.766209
628978,1.325341329,103.6732107
117725,1.282752544,103.7971781
649816,1.344777101,103.7170055
668617,1.360361385,103.7621594
266523,1.321243302,103.8014279
609780,1.342051556,103.7343347
268369,1.321958194,103.7936168
266813,1.319685183,103.7896749
609936,1.32346378,103.7497372
629792,1.3316082,103.703249
638019,1.304326654,103.6298728
629121,1.306103948,103.6967724
648575,1.351593592,103.699281
119408,1.274841436,103.7947212
688545,1.39112335,103.7519506
126861,1.308308853,103.7651671
119954,1.277924597,103.8022644
286870,1.337517199,103.8055361
637209,1.316471111,103.6338769
277079,1.31636674,103.7815388
279093,1.312420717,103.7837245
588004,1.341030666,103.7834616
127893,1.312368144,103.7560648
276676,1.324273864,103.7930203
279184,1.312528881,103.7841169
608969,1.304377653,103.7391752
118176,1.283484597,103.7886007
601312,1.346711527,103.7320649
119382,1.278361523,103.7896574
277373,1.317995485,103.7871412
597849,1.342711233,103.7724798
718839,1.439833019,103.7134302
698947,1.385189288,103.7231769
648499,1.353019005,103.7000313
638895,1.321954424,103.6421115
278794,1.317868698,103.7836855
599279,1.333357889,103.7678402
627858,1.272936979,103.7163786
678780,1.358148701,103.7681825
596715,1.339520826,103.768855
269212,1.323731778,103.8097045
269410,1.32296817,103.8102609
588040,1.33782023,103.7834621
737659,1.430778184,103.7551045
588614,1.338125794,103.7887743
642698,1.340651295,103.7075062
118415,1.29261490716645,103.778508586001
669117,1.359333557,103.7574055
279727,1.326019853,103.7827693
599301,1.333954054,103.7690555
610066,1.332059531,103.7229185
269243,1.316370521,103.7914929
648849,1.351092812,103.7003397
648965,1.338418065,103.6937689
267051,1.315332207,103.7916763
587800,1.339543625,103.7890805
269270,1.320204036,103.7945118
599199,1.336394861,103.7708005
128612,1.308903917,103.7625162
649487,1.349080754,103.7028813
683683,1.404678619,103.7463149
610155,1.327671738,103.7224075
668785,1.359597352,103.7614534
128136,1.308162027,103.7626213
276275,1.313183194,103.7799752
289819,1.335069409,103.7895075
668804,1.359966565,103.760911
269835,1.321572746,103.8002685
128712,1.307385793,103.7634174
269178,1.323981267,103.8001189
286717,1.328957986,103.8051628
286718,1.328987157,103.8051186
639108,1.323902576,103.6438023
279543,1.322451567,103.7852319
637961,1.336659231,103.6917916
286641,1.328396677,103.8090163
648147,1.352328626,103.6965346
619030,1.328043044,103.7109991
637632,1.29997542,103.6275375
275914,1.326879264,103.7910237
118854,1.282985689,103.7856633
278173,1.310122559,103.7984457
679574,1.37127798,103.7659808
279122,1.312466227,103.7851792
627612,1.277620055,103.6698032
117778,1.284311044,103.7949652
141171,1.290000893,103.8037317
129271,1.319288301,103.7575269
276879,1.313834665,103.7855228
608919,1.323154444,103.7438179
277954,1.317211573,103.7869949
128758,1.308226162,103.7645722
598785,1.340302236,103.7661181
120455,1.312119204,103.7666735
120431,1.313774387,103.7625352
688477,1.392208356,103.7499642
589657,1.33312766,103.7869454
588675,1.335606276,103.7875631
688480,1.392032992,103.7504238
628463,1.326760237,103.6952267
628464,1.3274361,103.69545
268300,1.317643022,103.7939966
278219,1.311083813,103.798284
138671,1.303426814,103.7924988
658384,1.369752803,103.7525233
658479,1.371166223,103.7512892
636792,1.270350023,103.6285212
600324,1.348648993,103.729869
637763,1.312906525,103.6318103
598951,1.333381157,103.766628
639381,1.327575572,103.6543715
276655,1.318034736,103.787673
637755,1.313358848,103.6305971
117781,1.285080224,103.7935361
678814,1.359404632,103.7678806
287787,1.333136896,103.7994449
596285,1.335473867,103.7709914
609157,1.318600855,103.7355325
279924,1.321442251,103.7849642
738033,1.416248712,103.7572912
738038,1.416516742,103.7570349
639084,1.322573824,103.6431574
118852,1.282764047,103.7858091
279552,1.322659366,103.7861583
602320,1.348409308,103.7305607
601335,1.349990597,103.7324445
289933,1.332104561,103.8122483
267191,1.3230398,103.7966519
679942,1.382725471,103.7623443
679941,1.38673927,103.7645341
278849,1.315099388,103.7827626
600135,1.333753439,103.7393714
276849,1.315485546,103.7839567
677836,1.371758747,103.7738943
279660,1.328082947,103.7916923
127669,1.317348402,103.7554665
638430,1.335213959,103.6392489
629410,1.312080968,103.6627111
129586,1.319362745,103.7623726
141182,1.295470807,103.8046376
679553,1.371066992,103.7653665
279429,1.324953912,103.7865144
277305,1.317965717,103.7833634
638707,1.317452832,103.6477699
598081,1.336562064,103.7657771
138823,1.293115479,103.7978168
688299,1.390614386,103.7516572
599129,1.334384281,103.7671407
269633,1.312356678,103.8003762
277517,1.320154168,103.7853021
589873,1.340127347,103.7877415
266335,1.324120432,103.7993316
266334,1.324051747,103.7993284
269579,1.322846804,103.8054614
648813,1.352660341,103.70052
679391,1.3723913,103.7712064
266796,1.316507428,103.7896675
599712,1.345216735,103.7716534
588225,1.336217854,103.7855839
619163,1.311430111,103.7093597
636871,1.276083765,103.6322061
680418,1.382373008,103.7413523
640261,1.3455927,103.7078953
640257,1.34582026,103.7082524
589850,1.340047958,103.7871865
266232,1.321436743,103.7929888
267926,1.316681778,103.7976711
287094,1.337830902,103.8052047
679241,1.369262221,103.7687818
120711,1.304844235,103.7611071
287912,1.334274229,103.7992216
289161,1.33475652,103.8057248
637676,1.291752368,103.6242539
639548,1.348422666,103.6854342
678941,1.372307337,103.7665998
288520,1.3253447,103.8102217
729573,1.412586935,103.7448771
269516,1.32313197,103.8035761
648210,1.352403179,103.6979692
597131,1.326806995,103.7657083
669257,1.352605009,103.7569911
287847,1.331758098,103.7995343
266089,1.321221725,103.8021556
638330,1.340277827,103.6914324
288515,1.327699083,103.8109636
118752,1.292351209,103.7693242
669185,1.353743755,103.7597358
279053,1.314654304,103.7830073
117345,1.279270969,103.7850652
118929,1.292292591,103.7714156
599042,1.336380297,103.769274
588737,1.336262205,103.7873319
288863,1.3311423,103.8005794
669382,1.354709676,103.7597193
638490,1.310849026,103.6539513
677673,1.378665878,103.7639584
121455,1.311692666,103.7665216
588400,1.338520548,103.7811156
668802,1.360150156,103.7612431
118833,1.28133673,103.7864906
658828,1.338094804,103.7615828
287302,1.328519851,103.8091227
129159,1.321529406,103.7578101
587979,1.337295185,103.7843152
708966,1.390246947,103.6869926
688322,1.391121731,103.7509926
129041,1.321660478,103.7573421
669483,1.354950504,103.7595767
140007,1.306456477,103.7947656
269363,1.322492859,103.7999301
279382,1.323786796,103.7877856
596213,1.345036646,103.7725191
688210,1.376010454,103.7504747
637502,1.313499925,103.6275594
637501,1.31358873,103.6275921
279127,1.311707218,103.7851096
267677,1.325700625,103.7946036
627697,1.333662086,103.7031873
277410,1.31956704,103.7874544
278277,1.311330125,103.798817
610151,1.32676126,103.7212885
618722,1.332075044,103.724589
618724,1.33248625,103.7243978
719766,1.442351918,103.7164235
679602,1.371604011,103.7669193
637556,1.299345605,103.6265456
589483,1.338782083,103.7799657
628002,1.326214422,103.689369
679855,1.371675416,103.7695493
677682,1.370803494,103.77336
636923,1.345195999,103.6782022
587765,1.346309904,103.7771887
126884,1.307099391,103.7633352
127905,1.315186805,103.7570761
289758,1.345165827,103.7906118
658613,1.370872516,103.7523489
129010,1.320551879,103.7556674
698940,1.377411216,103.7283032
650448,1.352183994,103.7404743
269744,1.329227412,103.8010836
268762,1.329270292,103.8009645
629386,1.315249071,103.6625866
680019,1.379394294,103.7529494
680120,1.378841849,103.7503406
680009,1.380035012,103.7541455
646517,1.344676991,103.7197705
278791,1.317961058,103.7837434
279437,1.325023422,103.786922
658787,1.340533852,103.7608782
267195,1.323044937,103.7964808
589654,1.333589819,103.7865978
639412,1.321848669,103.6544802
638771,1.314721709,103.6548084
599681,1.343143406,103.7706282
266820,1.320423756,103.7909387
629476,1.317239185,103.6684929
609476,1.348438597,103.7331566
651436,1.359128832,103.7399783
128253,1.310236473,103.7549029
268994,1.324394405,103.8065555
628504,1.30972389,103.674076
130027,1.305422783,103.7813204
599886,1.335848444,103.7722983
648409,1.353041423,103.698354
597042,1.343564256,103.7742175
276276,1.312884682,103.7800407
737956,1.416509263,103.755533
596400,1.345315163,103.7714076
277075,1.316226869,103.7816663
276633,1.318979582,103.7883281
128275,1.308541438,103.7568672
688349,1.390927596,103.7502672
268429,1.321729729,103.7914439
266450,1.320283212,103.8064942
278010,1.31099707,103.7968648
269748,1.329825447,103.7994699
278668,1.33005816,103.7872776
639509,1.328923588,103.6526668
629966,1.26755395573054,103.725908429614
678016,1.397707982,103.7536534
266291,1.320917649,103.7914566
269438,1.321906162,103.8091877
118652,1.288223539,103.7779921
688422,1.39024214,103.7507423
142093,1.29499227,103.8117965
286860,1.336706845,103.8061582
279909,1.319393713,103.785414
276186,1.312079094,103.7827888
266937,1.322163541,103.807616
266771,1.318500289,103.8071411
128308,1.311150152,103.7545099
689027,1.37749348,103.7453584
267454,1.324053016,103.795501
267217,1.324156578,103.7968011
269117,1.324134281,103.804262
289624,1.330659072,103.7999139
608576,1.334578239,103.7577103
139469,1.304719132,103.7765849
128396,1.312719904,103.7532271
129463,1.319107935,103.757319
669388,1.354691494,103.7595319
596603,1.337171507,103.7653547
598222,1.33585465,103.7727058
279539,1.322429321,103.7847961
117641,1.279257378,103.7893743
129129,1.32014281,103.7595203
589966,1.336619086,103.7859624
638440,1.333643121,103.640275
638364,1.332596499,103.6839409
688534,1.391382024,103.7523595
126850,1.307960124,103.7646836
121459,1.311592684,103.7672321
267897,1.316433868,103.7981685
118041,1.279092139,103.7913479
739916,1.417211586,103.7604978
739932,1.417256072,103.760536
267913,1.317928137,103.7969924
637179,1.316008686,103.6336155
637180,1.315978106,103.6336987
669489,1.35495075,103.7597613
597371,1.327327059,103.7686599
127153,1.309691823,103.7618922
639521,1.33278565,103.6464158
129381,1.319851862,103.7591794
127746,1.31266999,103.7583556
598534,1.343457044,103.7665897
599236,1.334732502,103.7693687
598054,1.335321392,103.7676184
288953,1.331001865,103.807645
268910,1.321785686,103.8107542
688462,1.391390576,103.7498334
276327,1.315441041,103.7886676
596495,1.337360201,103.770707
277170,1.316399187,103.780976
589114,1.338604257,103.7854011
127525,1.316180407,103.75481
677711,1.370981818,103.7734966
610153,1.32748328,103.7210438
599405,1.335615226,103.7685505
598488,1.344675287,103.7670968
679563,1.371351675,103.7651933
287547,1.330222818,103.8098823
669492,1.355313454,103.7598913
596129,1.339126816,103.7706028
599799,1.334691894,103.771485
637225,1.317083638,103.6355995
143062,1.294460576,103.810979
118731,1.291045219,103.7710488
658523,1.372478917,103.7526089
688580,1.391677157,103.7510848
639093,1.326536291,103.6409759
129478,1.318619339,103.7572777
128638,1.308708807,103.762294
668290,1.377079365,103.7586577
678928,1.3725371,103.7661433
268415,1.321279367,103.7913217
681504,1.38893872,103.7423036
637985,1.3399289,103.6910691
597399,1.326474334,103.7679661
269487,1.321696168,103.8044683
287801,1.333605854,103.8000702
658233,1.368422683,103.7526617
658006,1.368433333,103.7529346
289270,1.33340533,103.8053463
127250,1.315256507,103.7576709
669687,1.377996326,103.7598977
628430,1.303798167,103.6553161
138838,1.293056523,103.7979083
637449,1.332019563,103.6358042
591101,1.318256313,103.7748341
638979,1.317961297,103.6429169
596550,1.336878808,103.7716047
278441,1.309125672,103.7994365
596291,1.339490241,103.7666415
119353,1.279330324,103.7896725
597746,1.343198243,103.7731066
597135,1.326788511,103.7649922
638955,1.319873047,103.6456784
649489,1.348394259,103.7017825
268474,1.321199448,103.791703
600349,1.34446375,103.7314458
638335,1.335923273,103.6917012
649298,1.348054164,103.7182223
640727,1.345780559,103.6976588
678719,1.368146256,103.7707825
267900,1.31620525,103.7955323
139221,1.306257241,103.7875872
597753,1.342867873,103.7727927
677769,1.373235969,103.7710037
119620,1.291773265,103.7774555
267112,1.326185926,103.7940852
680685,1.4040788,103.7480139
139215,1.30410782,103.7867827
597983,1.343912332,103.7723121
129764,1.293428387,103.7691565
688239,1.377105379,103.750978
279384,1.323589268,103.7877653
677968,1.397316609,103.753662
658622,1.371220702,103.7522021
688681,1.391884049,103.7525674
636926,1.296586667,103.6192977
266296,1.321469589,103.7926277
619392,1.320876359,103.727546
267675,1.325645643,103.7947338
278872,1.313496803,103.781599
596393,1.34541524,103.7724683
276883,1.313607208,103.7856175
268299,1.317508398,103.7942659
638647,1.324274893,103.6577411
669497,1.354951583,103.7600645
119042,1.292667892,103.769287
596533,1.338364531,103.7714216
278222,1.310874703,103.7985319
278389,1.315894205,103.7872891
278107,1.312439499,103.7980092
688240,1.377234991,103.7506832
674443,1.380613815,103.7706451
118010,1.280745751,103.7912229
638243,1.337431662,103.6903071
128692,1.30745094,103.7627744
598790,1.339952351,103.7660798
659958,1.348710811,103.7493345
679453,1.369706393,103.7731948
679888,1.37238061,103.7689317
277474,1.320539503,103.7886866
637212,1.316370902,103.6341492
127772,1.312858135,103.7592266
266086,1.321500082,103.8018691
719871,1.425936014,103.7206172
596228,1.329493327,103.757422
729031,1.418958735,103.7498162
149955,1.291627347,103.805958
637336,1.319246682,103.6377157
266486,1.317610553,103.8040288
287602,1.331952144,103.8094392
638613,1.328705252,103.6426638
268571,1.323259334,103.7938538
648609,1.354322986,103.6979886
638680,1.32306284,103.6591214
276251,1.313299387,103.7807489
268452,1.321837638,103.791019
139456,1.306975196,103.7755
139956,1.293499757,103.7885231
119631,1.291323107,103.7727803
600048,1.320497729,103.7399677
289204,1.331251815,103.8070225
279139,1.312651465,103.7852786
680428,1.381239533,103.739993
638224,1.338158904,103.6902866
127451,1.294641451,103.7683937
279125,1.311432268,103.7849858
277221,1.319218845,103.781626
268179,1.31954088,103.8073318
119636,1.291196712,103.7730884
668184,1.37631213,103.7570336
128400,1.312570544,103.7530249
669172,1.354103967,103.7594137
268670,1.327218953,103.7959395
289290,1.334607028,103.8053277
610138,1.327924986,103.7233393
688800,1.380649843,103.7536108
679389,1.372916804,103.7705038
288247,1.334759185,103.8030318
589552,1.339597977,103.784229
288527,1.325127987,103.8122208
638043,1.307285002,103.6309665
128529,1.305688174,103.7648874
118112,1.279335655,103.7906673
279751,1.323550498,103.7839621
668494,1.360524452,103.7611864
668717,1.359011484,103.758322
668903,1.359483927,103.7598004
139581,1.307680693,103.7761981
139578,1.307505195,103.7765672
276211,1.313240016,103.78213
269809,1.321097405,103.7977828
269533,1.322822715,103.8011189
286698,1.328853938,103.8050951
599077,1.333953375,103.7681882
269985,1.32260208,103.7942288
268519,1.322934968,103.7957142
266986,1.322598854,103.8081727
276694,1.317166024,103.7790204
117828,1.27724133,103.7903801
638780,1.317981729,103.6500532
629666,1.315418796,103.6693022
286657,1.328613729,103.8048158
269029,1.323624135,103.806909
627765,1.26119684,103.674731
639602,1.333188447,103.6355533
287170,1.330785036,103.8093194
652622,1.350569251,103.7483004
276934,1.316265467,103.7795464
289442,1.335327808,103.8068097
127215,1.314684765,103.7567558
128183,1.30857593,103.7640465
276230,1.312776997,103.7816613
648697,1.351877421,103.6990458
